player_name,player_id,league,season,team_id,role_group,minutes,age,xg_p90,non_penalty_xg_p90,goals_p90,shots_p90,shots_on_target_p90,big_chances_p90,xa_p90,assists_p90,key_passes_p90,chances_created_p90,touches_in_box_p90,penalty_area_entries_p90,progressive_passes_p90,dribbles_p90,crosses_completed_p90,tackles_won_p90,interceptions_p90,blocks_p90,clearances_p90,headers_won_p90,aerial_duels_won_p90,pressures_p90,successful_pressures_p90,possession_won_p90,possession_lost_p90,saves_p90,save_pct,xg_prevented_p90,corners,crossing,dribbling,finishing,first_touch,free_kick_taking,heading,long_shots,long_throws,marking,passing,penalty_taking,tackling,technique,aggression,anticipation,bravery,composure,concentration,decisions,determination,flair,leadership,off_the_ball,positioning,teamwork,vision,work_rate,acceleration,agility,balance,jumping_reach,natural_fitness,pace,stamina,strength,aerial_reach,command_of_area,communication,eccentricity,handling,kicking,one_on_ones,reflexes,rushing_out,punching_tendency,throwing,market_value,asking_price,wage,contract_months,owned
Club A GK 1,ClubA-GK-1,Example League,2026/27,Club A,GK,2585,23,0,0,0.05,0,0,0,0.005,0.004,0.02,0.02,0,0,2.1,0,0,0,0,0,0,0,0,0,0,0,0,2.293,84,0.5,18.7,17.6,18.3,18.3,18,18,18.7,19,18,18.7,18.7,18.3,17.6,18.3,19,20,18.7,18.3,20,20,17.6,19,19,18.7,18,17.6,18,18.3,18.7,18.7,18.7,17.6,19,18.3,18.7,17.6,20,20,20,20,20,20,20,20,20,20,20,19668182,21241637,43014,12,True
Club A GK 2,ClubA-GK-2,Example League,2026/27,Club A,GK,958,26,0,0,0.046,0,0,0,0.005,0.004,0.02,0.02,0,0,2.1,0,0,0,0,0,0,0,0,0,0,0,0,2.348,84,0.5,18.2,17.1,17.8,17.8,17.5,17.5,18.2,18.5,17.5,18.2,18.2,17.8,17.1,17.8,18.5,20,18.2,17.8,20,20,17.1,18.5,18.5,18.2,17.5,17.1,17.5,17.8,18.2,18.2,18.2,17.1,18.5,17.8,18.2,17.1,20,20,20,20,20,20,20,20,20,20,20,16256326,17556832,39980,18,True
Club A DC 1,ClubA-DC-1,Example League,2026/27,Club A,DC,2602,24,0.035,0.033,0.097,0.3,0.138,0.032,0.05,0.043,0.15,0.15,0.25,0.2,3.7,0.05,0.03,2.25,2.05,1.52,3.4,2.45,2.5,8.6,5.676,2.1,-0.009,0,0,0,20,20,19.4,19.4,20,20,20,20,20,20,20,20,20,20,20,20,20,20,20,20,20,18.3,20,20,20,20,20,20,20,20,20,20,20,20,20,20,20,20,20,20,20,20,20,20,20,20,20,26251150,29007521,45438,18,True
Club A DC 2,ClubA-DC-2,Example League,2026/27,Club A,DC,969,27,0.035,0.033,0.095,0.3,0.138,0.032,0.05,0.043,0.15,0.15,0.25,0.2,3.7,0.05,0.03,2.25,2.05,1.52,3.4,2.45,2.5,8.6,5.676,2.1,0.008,0,0,0,20,20,18.9,18.9,20,20,20,20,20,20,20,20,20,20,20,20,20,20,20,20,20,17.8,20,20,20,20,20,20,20,20,20,20,20,20,20,20,20,20,20,20,20,20,20,20,20,20,20,21900600,24200163,42325,24,True
Club A DL 1,ClubA-DL-1,Example League,2026/27,Club A,DL,2619,25,0.015,0.014,0.079,0.35,0.161,0.014,0.16,0.136,0.98,0.98,0.6,1.1,5,1.15,2.1,1.75,1.45,0.82,2.2,1.35,1.5,8.6,5.676,2.1,-0.03,0,0,0,20,20,20,20,20,20,20,20,20,20,20,20,20,20,20,20,20,20,20,20,20,20,20,20,20,20,20,20,20,20,20,20,20,20,20,20,20,20,20,20,20,20,20,20,20,20,20,25161588,28432594,44722,24,True
Club A DL 2,ClubA-DL-2,Example League,2026/27,Club A,DL,980,28,0.015,0.014,0.079,0.35,0.161,0.014,0.16,0.136,0.98,0.98,0.6,1.1,5,1.15,2.1,1.75,1.45,0.82,2.2,1.35,1.5,8.6,5.676,2.1,-0.03,0,0,0,20,20,20,20,20,20,20,20,20,20,20,20,20,20,20,20,20,20,20,20,20,20,20,20,20,20,20,20,20,20,20,20,20,20,20,20,20,20,20,20,20,20,20,20,20,20,20,21114288,23859145,41635,30,True
Club A DR 1,ClubA-DR-1,Example League,2026/27,Club A,DR,2636,26,0.015,0.014,0.079,0.35,0.161,0.014,0.16,0.136,0.98,0.98,0.6,1.1,5,1.15,2.1,1.75,1.45,0.82,2.2,1.35,1.5,8.6,5.676,2.1,-0.03,0,0,0,20,20,20,20,20,20,20,20,20,20,20,20,20,20,20,20,20,20,20,20,20,20,20,20,20,20,20,20,20,20,20,20,20,20,20,20,20,20,20,20,20,20,20,20,20,20,20,24086400,27819792,44007,30,True
Club A DR 2,ClubA-DR-2,Example League,2026/27,Club A,DR,991,29,0.015,0.014,0.079,0.35,0.161,0.014,0.16,0.136,0.98,0.98,0.6,1.1,5,1.15,2.1,1.75,1.45,0.82,2.2,1.35,1.5,8.6,5.676,2.1,-0.03,0,0,0,20,20,20,20,20,20,20,20,20,20,20,20,20,20,20,20,20,20,20,20,20,20,20,20,20,20,20,20,20,20,20,20,20,20,20,20,20,20,20,20,20,20,20,20,20,20,20,20342350,23495414,40945,36,True
Club A DM 1,ClubA-DM-1,Example League,2026/27,Club A,DM,2653,27,0.086,0.081,0.15,0.708,0.326,0.077,0.16,0.136,1.18,1.18,0.7,0.8,6.1,0.8,0.15,2.25,1.45,0.82,2.2,1.35,1.5,8.6,5.676,2.1,-0.03,0,0,0,20,20,20,20,20,20,20,20,20,20,20,20,20,20,20,20,20,20,20,20,20,20,20,20,20,20,20,20,20,20,20,20,20,20,20,20,20,20,20,20,20,20,20,20,20,20,20,23025588,27170194,43294,36,True
Club A DM 2,ClubA-DM-2,Example League,2026/27,Club A,DM,1002,30,0.086,0.081,0.15,0.708,0.326,0.077,0.16,0.136,1.18,1.18,0.7,0.8,6.1,0.8,0.15,2.25,1.45,0.82,2.2,1.35,1.5,8.6,5.676,2.1,-0.03,0,0,0,20,20,20,20,20,20,20,20,20,20,20,20,20,20,20,20,20,20,20,20,20,20,20,20,20,20,20,20,20,20,20,20,20,20,20,20,20,20,20,20,20,20,20,20,20,20,20,19584788,23110050,40257,12,True
Club A MC 1,ClubA-MC-1,Example League,2026/27,Club A,MC,2670,28,0.086,0.081,0.15,0.708,0.326,0.077,0.16,0.136,1.18,1.18,0.7,0.8,6.1,0.8,0.15,2.25,1.45,0.82,2.2,1.35,1.5,8.6,5.676,2.1,-0.03,0,0,0,20,20,20,20,20,20,20,20,20,20,20,20,20,20,20,20,20,20,20,20,20,20,20,20,20,20,20,20,20,20,20,20,20,20,20,20,20,20,20,20,20,20,20,20,20,20,20,25531150,27573642,45378,12,True
Club A MC 2,ClubA-MC-2,Example League,2026/27,Club A,MC,1013,31,0.086,0.081,0.15,0.708,0.326,0.077,0.16,0.136,1.18,1.18,0.7,0.8,6.1,0.8,0.15,2.25,1.45,0.82,2.2,1.35,1.5,8.6,5.676,2.1,-0.03,0,0,0,20,20,20,20,20,20,20,20,20,20,20,20,20,20,20,20,20,20,20,20,20,20,20,20,20,20,20,20,20,20,20,20,20,20,20,20,20,20,20,20,20,20,20,20,20,20,20,21900600,23652648,42325,18,True
Club A AML 1,ClubA-AML-1,Example League,2026/27,Club A,AML,2687,29,0.374,0.352,0.438,2.122,0.976,0.337,0.326,0.277,1.843,1.843,5.118,4.07,4.2,2.1,1.5,1.731,1.45,0.81,2.155,1.35,1.5,9.8,6.468,2.078,-0.03,0,0,0,20,20,20,20,20,20,19.1,20,20,19.1,20,20,19.8,20,20,20,20,20,20,20,20,20,20,20,20,20,20,20,20,20,20,20,20,20,20,20,20,20,20,20,20,20,20,20,20,20,20,24681588,27273155,44682,18,True
Club A AML 2,ClubA-AML-2,Example League,2026/27,Club A,AML,1024,20,0.374,0.352,0.438,2.122,0.976,0.337,0.326,0.277,1.843,1.843,5.118,4.07,4.2,2.1,1.5,1.713,1.45,0.802,2.13,1.35,1.5,9.8,6.468,2.058,-0.03,0,0,0,20,20,20,20,20,20,18.6,20,20,18.6,20,20,19.3,20,20,20,20,20,20,20,20,20,20,20,20,20,20,20,20,20,20,20,20,20,20,20,20,20,20,20,20,20,20,20,20,20,20,22794288,25187688,41775,24,True
Club A AMC 1,ClubA-AMC-1,Example League,2026/27,Club A,AMC,2704,30,0.374,0.352,0.438,2.122,0.976,0.337,0.326,0.277,1.843,1.843,5.118,4.07,4.2,2.1,1.5,1.724,1.45,0.807,2.145,1.35,1.5,9.8,6.468,2.07,-0.03,0,0,0,20,20,20,20,20,20,18.9,20,20,18.9,20,20,19.6,20,20,20,20,20,20,20,20,20,20,20,20,20,20,20,20,20,20,20,20,20,20,20,20,20,20,20,20,20,20,20,20,20,20,23846400,26946432,43987,24,True
Club A AMC 2,ClubA-AMC-2,Example League,2026/27,Club A,AMC,1035,21,0.374,0.352,0.438,2.122,0.976,0.337,0.326,0.277,1.843,1.843,5.118,4.07,4.2,2.1,1.5,1.706,1.45,0.798,2.12,1.35,1.5,9.8,6.468,2.05,-0.03,0,0,0,20,20,20,20,20,20,18.4,20,20,18.4,20,20,19.1,20,20,20,20,20,20,20,20,20,20,20,20,20,20,20,20,20,20,20,20,20,20,20,20,20,20,20,20,20,20,20,20,20,20,21782350,24614056,41065,30,True
Club A AMR 1,ClubA-AMR-1,Example League,2026/27,Club A,AMR,2721,31,0.374,0.352,0.438,2.122,0.976,0.337,0.326,0.277,1.843,1.843,5.118,4.07,4.2,2.1,1.5,1.713,1.45,0.802,2.13,1.35,1.5,9.8,6.468,2.058,-0.03,0,0,0,20,20,20,20,20,20,18.6,20,20,18.6,20,20,19.3,20,20,20,20,20,20,20,20,20,20,20,20,20,20,20,20,20,20,20,20,20,20,20,20,20,20,20,20,20,20,20,20,20,20,23025588,26594554,43294,30,True
Club A AMR 2,ClubA-AMR-2,Example League,2026/27,Club A,AMR,1046,22,0.374,0.352,0.438,2.122,0.976,0.337,0.326,0.277,1.843,1.843,5.118,4.07,4.2,2.1,1.5,1.696,1.45,0.793,2.105,1.35,1.5,9.8,6.468,2.038,-0.03,0,0,0,20,20,20,20,20,20,18.1,20,20,18.1,20,20,18.8,20,20,20,20,20,20,20,20,20,20,20,20,20,20,20,20,20,20,20,20,20,20,20,20,20,20,20,20,20,20,20,20,20,20,20784788,24006430,40357,36,True
Club A ST 1,ClubA-ST-1,Example League,2026/27,Club A,ST,2738,20,0.54,0.508,0.604,3.128,1.439,0.486,0.162,0.138,0.986,0.986,7.32,4.5,0.6,1.4,0.1,1.705,1.42,0.797,2.185,1.35,1.5,9.8,6.468,2.048,-0.03,0,0,0,20,20,20,20,20,20,20,20,20,19.7,20,20,18.7,20,20,20,20,20,20,20,20,20,20,20,19,20,20,20,20,20,20,20,20,20,20,20,20,20,20,20,20,20,20,20,20,20,20,32109157,37888805,45926,36,True
Club A ST 2,ClubA-ST-2,Example League,2026/27,Club A,ST,1057,23,0.54,0.508,0.604,3.128,1.439,0.486,0.162,0.138,0.986,0.986,7.32,4.5,0.6,1.4,0.1,1.678,1.405,0.784,2.16,1.35,1.5,9.8,6.468,2.018,-0.03,0,0,0,20,20,20,20,20,20,20,20,20,19.2,20,20,18.2,20,20,20,20,20,20,20,20,20,20,20,18.5,20,20,20,20,20,20,20,20,20,20,20,20,20,20,20,20,20,20,20,20,20,20,26975508,31831099,42748,12,True
Club B GK 1,ClubB-GK-1,Example League,2026/27,Club B,GK,2550,24,0,0,0.049,0,0,0,0.005,0.004,0.02,0.02,0,0,2.1,0,0,0,0,0,0,0,0,0,0,0,0,2.308,84,0.5,18.4,17.4,18.1,18.1,17.7,17.7,18.4,18.8,17.7,18.4,18.4,18.1,17.4,18.1,18.8,20,18.4,18.1,20,20,17.4,18.8,18.8,18.4,17.7,17.4,17.7,18.1,18.4,18.4,18.4,17.4,18.8,18.1,18.4,17.4,20,20,20,20,20,20,20,20,20,20,20,18679262,20640585,42182,18,False
Club B GK 2,ClubB-GK-2,Example League,2026/27,Club B,GK,930,27,0,0,0.045,0,0,0,0.005,0.004,0.02,0.02,0,0,2.1,0,0,0,0,0,0,0,0,0,0,0,0,2.363,84,0.5,17.9,16.9,17.6,17.6,17.2,17.2,17.9,18.3,17.2,17.9,17.9,17.6,16.9,17.6,18.3,20,17.9,17.6,20,20,16.9,18.3,18.3,17.9,17.2,16.9,17.2,17.6,17.9,17.9,17.9,16.9,18.3,17.6,17.9,16.9,20,20,20,20,20,20,20,20,20,20,20,15329644,16939257,39152,24,False
Club B DC 1,ClubB-DC-1,Example League,2026/27,Club B,DC,2567,25,0.035,0.033,0.092,0.3,0.138,0.032,0.05,0.043,0.15,0.15,0.25,0.2,3.7,0.05,0.03,2.25,2.05,1.52,3.4,2.45,2.5,8.6,5.676,2.1,0.033,0,0,0,20,20,18.2,18.2,20,20,20,20,20,20,20,20,20,20,20,20,20,20,20,20,20,17.1,20,20,20,20,20,20,20,20,20,20,20,20,20,20,20,20,20,20,20,20,20,20,20,20,20,21750400,24577952,41813,24,False
Club B DC 2,ClubB-DC-2,Example League,2026/27,Club B,DC,941,28,0.035,0.033,0.09,0.3,0.137,0.032,0.05,0.043,0.15,0.15,0.25,0.2,3.7,0.05,0.03,2.25,2.05,1.52,3.4,2.45,2.5,8.6,5.676,2.1,0.05,0,0,0,20,20,17.7,17.7,20,20,20,19.7,20,20,20,20,20,20,19.7,20,20,20,20,20,20,16.7,19.7,20,20,20,20,20,20,20,20,20,19.7,20,20,20,20,19.7,20,20,20,20,20,20,20,20,20,17968750,20304688,38747,30,False
Club B DL 1,ClubB-DL-1,Example League,2026/27,Club B,DL,2584,26,0.015,0.014,0.079,0.35,0.161,0.014,0.16,0.136,0.98,0.98,0.6,1.1,5,1.15,2.1,1.75,1.45,0.82,2.2,1.35,1.5,8.6,5.676,2.1,-0.03,0,0,0,20,20,20,20,20,20,20,20,20,20,20,20,20,20,20,20,20,20,20,20,20,20,20,20,20,20,20,20,20,20,20,20,20,20,20,20,20,20,20,20,20,20,20,20,20,20,20,23921088,27628857,43868,30,False
Club B DL 2,ClubB-DL-2,Example League,2026/27,Club B,DL,952,29,0.015,0.014,0.079,0.35,0.161,0.014,0.16,0.136,0.98,0.98,0.6,1.1,5,1.15,2.1,1.75,1.45,0.82,2.2,1.35,1.5,8.6,5.676,2.1,-0.03,0,0,0,20,20,20,20,20,20,20,20,20,20,20,20,20,20,20,20,20,20,20,20,20,20,20,20,20,20,20,20,20,20,20,20,20,20,20,20,20,20,20,20,20,20,20,20,20,20,20,20189688,23319090,40807,36,False
Club B DR 1,ClubB-DR-1,Example League,2026/27,Club B,DR,2601,27,0.015,0.014,0.079,0.35,0.161,0.014,0.16,0.136,0.98,0.98,0.6,1.1,5,1.15,2.1,1.75,1.45,0.82,2.2,1.35,1.5,8.6,5.676,2.1,-0.03,0,0,0,20,20,20,20,20,20,20,20,20,20,20,20,20,20,20,20,20,20,20,20,20,20,20,20,20,20,20,20,20,20,20,20,20,20,20,20,20,20,20,20,20,20,20,20,20,20,20,22863150,26978517,43155,36,False
Club B DR 2,ClubB-DR-2,Example League,2026/27,Club B,DR,963,30,0.015,0.014,0.079,0.35,0.161,0.014,0.16,0.136,0.98,0.98,0.6,1.1,5,1.15,2.1,1.75,1.45,0.82,2.2,1.35,1.5,8.6,5.676,2.1,-0.03,0,0,0,20,20,20,20,20,20,20,20,20,20,20,20,20,20,20,20,20,20,20,20,20,20,20,20,20,20,20,20,20,20,20,20,20,20,20,20,20,20,20,20,20,20,20,20,20,20,20,19435000,22933300,40120,12,False
Club B DM 1,ClubB-DM-1,Example League,2026/27,Club B,DM,2618,28,0.086,0.081,0.15,0.708,0.326,0.077,0.16,0.136,1.18,1.18,0.7,0.8,6.1,0.8,0.15,2.25,1.45,0.82,2.2,1.35,1.5,8.6,5.676,2.1,-0.03,0,0,0,20,20,20,20,20,20,20,20,20,20,20,20,20,20,20,20,20,20,20,20,20,20,20,20,20,20,20,20,20,20,20,20,20,20,20,20,20,20,20,20,20,20,20,20,20,20,20,22059588,23824355,42463,12,False
Club B DM 2,ClubB-DM-2,Example League,2026/27,Club B,DM,974,31,0.086,0.081,0.15,0.708,0.326,0.077,0.16,0.136,1.18,1.18,0.7,0.8,6.1,0.8,0.15,2.25,1.45,0.82,2.2,1.35,1.5,8.6,5.676,2.1,-0.03,0,0,0,20,20,20,20,20,20,20,19.9,20,20,20,20,20,20,19.9,20,20,20,20,20,20,19.9,19.9,20,20,20,20,20,20,20,20,20,19.9,20,20,20,20,19.9,20,20,20,20,20,20,20,20,20,18694688,20190263,39433,18,False
Club B MC 1,ClubB-MC-1,Example League,2026/27,Club B,MC,2635,29,0.086,0.081,0.15,0.708,0.326,0.077,0.16,0.136,1.18,1.18,0.7,0.8,6.1,0.8,0.15,2.25,1.45,0.82,2.2,1.35,1.5,8.6,5.676,2.1,-0.03,0,0,0,20,20,20,20,20,20,20,20,20,20,20,20,20,20,20,20,20,20,20,20,20,20,20,20,20,20,20,20,20,20,20,20,20,20,20,20,20,20,20,20,20,20,20,20,20,20,20,21270400,23503792,41773,18,False
Club B MC 2,ClubB-MC-2,Example League,2026/27,Club B,MC,985,20,0.085,0.08,0.147,0.705,0.324,0.077,0.16,0.136,1.18,1.18,0.7,0.8,6.1,0.791,0.15,2.25,1.45,0.82,2.2,1.35,1.5,8.6,5.676,2.1,-0.02,0,0,0,20,20,19.7,19.7,20,20,20,20,20,20,20,19.7,20,20,20,20,20,19.7,20,20,20,20,20,20,20,20,20,20,20,20,20,20,20,19.7,20,20,20,20,20,20,20,20,20,20,20,20,20,19648750,21711869,38887,24,False
Club B AML 1,ClubB-AML-1,Example League,2026/27,Club B,AML,2652,30,0.374,0.352,0.438,2.122,0.976,0.337,0.326,0.277,1.843,1.843,5.118,4.07,4.2,2.1,1.5,1.72,1.45,0.805,2.14,1.35,1.5,9.8,6.468,2.066,-0.03,0,0,0,20,20,20,20,20,20,18.8,20,20,18.8,20,20,19.5,20,20,20,20,20,20,20,20,20,20,20,20,20,20,20,20,20,20,20,20,20,20,20,20,20,20,20,20,20,20,20,20,20,20,23681088,26759629,43848,24,False
Club B AML 2,ClubB-AML-2,Example League,2026/27,Club B,AML,996,21,0.374,0.352,0.438,2.122,0.976,0.337,0.326,0.277,1.843,1.843,5.118,4.07,4.2,2.1,1.5,1.703,1.45,0.796,2.115,1.35,1.5,9.8,6.468,2.046,-0.03,0,0,0,20,20,20,20,20,20,18.3,20,20,18.3,20,20,19,20,20,20,20,20,20,20,20,20,20,20,20,20,20,20,20,20,20,20,20,20,20,20,20,20,20,20,20,20,20,20,20,20,20,21629688,24441547,40927,30,False
Club B AMC 1,ClubB-AMC-1,Example League,2026/27,Club B,AMC,2669,31,0.374,0.352,0.438,2.122,0.976,0.337,0.326,0.277,1.843,1.843,5.118,4.07,4.2,2.1,1.5,1.713,1.45,0.802,2.13,1.35,1.5,9.8,6.468,2.058,-0.03,0,0,0,20,20,20,20,20,20,18.6,20,20,18.6,20,20,19.3,20,20,20,20,20,20,20,20,20,20,20,20,20,20,20,20,20,20,20,20,20,20,20,20,20,20,20,20,20,20,20,20,20,20,22863150,26406938,43155,30,False
Club B AMC 2,ClubB-AMC-2,Example League,2026/27,Club B,AMC,1007,22,0.374,0.352,0.438,2.122,0.976,0.337,0.326,0.277,1.843,1.843,5.118,4.07,4.2,2.1,1.5,1.696,1.45,0.793,2.105,1.35,1.5,9.8,6.468,2.038,-0.03,0,0,0,20,20,20,20,20,20,18.1,20,20,18.1,20,20,18.8,20,20,20,20,20,20,20,20,20,20,20,20,20,20,20,20,20,20,20,20,20,20,20,20,20,20,20,20,20,20,20,20,20,20,20635000,23833425,40220,36,False
Club B AMR 1,ClubB-AMR-1,Example League,2026/27,Club B,AMR,2686,20,0.374,0.352,0.438,2.122,0.976,0.337,0.326,0.277,1.843,1.843,5.118,4.07,4.2,2.1,1.5,1.706,1.45,0.798,2.12,1.35,1.5,9.8,6.468,2.05,-0.03,0,0,0,20,20,20,20,20,20,18.4,20,20,18.4,20,20,19.1,20,20,20,20,20,20,20,20,20,20,20,20,20,20,20,20,20,20,20,20,20,20,20,20,20,20,20,20,20,20,20,20,20,20,23739588,28012714,42603,36,False
Club B AMR 2,ClubB-AMR-2,Example League,2026/27,Club B,AMR,1018,23,0.374,0.352,0.438,2.122,0.976,0.337,0.326,0.277,1.843,1.843,5.118,4.07,4.2,2.1,1.5,1.687,1.447,0.789,2.095,1.35,1.5,9.8,6.456,2.028,-0.03,0,0,0,19.9,20,20,20,20,20,17.9,20,20,17.9,20,20,18.6,20,20,19.9,19.9,20,20,20,20,20,20,20,20,20,20,20,20,20,19.9,20,20,20,19.9,20,19.9,20,20,19.9,20,19.9,20,20,20,19.9,20,19654688,23192532,39513,12,False
Club B ST 1,ClubB-ST-1,Example League,2026/27,Club B,ST,2703,21,0.54,0.508,0.604,3.128,1.439,0.486,0.162,0.138,0.986,0.986,7.32,4.5,0.6,1.4,0.1,1.642,1.384,0.766,2.125,1.35,1.5,9.8,6.468,1.976,-0.03,0,0,0,20,20,20,20,20,20,20,20,20,18.5,20,20,17.5,20,20,20,20,20,20,20,20,20,20,20,17.8,20,20,20,20,20,20,20,20,20,20,20,20,20,20,20,20,20,20,20,20,20,20,26798272,28942134,42233,12,False
Club B ST 2,ClubB-ST-2,Example League,2026/27,Club B,ST,1029,24,0.54,0.508,0.604,3.128,1.439,0.486,0.162,0.138,0.986,0.986,7.32,4.5,0.6,1.4,0.1,1.619,1.372,0.754,2.105,1.35,1.5,9.8,6.468,1.95,-0.03,0,0,0,20,20,20,20,20,20,20,19.7,20,18.1,20,20,17,20,19.7,20,20,20,20,20,20,19.7,19.7,20,17.4,20,20,20,20,20,20,20,19.7,20,20,20,20,19.7,20,20,20,20,20,20,20,20,20,22052725,23816943,39088,18,False
Club C GK 1,ClubC-GK-1,Example League,2026/27,Club C,GK,2515,25,0,0,0.046,0,0,0,0.005,0.004,0.02,0.02,0,0,2.1,0,0,0,0,0,0,0,0,0,0,0,0,2.323,84,0.5,18.1,17.1,17.8,17.8,17.4,17.4,18.1,18.5,17.4,18.1,18.1,17.8,17.1,17.8,18.5,20,18.1,17.8,20,20,17.1,18.5,18.5,18.1,17.4,17.1,17.4,17.8,18.1,18.1,18.1,17.1,18.5,17.8,18.1,17.1,20,20,20,20,20,20,20,20,20,20,20,17707316,20009267,41351,24,False
Club C GK 2,ClubC-GK-2,Example League,2026/27,Club C,GK,902,28,0,0,0.042,0,0,0,0.005,0.004,0.02,0.02,0,0,2.1,0,0,0,0,0,0,0,0,0,0,0,0,2.378,84,0.5,17.7,16.6,17.3,17.3,17,17,17.7,18,17,17.7,17.7,17.3,16.6,17.3,18,20,17.7,17.3,20,20,16.6,18,18,17.7,17,16.6,17,17.3,17.7,17.7,17.7,16.6,18,17.3,17.7,16.6,20,20,20,20,20,20,20,20,20,20,20,14616736,16516912,38343,30,False
Club C DC 1,ClubC-DC-1,Example League,2026/27,Club C,DC,2532,26,0.035,0.033,0.091,0.3,0.138,0.032,0.05,0.043,0.15,0.15,0.25,0.2,3.7,0.05,0.03,2.25,2.05,1.52,3.4,2.45,2.5,8.6,5.676,2.1,0.043,0,0,0,20,20,17.9,17.9,20,20,20,19.9,20,20,20,20,20,20,19.9,20,20,20,20,20,20,16.9,19.9,20,20,20,20,20,20,20,20,20,19.9,20,20,20,20,19.9,20,20,20,20,20,20,20,20,20,20582350,23772614,40965,30,False
Club C DC 2,ClubC-DC-2,Example League,2026/27,Club C,DC,913,29,0.035,0.033,0.089,0.3,0.136,0.032,0.05,0.043,0.15,0.15,0.25,0.2,3.7,0.05,0.03,2.25,2.05,1.52,3.4,2.45,2.5,8.6,5.676,2.1,0.061,0,0,0,20,19.7,17.4,17.4,20,20,20,19.4,20,20,20,20,20,20,19.4,20,20,20,20,20,19.7,16.4,19.4,20,20,19.7,20,20,20,20,20,20,19.4,20,20,20,20,19.4,19.7,20,19.7,20,20,19.7,20,20,19.7,17116600,19769673,37926,36,False
Club C DL 1,ClubC-DL-1,Example League,2026/27,Club C,DL,2549,27,0.015,0.014,0.079,0.35,0.161,0.014,0.16,0.136,0.98,0.98,0.6,1.1,5,1.15,2.1,1.75,1.45,0.82,2.2,1.35,1.5,8.6,5.676,2.1,-0.03,0,0,0,20,20,20,20,20,20,20,19.6,20,20,20,20,20,20,19.6,20,20,20,20,20,20,19.6,19.6,20,20,20,20,20,20,20,20,20,19.6,20,20,20,20,19.6,20,20,20,20,20,20,20,20,20,19584787,23110049,40257,36,False
Club C DL 2,ClubC-DL-2,Example League,2026/27,Club C,DL,924,30,0.015,0.014,0.079,0.35,0.161,0.014,0.16,0.136,0.98,0.98,0.6,1.1,5,1.15,2.1,1.75,1.45,0.82,2.175,1.32,1.468,8.6,5.676,2.1,-0.03,0,0,0,20,20,20,20,19.9,19.9,20,19.2,19.9,20,20,20,20,20,19.2,20,20,20,19.5,20,19.5,19.2,19.2,20,20,19.5,19.9,20,20,20,20,19.5,19.2,20,20,19.5,20,19.2,19.5,20,19.5,20,19.9,19.5,19.9,20,19.5,16422287,19378299,37244,12,False
Club C DR 1,ClubC-DR-1,Example League,2026/27,Club C,DR,2566,28,0.015,0.014,0.079,0.35,0.161,0.014,0.16,0.136,0.98,0.98,0.6,1.1,5,1.15,2.1,1.75,1.45,0.82,2.2,1.35,1.5,8.6,5.676,2.1,-0.03,0,0,0,20,20,20,20,20,20,20,20,20,20,20,20,20,20,20,20,20,20,20,20,20,20,20,20,20,20,20,20,20,20,20,20,20,20,20,20,20,20,20,20,20,20,20,20,20,20,20,21900600,23652648,42325,12,False
Club C DR 2,ClubC-DR-2,Example League,2026/27,Club C,DR,935,31,0.015,0.014,0.079,0.35,0.161,0.014,0.16,0.136,0.98,0.98,0.6,1.1,5,1.15,2.1,1.75,1.45,0.82,2.2,1.35,1.5,8.6,5.676,2.1,-0.03,0,0,0,20,20,20,20,20,20,20,19.8,20,20,20,20,20,20,19.8,20,20,20,20,20,20,19.8,19.8,20,20,20,20,20,20,20,20,20,19.8,20,20,20,20,19.8,20,20,20,20,20,20,20,20,20,18548350,20032218,39296,18,False
Club C DM 1,ClubC-DM-1,Example League,2026/27,Club C,DM,2583,29,0.086,0.081,0.15,0.708,0.326,0.077,0.16,0.136,1.18,1.18,0.7,0.8,6.1,0.8,0.15,2.25,1.45,0.82,2.2,1.35,1.5,8.6,5.676,2.1,-0.03,0,0,0,20,20,20,20,20,20,20,20,20,20,20,20,20,20,20,20,20,20,20,20,20,20,20,20,20,20,20,20,20,20,20,20,20,20,20,20,20,20,20,20,20,20,20,20,20,20,20,21114287,23331287,41635,18,False
Club C DM 2,ClubC-DM-2,Example League,2026/27,Club C,DM,946,20,0.086,0.081,0.15,0.708,0.326,0.077,0.16,0.136,1.18,1.18,0.7,0.8,6.1,0.8,0.15,2.25,1.45,0.82,2.2,1.35,1.5,8.6,5.676,2.1,-0.03,0,0,0,20,20,20,20,20,20,20,19.6,20,20,20,20,20,20,19.6,20,20,20,20,20,20,19.6,19.6,20,20,20,20,20,20,20,20,20,19.6,20,20,20,20,19.6,20,20,20,20,20,20,20,20,20,19505287,21553342,38750,24,False
Club C MC 1,ClubC-MC-1,Example League,2026/27,Club C,MC,2600,30,0.086,0.081,0.149,0.707,0.325,0.077,0.16,0.136,1.18,1.18,0.7,0.8,6.1,0.797,0.15,2.25,1.45,0.82,2.2,1.35,1.5,8.6,5.676,2.1,-0.027,0,0,0,20,20,19.9,19.9,20,20,20,20,20,20,20,19.9,20,20,20,20,20,19.9,20,20,20,20,20,20,20,20,20,20,20,20,20,20,20,19.9,20,20,20,20,20,20,20,20,20,20,20,20,20,20342350,22986856,40945,24,False
Club C MC 2,ClubC-MC-2,Example League,2026/27,Club C,MC,957,21,0.084,0.079,0.143,0.703,0.323,0.076,0.16,0.136,1.18,1.18,0.7,0.8,6.1,0.782,0.15,2.245,1.45,0.817,2.185,1.35,1.5,8.6,5.676,2.094,-0.009,0,0,0,19.7,20,19.4,19.4,20,20,19.7,20,20,19.7,20,19.4,20,20,20,20,19.7,19.4,20,20,20,20,20,20,20,20,20,20,19.7,19.7,19.7,20,20,19.4,20,20,19.7,20,20,19.7,20,19.7,20,20,20,19.7,20,18556600,20968958,38046,30,False
Club C AML 1,ClubC-AML-1,Example League,2026/27,Club C,AML,2617,31,0.374,0.352,0.438,2.122,0.976,0.337,0.326,0.277,1.843,1.843,5.118,4.07,4.2,2.1,1.5,1.671,1.438,0.781,2.08,1.35,1.5,9.8,6.421,2.01,-0.03,0,0,0,19.6,20,20,20,20,20,17.6,20,20,17.6,20,20,18.3,20,20,19.6,19.6,20,20,20,20,20,20,20,20,20,20,20,20,20,19.6,20,20,20,19.6,20,19.6,20,20,19.6,20,19.6,20,20,20,19.6,20,19584787,22620429,40257,30,False
Club C AML 2,ClubC-AML-2,Example League,2026/27,Club C,AML,968,22,0.374,0.352,0.438,2.122,0.976,0.337,0.326,0.277,1.843,1.843,5.118,4.07,4.2,2.1,1.5,1.65,1.426,0.77,2.055,1.344,1.493,9.8,6.374,1.986,-0.03,0,0,0,19.2,20,20,20,20,20,17.2,19.5,20,17.2,20,20,17.9,20,19.5,19.2,19.2,20,19.9,20,19.9,20,19.5,20,20,19.9,20,20,20,20,19.2,19.9,19.5,20,19.2,19.9,19.2,19.5,19.9,19.2,19.9,19.2,20,19.9,20,19.2,19.9,17622288,20353743,37344,36,False
Club C AMC 1,ClubC-AMC-1,Example League,2026/27,Club C,AMC,2634,20,0.374,0.352,0.438,2.122,0.976,0.337,0.326,0.277,1.843,1.843,5.118,4.07,4.2,2.1,1.5,1.703,1.45,0.796,2.115,1.35,1.5,9.8,6.468,2.046,-0.03,0,0,0,20,20,20,20,20,20,18.3,20,20,18.3,20,20,19,20,20,20,20,20,20,20,20,20,20,20,20,20,20,20,20,20,20,20,20,20,20,20,20,20,20,20,20,20,20,20,20,20,20,23580600,27825108,42465,36,False
Club C AMC 2,ClubC-AMC-2,Example League,2026/27,Club C,AMC,979,23,0.374,0.352,0.438,2.122,0.976,0.337,0.326,0.277,1.843,1.843,5.118,4.07,4.2,2.1,1.5,1.682,1.444,0.786,2.09,1.35,1.5,9.8,6.444,2.022,-0.03,0,0,0,19.8,20,20,20,20,20,17.8,20,20,17.8,20,20,18.5,20,20,19.8,19.8,20,20,20,20,20,20,20,20,20,20,20,20,20,19.8,20,20,20,19.8,20,19.8,20,20,19.8,20,19.8,20,20,20,19.8,20,19508350,23019853,39376,12,False
Club C AMR 1,ClubC-AMR-1,Example League,2026/27,Club C,AMR,2651,21,0.374,0.352,0.438,2.122,0.976,0.337,0.326,0.277,1.843,1.843,5.118,4.07,4.2,2.1,1.5,1.696,1.45,0.793,2.105,1.35,1.5,9.8,6.468,2.038,-0.03,0,0,0,20,20,20,20,20,20,18.1,20,20,18.1,20,20,18.8,20,20,20,20,20,20,20,20,20,20,20,20,20,20,20,20,20,20,20,20,20,20,20,20,20,20,20,20,20,20,20,20,20,20,22554287,24358630,41755,12,False
Club C AMR 2,ClubC-AMR-2,Example League,2026/27,Club C,AMR,990,24,0.374,0.352,0.438,2.122,0.976,0.337,0.326,0.277,1.843,1.843,5.118,4.07,4.2,2.1,1.5,1.671,1.438,0.781,2.08,1.35,1.5,9.8,6.421,2.01,-0.03,0,0,0,19.6,20,20,20,20,20,17.6,20,20,17.6,20,20,18.3,20,20,19.6,19.6,20,20,20,20,20,20,20,20,20,20,20,20,20,19.6,20,20,20,19.6,20,19.6,20,20,19.6,20,19.6,20,20,20,19.6,20,18545287,20028910,38670,18,False
Club C ST 1,ClubC-ST-1,Example League,2026/27,Club C,ST,2668,22,0.54,0.508,0.604,3.128,1.439,0.486,0.162,0.138,0.986,0.986,7.32,4.5,0.6,1.4,0.1,1.629,1.378,0.76,2.115,1.35,1.5,9.8,6.468,1.962,-0.03,0,0,0,20,20,20,20,20,20,20,19.9,20,18.3,20,20,17.2,20,19.9,20,20,20,20,20,20,19.9,19.9,20,17.6,20,20,20,20,20,20,20,19.9,20,20,20,20,19.9,20,20,20,20,20,20,20,20,20,25419973,28089070,41368,18,False
Club C ST 2,ClubC-ST-2,Example League,2026/27,Club C,ST,1001,25,0.54,0.508,0.604,3.128,1.439,0.486,0.162,0.138,0.986,0.986,7.32,4.5,0.6,1.4,0.1,1.603,1.363,0.747,2.09,1.35,1.5,9.8,6.468,1.932,-0.03,0,0,0,20,19.7,20,20,20,20,20,19.4,20,17.8,20,20,16.7,20,19.4,20,20,20,19.7,20,19.7,19.4,19.4,20,17.1,19.7,20,20,20,20,20,20,19.4,20,20,20,20,19.4,19.7,20,19.7,20,20,19.7,20,20,19.7,20763988,22944207,38230,24,False
Club D GK 1,ClubD-GK-1,Example League,2026/27,Club D,GK,2480,26,0,0,0.044,0,0,0,0.005,0.004,0.02,0.02,0,0,2.1,0,0,0,0,0,0,0,0,0,0,0,0,2.338,84,0.5,17.9,16.8,17.5,17.5,17.2,17.2,17.9,18.2,17.2,17.9,17.9,17.5,16.8,17.5,18.2,20,17.9,17.5,20,20,16.8,18.2,18.2,17.9,17.2,16.8,17.2,17.5,17.9,17.9,17.9,16.8,18.2,17.5,17.9,16.8,20,20,20,20,20,20,20,20,20,20,20,16752344,19348957,40521,30,False
Club D GK 2,ClubD-GK-2,Example League,2026/27,Club D,GK,874,29,0,0,0.04,0,0,0,0.005,0.004,0.02,0.02,0,0,2.1,0,0,0,0,0,0,0,0,0,0,0,0,2.393,84,0.5,17.4,16.3,17,17,16.7,16.7,17.4,17.7,16.7,17.4,17.4,17,16.3,17,17.7,20,17.4,17,20,20,16.3,17.7,17.7,17.4,16.7,16.3,16.7,17,17.4,17.4,17.4,16.3,17.7,17,17.4,16.3,20,20,20,20,20,20,20,20,20,20,20,13920802,16078526,37535,36,False
Club D DC 1,ClubD-DC-1,Example League,2026/27,Club D,DC,2497,27,0.035,0.033,0.09,0.3,0.137,0.032,0.05,0.043,0.15,0.15,0.25,0.2,3.7,0.05,0.03,2.25,2.05,1.52,3.4,2.45,2.5,8.6,5.676,2.1,0.05,0,0,0,20,20,17.7,17.7,20,20,20,19.6,20,20,20,20,20,20,19.6,20,20,20,20,20,20,16.6,19.6,20,20,20,20,20,20,20,20,20,19.6,20,20,20,20,19.6,20,20,20,20,20,20,20,20,20,19435000,22933300,40120,36,False
Club D DC 2,ClubD-DC-2,Example League,2026/27,Club D,DC,885,30,0.035,0.033,0.088,0.3,0.136,0.032,0.05,0.043,0.15,0.15,0.25,0.2,3.7,0.05,0.03,2.25,2.05,1.52,3.4,2.45,2.5,8.6,5.676,2.1,0.068,0,0,0,20,19.5,17.2,17.2,19.8,19.8,20,19.1,19.8,20,20,20,20,20,19.1,20,20,20,20,20,19.5,16.1,19.1,20,20,19.5,19.8,20,20,20,20,20,19.1,20,20,20,20,19.1,19.5,20,19.5,20,19.8,19.5,19.8,20,19.5,16285150,19216477,37107,12,False
Club D DL 1,ClubD-DL-1,Example League,2026/27,Club D,DL,2514,28,0.015,0.014,0.079,0.35,0.161,0.014,0.16,0.136,0.98,0.98,0.6,1.1,5,1.15,2.1,1.75,1.45,0.82,2.185,1.332,1.481,8.6,5.676,2.1,-0.03,0,0,0,20,20,20,20,20,20,20,19.4,20,20,20,20,20,20,19.4,20,20,20,19.7,20,19.7,19.4,19.4,20,20,19.7,20,20,20,20,20,19.7,19.4,20,20,19.7,20,19.4,19.7,20,19.7,20,20,19.7,20,20,19.7,18694688,20190263,39433,12,False
Club D DL 2,ClubD-DL-2,Example League,2026/27,Club D,DL,896,31,0.015,0.014,0.078,0.35,0.161,0.014,0.16,0.136,0.98,0.98,0.6,1.1,5,1.15,2.1,1.75,1.45,0.82,2.16,1.302,1.448,8.6,5.676,2.1,-0.03,0,0,0,20,20,20,19.9,19.6,19.6,20,18.9,19.6,20,20,19.9,20,19.9,18.9,20,20,19.9,19.2,19.9,19.2,18.9,18.9,20,20,19.2,19.6,20,20,20,20,19.2,18.9,20,20,19.2,20,18.9,19.2,20,19.2,20,19.6,19.2,19.6,20,19.2,15608088,16856735,36426,18,False
Club D DR 1,ClubD-DR-1,Example League,2026/27,Club D,DR,2531,29,0.015,0.014,0.079,0.35,0.161,0.014,0.16,0.136,0.98,0.98,0.6,1.1,5,1.15,2.1,1.75,1.45,0.82,2.175,1.32,1.468,8.6,5.676,2.1,-0.03,0,0,0,20,20,20,20,19.9,19.9,20,19.2,19.9,20,20,20,20,20,19.2,20,20,20,19.5,20,19.5,19.2,19.2,20,20,19.5,19.9,20,20,20,20,19.5,19.2,20,20,19.5,20,19.2,19.5,20,19.5,20,19.9,19.5,19.9,20,19.5,17968750,19855469,38747,18,False
Club D DR 2,ClubD-DR-2,Example League,2026/27,Club D,DR,907,20,0.015,0.014,0.077,0.35,0.161,0.014,0.16,0.136,0.98,0.98,0.6,1.1,5,1.15,2.1,1.75,1.45,0.82,2.15,1.29,1.435,8.6,5.676,2.1,-0.03,0,0,0,20,20,20,19.7,19.4,19.4,20,18.7,19.4,20,20,19.7,20,19.7,18.7,20,20,19.7,19,19.7,19,18.7,18.7,20,20,19,19.4,20,20,20,20,19,18.7,20,20,19,20,18.7,19,20,19,20,19.4,19,19.4,20,19,16625400,18371067,35885,24,False
Club D DM 1,ClubD-DM-1,Example League,2026/27,Club D,DM,2548,30,0.086,0.081,0.15,0.708,0.326,0.077,0.16,0.136,1.18,1.18,0.7,0.8,6.1,0.8,0.15,2.25,1.45,0.82,2.2,1.35,1.5,8.6,5.676,2.1,-0.03,0,0,0,20,20,20,20,20,20,20,19.8,20,20,20,20,20,20,19.8,20,20,20,20,20,20,19.8,19.8,20,20,20,20,20,20,20,20,20,19.8,20,20,20,20,19.8,20,20,20,20,20,20,20,20,20,20189688,22814347,40807,24,False
Club D DM 2,ClubD-DM-2,Example League,2026/27,Club D,DM,918,21,0.086,0.081,0.15,0.708,0.326,0.077,0.16,0.136,1.18,1.18,0.7,0.8,6.1,0.8,0.15,2.25,1.45,0.82,2.185,1.332,1.481,8.6,5.676,2.1,-0.03,0,0,0,20,19.7,20,20,20,20,20,19.3,20,20,20,20,20,20,19.3,20,20,20,20,20,19.7,19.3,19.3,20,20,20,20,20,20,20,20,19.7,19.3,20,20,20,20,19.3,19.7,20,19.7,20,20,19.7,20,20,19.7,18416588,20810744,37910,30,False
Club D MC 1,ClubD-MC-1,Example League,2026/27,Club D,MC,2565,31,0.085,0.08,0.146,0.704,0.324,0.076,0.16,0.136,1.18,1.18,0.7,0.8,6.1,0.788,0.15,2.25,1.45,0.82,2.2,1.35,1.5,8.6,5.676,2.1,-0.016,0,0,0,20,20,19.6,19.6,20,20,20,20,20,20,20,19.6,20,20,20,20,20,19.6,20,20,20,20,20,20,20,20,20,20,20,20,20,20,20,19.6,20,20,20,20,20,20,20,20,20,20,20,20,20,19435000,22447425,40120,30,False
Club D MC 2,ClubD-MC-2,Example League,2026/27,Club D,MC,929,22,0.083,0.078,0.14,0.7,0.322,0.075,0.16,0.136,1.18,1.18,0.7,0.8,6.1,0.773,0.15,2.241,1.45,0.816,2.175,1.35,1.5,8.6,5.676,2.09,0.001,0,0,0,19.5,20,19.1,19.1,20,20,19.5,20,20,19.5,20,19.1,20,20,19.8,20,19.5,19.1,20,20,20,19.8,19.8,20,20,20,20,20,19.5,19.5,19.5,20,19.8,19.1,20,20,19.5,19.8,20,19.5,20,19.5,20,20,20,19.5,20,17485150,20195348,37207,36,False
Club D AML 1,ClubD-AML-1,Example League,2026/27,Club D,AML,2582,20,0.374,0.352,0.438,2.122,0.976,0.337,0.326,0.277,1.843,1.843,5.118,4.07,4.2,2.1,1.5,1.661,1.432,0.775,2.07,1.35,1.5,9.8,6.397,1.998,-0.03,0,0,0,19.4,20,20,20,20,20,17.4,19.7,20,17.4,20,20,18.1,20,19.7,19.4,19.4,20,20,20,20,20,19.7,20,20,20,20,20,20,20,19.4,20,19.7,20,19.4,20,19.4,19.7,20,19.4,20,19.4,20,20,20,19.4,20,20374688,24042132,39573,36,False
Club D AML 2,ClubD-AML-2,Example League,2026/27,Club D,AML,940,23,0.374,0.352,0.438,2.122,0.976,0.337,0.326,0.277,1.843,1.843,5.118,4.07,4.2,2.1,1.5,1.633,1.414,0.761,2.025,1.326,1.474,9.8,6.339,1.966,-0.03,0,0,0,18.9,20,20,20,19.9,19.9,16.9,19.2,19.9,16.9,20,20,17.6,20,19.2,18.9,18.9,20,19.6,20,19.6,20,19.2,20,19.9,19.6,20,20,20,20,18.9,19.6,19.2,20,18.9,19.6,18.9,19.2,19.6,18.9,19.6,18.9,19.9,19.6,19.9,18.9,19.6,16568088,19550344,36506,12,False
Club D AMC 1,ClubD-AMC-1,Example League,2026/27,Club D,AMC,2599,21,0.374,0.352,0.438,2.122,0.976,0.337,0.326,0.277,1.843,1.843,5.118,4.07,4.2,2.1,1.5,1.65,1.426,0.77,2.055,1.344,1.493,9.8,6.374,1.986,-0.03,0,0,0,19.2,20,20,20,20,20,17.2,19.5,20,17.2,20,20,17.9,20,19.5,19.2,19.2,20,19.9,20,19.9,20,19.5,20,20,19.9,20,20,20,20,19.2,19.9,19.5,20,19.2,19.9,19.2,19.5,19.9,19.2,19.9,19.2,20,19.9,20,19.2,19.9,19408750,20961450,38867,12,False
Club D AMC 2,ClubD-AMC-2,Example League,2026/27,Club D,AMC,951,24,0.374,0.352,0.438,2.122,0.976,0.337,0.326,0.277,1.843,1.843,5.118,4.07,4.2,2.1,1.5,1.619,1.402,0.754,2.005,1.314,1.461,9.8,6.315,1.95,-0.03,0,0,0,18.7,20,20,20,19.7,19.7,16.7,19,19.7,16.7,20,20,17.4,20,19,18.7,18.7,20,19.4,20,19.4,20,19,20,19.7,19.4,20,20,20,20,18.7,19.4,19,20,18.7,19.4,18.7,19,19.4,18.7,19.4,18.7,19.7,19.4,19.7,18.7,19.4,15665400,16918632,35805,18,False
Club D AMR 1,ClubD-AMR-1,Example League,2026/27,Club D,AMR,2616,22,0.374,0.352,0.438,2.122,0.976,0.337,0.326,0.277,1.843,1.843,5.118,4.07,4.2,2.1,1.5,1.682,1.444,0.786,2.09,1.35,1.5,9.8,6.444,2.022,-0.03,0,0,0,19.8,20,20,20,20,20,17.8,20,20,17.8,20,20,18.5,20,20,19.8,19.8,20,20,20,20,20,20,20,20,20,20,20,20,20,19.8,20,20,20,19.8,20,19.8,20,20,19.8,20,19.8,20,20,20,19.8,20,21389688,23635605,40907,18,False
Club D AMR 2,ClubD-AMR-2,Example League,2026/27,Club D,AMR,962,25,0.374,0.352,0.438,2.122,0.976,0.337,0.326,0.277,1.843,1.843,5.118,4.07,4.2,2.1,1.5,1.656,1.429,0.773,2.065,1.35,1.5,9.8,6.386,1.992,-0.03,0,0,0,19.3,20,20,20,20,20,17.3,19.7,20,17.3,20,20,18,20,19.7,19.3,19.3,20,20,20,20,20,19.7,20,20,20,20,20,20,20,19.3,20,19.7,20,19.3,20,19.3,19.7,20,19.3,20,19.3,20,20,20,19.3,20,17456588,19289530,37830,24,False
Club D ST 1,ClubD-ST-1,Example League,2026/27,Club D,ST,2633,23,0.54,0.508,0.604,3.128,1.439,0.486,0.162,0.138,0.986,0.986,7.32,4.5,0.6,1.4,0.1,1.615,1.369,0.753,2.1,1.35,1.5,9.8,6.468,1.946,-0.03,0,0,0,20,20,20,20,20,20,20,19.6,20,18,20,20,17,20,19.6,20,20,20,20,20,20,19.6,19.6,20,17.3,20,20,20,20,20,20,20,19.6,20,20,20,20,19.6,20,20,20,20,20,20,20,20,20,24066100,27194693,40506,24,False
Club D ST 2,ClubD-ST-2,Example League,2026/27,Club D,ST,973,26,0.54,0.508,0.604,3.128,1.439,0.486,0.161,0.137,0.982,0.982,7.32,4.5,0.6,1.4,0.1,1.589,1.354,0.74,2.075,1.35,1.5,9.8,6.468,1.916,-0.03,0,0,0,20,19.5,20,20,20,19.8,20,19.1,19.8,17.5,20,20,16.5,20,19.1,20,20,20,19.5,20,19.5,19.1,19.1,20,16.8,19.5,19.8,20,20,20,20,20,19.1,20,20,20,20,19.1,19.5,20,19.5,20,19.8,19.5,19.8,20,19.5,19499677,22034635,37375,30,False
Club E GK 1,ClubE-GK-1,Example League,2026/27,Club E,GK,2445,27,0,0,0.035,0,0,0,0.005,0.004,0.02,0.02,0,0,2.1,0,0,0,0,0,0,0,0,0,0,0,0,2.403,84,0.5,16.7,15.7,16.4,16.4,16,16,16.7,17.1,16,16.7,16.7,16.4,15.7,16.4,17.1,20,16.7,16.4,20,20,15.7,17.1,17.1,16.7,16,15.7,16,16.4,16.7,16.7,16.7,15.7,17.1,16.4,16.7,15.7,20,20,20,19.7,20,20,20,20,20,19.7,20,13466276,15890206,36997,36,False
Club E GK 2,ClubE-GK-2,Example League,2026/27,Club E,GK,846,30,0,0,0.031,0,0,0,0.005,0.004,0.02,0.02,0,0,2.1,0,0,0,0,0,0,0,0,0,0,0,0,2.458,84,0.5,16.2,15.2,15.9,15.9,15.5,15.5,16.2,16.6,15.5,16.2,16.2,15.9,15.2,15.9,16.6,20,16.2,15.9,20,20,15.2,16.6,16.6,16.2,15.5,15.2,15.5,15.9,16.2,16.2,16.2,15.2,16.6,15.9,16.2,15.2,20,20,20,19.2,20,20,20,20,20,19.2,20,11101232,13099454,34050,12,False
Club E DC 1,ClubE-DC-1,Example League,2026/27,Club E,DC,2462,28,0.035,0.033,0.089,0.3,0.136,0.032,0.05,0.043,0.15,0.15,0.25,0.2,3.7,0.05,0.03,2.25,2.05,1.52,3.4,2.45,2.5,8.6,5.676,2.1,0.061,0,0,0,20,19.7,17.4,17.4,20,20,20,19.3,20,20,20,20,20,20,19.3,20,20,20,20,20,19.7,16.3,19.3,20,20,19.7,20,20,20,20,20,20,19.3,20,20,20,20,19.3,19.7,20,19.7,20,20,19.7,20,20,19.7,18548350,20032218,39296,12,False
Club E DC 2,ClubE-DC-2,Example League,2026/27,Club E,DC,857,31,0.035,0.033,0.086,0.3,0.135,0.032,0.05,0.043,0.15,0.15,0.25,0.2,3.7,0.05,0.03,2.25,2.05,1.52,3.4,2.45,2.5,8.572,5.658,2.1,0.079,0,0,0,20,19.2,16.9,16.9,19.5,19.5,20,18.8,19.5,20,20,19.9,20,19.9,18.8,20,20,19.9,20,20,19.2,15.8,18.8,20,20,19.2,19.5,19.9,20,20,20,20,18.8,20,20,20,20,18.8,19.2,20,19.2,20,19.5,19.2,19.5,20,19.2,15474400,16712352,36290,18,False
Club E DL 1,ClubE-DL-1,Example League,2026/27,Club E,DL,2479,29,0.015,0.014,0.079,0.35,0.161,0.014,0.16,0.136,0.98,0.98,0.6,1.1,5,1.15,2.1,1.75,1.45,0.82,2.175,1.32,1.468,8.6,5.676,2.1,-0.03,0,0,0,20,20,20,20,19.8,19.8,20,19.1,19.8,20,20,20,20,20,19.1,20,20,20,19.5,20,19.5,19.1,19.1,20,20,19.5,19.8,20,20,20,20,19.5,19.1,20,20,19.5,20,19.1,19.5,20,19.5,20,19.8,19.5,19.8,20,19.5,17825288,19696943,38610,18,False
Club E DL 2,ClubE-DL-2,Example League,2026/27,Club E,DL,868,20,0.015,0.014,0.077,0.35,0.161,0.014,0.16,0.136,0.98,0.98,0.6,1.1,5,1.15,2.1,1.75,1.45,0.82,2.15,1.29,1.435,8.6,5.676,2.1,-0.03,0,0,0,20,20,20,19.7,19.3,19.3,20,18.6,19.3,20,20,19.7,20,19.7,18.6,20,20,19.7,19,19.7,19,18.6,18.6,20,20,19,19.3,20,20,20,20,19,18.6,20,20,19,20,18.6,19,20,19,20,19.3,19,19.3,20,19,16494588,18226520,35750,24,False
Club E DR 1,ClubE-DR-1,Example League,2026/27,Club E,DR,2496,30,0.015,0.014,0.078,0.35,0.161,0.014,0.16,0.136,0.98,0.98,0.6,1.1,5,1.15,2.1,1.75,1.45,0.82,2.16,1.302,1.448,8.6,5.676,2.1,-0.03,0,0,0,20,20,20,19.9,19.6,19.6,20,18.9,19.6,20,20,19.9,20,19.9,18.9,20,20,19.9,19.2,19.9,19.2,18.9,18.9,20,20,19.2,19.6,20,20,20,20,19.2,18.9,20,20,19.2,20,18.9,19.2,20,19.2,20,19.6,19.2,19.6,20,19.2,17116600,19341758,37926,24,False
Club E DR 2,ClubE-DR-2,Example League,2026/27,Club E,DR,879,21,0.015,0.014,0.074,0.35,0.161,0.014,0.16,0.136,0.98,0.98,0.6,1.1,5,1.15,2.1,1.747,1.45,0.818,2.125,1.272,1.416,8.6,5.676,2.096,-0.03,0,0,0,19.8,20,20,19.4,19.1,19.1,19.8,18.4,19.1,19.8,20,19.4,20,19.4,18.4,20,19.8,19.4,18.7,19.4,18.7,18.4,18.4,19.8,20,18.7,19.1,20,20,19.8,19.8,18.7,18.4,20,20,18.7,19.8,18.4,18.7,19.8,18.7,19.8,19.1,18.7,19.1,19.8,18.7,15609150,17638340,35051,30,False
Club E DM 1,ClubE-DM-1,Example League,2026/27,Club E,DM,2513,31,0.085,0.08,0.147,0.705,0.324,0.077,0.16,0.136,1.18,1.18,0.7,0.8,6.1,0.791,0.15,2.25,1.45,0.82,2.15,1.29,1.435,8.6,5.676,2.1,-0.02,0,0,0,20,19,19.7,19.7,19.4,19.4,20,18.7,19.4,20,20,19.7,20,20,18.7,20,20,19.7,20,20,19,18.7,18.7,20,20,20,20,20,20,20,20,19,18.7,19.7,20,20,20,18.7,19,20,19,20,19.4,19,19.4,20,19,16422288,18967743,37244,30,False
Club E DM 2,ClubE-DM-2,Example League,2026/27,Club E,DM,890,22,0.082,0.077,0.14,0.697,0.321,0.074,0.16,0.136,1.18,1.18,0.7,0.8,6.1,0.776,0.15,2.25,1.45,0.82,2.125,1.26,1.403,8.6,5.676,2.1,-0.002,0,0,0,19.6,18.5,19.2,19.2,18.9,18.9,19.6,18.2,18.9,20,20,19.2,20,20,18.2,20,19.6,19.2,20,20,18.5,18.2,18.2,19.6,20,20,20,20,19.6,19.6,19.6,18.5,18.2,19.2,20,20,19.6,18.2,18.5,19.6,18.5,19.6,18.9,18.5,18.9,19.6,18.5,14738088,17022492,34353,36,False
Club E MC 1,ClubE-MC-1,Example League,2026/27,Club E,MC,2530,20,0.084,0.079,0.142,0.702,0.323,0.076,0.16,0.136,1.18,1.18,0.7,0.8,6.1,0.779,0.15,2.245,1.45,0.817,2.185,1.35,1.5,8.6,5.676,2.094,-0.006,0,0,0,19.7,20,19.3,19.3,20,20,19.7,20,20,19.7,20,19.3,20,20,20,20,19.7,19.3,20,20,20,20,20,20,20,20,20,20,19.7,19.7,19.7,20,20,19.3,20,20,19.7,20,20,19.7,20,19.7,20,20,20,19.7,20,20228350,23869453,39436,36,False
Club E MC 2,ClubE-MC-2,Example League,2026/27,Club E,MC,901,23,0.082,0.077,0.137,0.697,0.321,0.074,0.16,0.136,1.18,1.18,0.7,0.8,6.1,0.764,0.15,2.234,1.45,0.812,2.155,1.344,1.493,8.6,5.676,2.082,0.012,0,0,0,19.2,19.9,18.8,18.8,20,20,19.2,20,20,19.2,20,18.8,19.9,20,19.5,20,19.2,18.8,19.9,20,19.9,19.5,19.5,20,20,20,20,20,19.2,19.2,19.2,19.9,19.5,18.8,20,19.9,19.2,19.5,19.9,19.2,19.9,19.2,20,19.9,20,19.2,19.9,16434400,19392592,36370,12,False
Club E AML 1,ClubE-AML-1,Example League,2026/27,Club E,AML,2547,21,0.374,0.352,0.438,2.122,0.976,0.337,0.326,0.277,1.843,1.843,5.118,4.07,4.2,2.1,1.5,1.645,1.423,0.768,2.045,1.338,1.487,9.8,6.362,1.98,-0.03,0,0,0,19.1,20,20,20,20,20,17.1,19.5,20,17.1,20,20,17.8,20,19.5,19.1,19.1,20,19.8,20,19.8,20,19.5,20,20,19.8,20,20,20,20,19.1,19.8,19.5,20,19.1,19.8,19.1,19.5,19.8,19.1,19.8,19.1,20,19.8,20,19.1,19.8,19265288,20806511,38730,12,False
Club E AML 2,ClubE-AML-2,Example League,2026/27,Club E,AML,912,24,0.374,0.352,0.438,2.122,0.976,0.337,0.326,0.277,1.843,1.843,5.118,4.07,4.2,2.1,1.5,1.614,1.399,0.752,1.995,1.308,1.455,9.8,6.303,1.944,-0.03,0,0,0,18.6,20,20,20,19.7,19.7,16.6,19,19.7,16.6,20,20,17.3,20,19,18.6,18.6,20,19.3,20,19.3,20,19,20,19.7,19.3,20,20,20,20,18.6,19.3,19,20,18.6,19.3,18.6,19,19.3,18.6,19.3,18.6,19.7,19.3,19.7,18.6,19.3,15534588,16777355,35670,18,False
Club E AMC 1,ClubE-AMC-1,Example League,2026/27,Club E,AMC,2564,22,0.374,0.352,0.438,2.122,0.976,0.337,0.326,0.277,1.843,1.843,5.118,4.07,4.2,2.1,1.5,1.633,1.414,0.761,2.025,1.326,1.474,9.8,6.339,1.966,-0.03,0,0,0,18.9,20,20,20,19.9,19.9,16.9,19.2,19.9,16.9,20,20,17.6,20,19.2,18.9,18.9,20,19.6,20,19.6,20,19.2,20,19.9,19.6,20,20,20,20,18.9,19.6,19.2,20,18.9,19.6,18.9,19.2,19.6,18.9,19.6,18.9,19.9,19.6,19.9,18.9,19.6,18316600,20239843,38026,18,False
Club E AMC 2,ClubE-AMC-2,Example League,2026/27,Club E,AMC,923,25,0.374,0.352,0.438,2.122,0.976,0.337,0.326,0.277,1.843,1.843,5.118,4.07,4.2,2.1,1.5,1.598,1.384,0.744,1.975,1.296,1.442,9.744,6.244,1.926,-0.03,0,0,0,18.4,20,20,20,19.4,19.4,16.4,18.7,19.4,16.4,20,19.8,17.1,20,18.7,18.4,18.4,20,19.1,19.8,19.1,20,18.7,20,19.4,19.1,20,19.8,20,20,18.4,19.1,18.7,20,18.4,19.1,18.4,18.7,19.1,18.4,19.1,18.4,19.4,19.1,19.4,18.4,19.1,14649150,16187311,34971,24,False
Club E AMR 1,ClubE-AMR-1,Example League,2026/27,Club E,AMR,2581,23,0.374,0.352,0.438,2.122,0.976,0.337,0.326,0.277,1.843,1.843,5.118,4.07,4.2,2.1,1.5,1.619,1.402,0.754,2.005,1.314,1.461,9.8,6.315,1.95,-0.03,0,0,0,18.7,20,20,20,19.7,19.7,16.7,19,19.7,16.7,20,20,17.4,20,19,18.7,18.7,20,19.4,20,19.4,20,19,20,19.7,19.4,20,20,20,20,18.7,19.4,19,20,18.7,19.4,18.7,19,19.4,18.7,19.4,18.7,19.7,19.4,19.7,18.7,19.4,17382288,19641985,37324,24,False
Club E AMR 2,ClubE-AMR-2,Example League,2026/27,Club E,AMR,934,26,0.374,0.352,0.438,2.122,0.976,0.337,0.326,0.277,1.843,1.843,5.118,4.07,4.2,2.1,1.5,1.584,1.372,0.737,1.955,1.284,1.428,9.688,6.185,1.91,-0.03,0,0,0,18.2,20,20,20,19.2,19.2,16.2,18.5,19.2,16.2,20,19.6,16.9,20,18.5,18.2,18.2,20,18.9,19.6,18.9,20,18.5,20,19.2,18.9,20,19.6,20,20,18.2,18.9,18.5,20,18.2,18.9,18.2,18.5,18.9,18.2,18.9,18.2,19.2,18.9,19.2,18.2,18.9,13778088,15569239,34273,30,False
Club E ST 1,ClubE-ST-1,Example League,2026/27,Club E,ST,2598,24,0.54,0.508,0.604,3.128,1.439,0.486,0.162,0.138,0.986,0.986,7.32,4.5,0.6,1.4,0.1,1.6,1.36,0.745,2.085,1.35,1.5,9.8,6.468,1.928,-0.03,0,0,0,20,19.7,20,20,20,20,20,19.3,20,17.7,20,20,16.7,20,19.3,20,20,20,19.7,20,19.7,19.3,19.3,20,17,19.7,20,20,20,20,20,20,19.3,20,20,20,20,19.3,19.7,20,19.7,20,20,19.7,20,20,19.7,22736653,26260834,39645,30,False
Club E ST 2,ClubE-ST-2,Example League,2026/27,Club E,ST,945,27,0.54,0.508,0.604,3.128,1.439,0.486,0.159,0.135,0.977,0.977,7.32,4.5,0.6,1.395,0.1,1.573,1.345,0.732,2.06,1.35,1.5,9.772,6.45,1.898,-0.027,0,0,0,20,19.2,19.9,20,20,19.5,20,18.8,19.5,17.2,20,19.9,16.2,19.9,18.8,20,20,20,19.2,19.9,19.2,18.8,18.8,20,16.5,19.2,19.5,19.9,20,20,20,20,18.8,20,20,20,20,18.8,19.2,20,19.2,20,19.5,19.2,19.5,20,19.2,18259792,21090060,36522,36,False
Club F GK 1,ClubF-GK-1,Example League,2026/27,Club F,GK,2410,28,0,0,0.033,0,0,0,0.005,0.004,0.02,0.02,0,0,2.1,0,0,0,0,0,0,0,0,0,0,0,0,2.418,84,0.5,16.4,15.4,16.1,16.1,15.7,15.7,16.4,16.8,15.7,16.4,16.4,16.1,15.4,16.1,16.8,20,16.4,16.1,20,20,15.4,16.8,16.8,16.4,15.7,15.4,15.7,16.1,16.4,16.4,16.4,15.4,16.8,16.1,16.4,15.4,20,20,20,19.4,20,20,20,20,20,19.4,20,12798632,13822523,36192,12,False
Club F GK 2,ClubF-GK-2,Example League,2026/27,Club F,GK,818,31,0,0,0.029,0,0,0,0.005,0.004,0.02,0.02,0,0,2.1,0,0,0,0,0,0,0,0,0,0,0,0,2.473,84,0.5,15.9,14.9,15.6,15.6,15.2,15.2,15.9,16.3,15.2,15.9,15.9,15.6,14.9,15.6,16.3,20,15.9,15.6,20,20,14.9,16.3,16.3,15.9,15.2,14.9,15.2,15.6,15.9,15.9,15.9,14.9,16.3,15.6,15.9,14.9,20,20,20,18.9,20,20,20,20,20,18.9,20,10495826,11335492,33250,18,False
Club F DC 1,ClubF-DC-1,Example League,2026/27,Club F,DC,2427,29,0.035,0.033,0.081,0.3,0.133,0.032,0.05,0.043,0.15,0.15,0.25,0.2,3.7,0.05,0.03,2.25,2.05,1.52,3.4,2.45,2.5,8.376,5.528,2.1,0.103,0,0,0,19.6,18.5,16.2,16.2,18.9,18.9,20,18.2,18.9,20,20,19.2,20,19.2,18.2,20,20,19.2,20,20,18.5,15.2,18.2,19.6,20,18.5,18.9,19.2,19.6,19.6,19.6,20,18.2,20,19.6,20,19.6,18.2,18.5,19.6,18.5,19.6,18.9,18.5,18.9,19.6,18.5,14945400,16514667,35745,18,False
Club F DC 2,ClubF-DC-2,Example League,2026/27,Club F,DC,829,20,0.035,0.033,0.077,0.3,0.131,0.032,0.05,0.043,0.15,0.15,0.25,0.2,3.7,0.05,0.03,2.25,2.05,1.52,3.4,2.45,2.5,8.236,5.436,2.1,0.12,0,0,0,19.1,18,15.7,15.7,18.4,18.4,20,17.7,18.4,20,20,18.7,20,18.7,17.7,20,20,18.7,20,19.7,18,14.7,17.7,19.1,20,18,18.4,18.7,19.1,19.1,19.1,20,17.7,19.7,19.1,20,19.1,17.7,18,19.1,18,19.1,18.4,18,18.4,19.1,18,13880350,15337787,32907,24,False
Club F DL 1,ClubF-DL-1,Example League,2026/27,Club F,DL,2444,30,0.015,0.014,0.078,0.35,0.161,0.014,0.16,0.136,0.98,0.98,0.6,1.1,5,1.15,2.1,1.75,1.45,0.82,2.16,1.302,1.448,8.6,5.676,2.1,-0.03,0,0,0,20,20,20,19.9,19.5,19.5,20,18.8,19.5,20,20,19.9,20,19.9,18.8,20,20,19.9,19.2,19.9,19.2,18.8,18.8,20,20,19.2,19.5,20,20,20,20,19.2,18.8,20,20,19.2,20,18.8,19.2,20,19.2,20,19.5,19.2,19.5,20,19.2,16976588,19183544,37790,24,False
Club F DL 2,ClubF-DL-2,Example League,2026/27,Club F,DL,840,21,0.015,0.014,0.074,0.35,0.161,0.014,0.16,0.136,0.98,0.98,0.6,1.1,5,1.15,2.1,1.745,1.45,0.817,2.12,1.272,1.416,8.6,5.676,2.094,-0.03,0,0,0,19.7,20,20,19.4,19,19,19.7,18.3,19,19.7,20,19.4,20,19.4,18.3,20,19.7,19.4,18.7,19.4,18.7,18.3,18.3,19.7,20,18.7,19,20,20,19.7,19.7,18.7,18.3,20,20,18.7,19.7,18.3,18.7,19.7,18.7,19.7,19,18.7,19,19.7,18.7,15481788,17494420,34915,30,False
Club F DR 1,ClubF-DR-1,Example League,2026/27,Club F,DR,2461,31,0.015,0.014,0.077,0.35,0.161,0.014,0.16,0.136,0.98,0.98,0.6,1.1,5,1.15,2.1,1.75,1.45,0.82,2.15,1.29,1.435,8.6,5.676,2.1,-0.03,0,0,0,20,20,20,19.7,19.3,19.3,20,18.6,19.3,20,20,19.7,20,19.7,18.6,20,20,19.7,19,19.7,19,18.6,18.6,20,20,19,19.3,20,20,20,20,19,18.6,20,20,19,20,18.6,19,20,19,20,19.3,19,19.3,20,19,16285150,18809348,37107,30,False
Club F DR 2,ClubF-DR-2,Example League,2026/27,Club F,DR,851,22,0.015,0.014,0.073,0.35,0.161,0.014,0.16,0.136,0.98,0.98,0.6,1.1,5,1.15,2.1,1.741,1.45,0.816,2.1,1.26,1.403,8.6,5.676,2.09,-0.03,0,0,0,19.5,20,20,19.2,18.8,18.8,19.5,18.1,18.8,19.5,20,19.2,20,19.2,18.1,20,19.5,19.2,18.5,19.2,18.5,18.1,18.1,19.5,20,18.5,18.8,20,20,19.5,19.5,18.5,18.1,20,20,18.5,19.5,18.1,18.5,19.5,18.5,19.5,18.8,18.5,18.8,19.5,18.5,14613600,16878708,34218,36,False
Club F DM 1,ClubF-DM-1,Example League,2026/27,Club F,DM,2478,20,0.084,0.079,0.143,0.701,0.322,0.075,0.16,0.136,1.18,1.18,0.7,0.8,6.1,0.782,0.15,2.25,1.45,0.82,2.135,1.272,1.416,8.6,5.676,2.1,-0.009,0,0,0,19.8,18.7,19.4,19.4,19.1,19.1,19.8,18.4,19.1,20,20,19.4,20,20,18.4,20,19.8,19.4,20,20,18.7,18.4,18.4,19.8,20,20,20,20,19.8,19.8,19.8,18.7,18.4,19.4,20,20,19.8,18.4,18.7,19.8,18.7,19.8,19.1,18.7,19.1,19.8,18.7,17288088,20399944,36566,36,False
Club F DM 2,ClubF-DM-2,Example League,2026/27,Club F,DM,862,23,0.081,0.076,0.136,0.692,0.318,0.073,0.16,0.136,1.18,1.18,0.7,0.8,6.1,0.767,0.15,2.25,1.45,0.82,2.11,1.242,1.383,8.6,5.676,2.1,0.008,0,0,0,19.3,18.2,18.9,18.9,18.6,18.6,19.3,17.9,18.6,20,20,18.9,20,20,17.9,20,19.3,18.9,20,20,18.2,17.9,17.9,19.3,20,20,20,20,19.3,19.3,19.3,18.2,17.9,18.9,20,20,19.3,17.9,18.2,19.3,18.2,19.3,18.6,18.2,18.6,19.3,18.2,13759788,16236550,33522,12,False
Club F MC 1,ClubF-MC-1,Example League,2026/27,Club F,MC,2495,21,0.08,0.075,0.129,0.689,0.317,0.072,0.16,0.136,1.18,1.18,0.7,0.8,6.1,0.746,0.15,2.203,1.438,0.796,2.085,1.302,1.448,8.6,5.676,2.046,0.033,0,0,0,18.5,19.2,18.2,18.2,20,19.6,18.5,20,19.6,18.5,20,18.2,19.2,20,18.9,20,18.5,18.2,19.2,20,19.2,18.9,18.9,19.7,19.6,20,20,20,18.5,18.5,18.5,19.2,18.9,18.2,20,19.2,18.5,18.9,19.2,18.5,19.2,18.5,19.6,19.2,19.6,18.5,19.2,16385400,17696232,35865,12,False
Club F MC 2,ClubF-MC-2,Example League,2026/27,Club F,MC,873,24,0.077,0.072,0.122,0.68,0.311,0.069,0.16,0.136,1.18,1.18,0.7,0.8,6.1,0.731,0.15,2.177,1.423,0.783,2.035,1.272,1.416,8.572,5.658,2.016,0.05,0,0,0,18,18.7,17.7,17.7,20,19.1,18,19.6,19.1,18,20,17.7,18.7,19.9,18.4,20,18,17.7,18.7,19.9,18.7,18.4,18.4,19.2,19.1,20,20,19.9,18,18,18,18.7,18.4,17.7,20,18.7,18,18.4,18.7,18,18.7,18,19.1,18.7,19.1,18,18.7,12920350,13953978,32827,18,False
Club F AML 1,ClubF-AML-1,Example League,2026/27,Club F,AML,2512,22,0.374,0.352,0.438,2.122,0.976,0.337,0.326,0.277,1.843,1.843,5.118,4.07,4.2,2.1,1.5,1.628,1.411,0.759,2.015,1.32,1.468,9.8,6.327,1.96,-0.03,0,0,0,18.8,20,20,20,19.9,19.9,16.8,19.2,19.9,16.8,20,20,17.5,20,19.2,18.8,18.8,20,19.5,20,19.5,20,19.2,20,19.9,19.5,20,20,20,20,18.8,19.5,19.2,20,18.8,19.5,18.8,19.2,19.5,18.8,19.5,18.8,19.9,19.5,19.9,18.8,19.5,18176588,20085130,37890,18,False
Club F AML 2,ClubF-AML-2,Example League,2026/27,Club F,AML,884,25,0.374,0.352,0.438,2.122,0.976,0.337,0.326,0.277,1.843,1.843,5.118,4.07,4.2,2.1,1.5,1.593,1.381,0.741,1.965,1.29,1.435,9.716,6.214,1.92,-0.03,0,0,0,18.3,20,20,20,19.4,19.4,16.3,18.7,19.4,16.3,20,19.7,17,20,18.7,18.3,18.3,20,19,19.7,19,20,18.7,20,19.4,19,20,19.7,20,20,18.3,19,18.7,20,18.3,19,18.3,18.7,19,18.3,19,18.3,19.4,19,19.4,18.3,19,14521788,16046576,34835,24,False
Club F AMC 1,ClubF-AMC-1,Example League,2026/27,Club F,AMC,2529,23,0.374,0.352,0.438,2.122,0.976,0.337,0.326,0.277,1.843,1.843,5.118,4.07,4.2,2.1,1.5,1.614,1.399,0.752,1.995,1.308,1.455,9.8,6.303,1.944,-0.03,0,0,0,18.6,20,20,20,19.7,19.7,16.6,19,19.7,16.6,20,20,17.3,20,19,18.6,18.6,20,19.3,20,19.3,20,19,20,19.7,19.3,20,20,20,20,18.6,19.3,19,20,18.6,19.3,18.6,19,19.3,18.6,19.3,18.6,19.7,19.3,19.7,18.6,19.3,17245150,19487020,37187,24,False
Club F AMC 2,ClubF-AMC-2,Example League,2026/27,Club F,AMC,895,26,0.374,0.352,0.438,2.122,0.976,0.337,0.326,0.277,1.843,1.843,5.118,4.07,4.2,2.1,1.5,1.579,1.369,0.734,1.945,1.278,1.422,9.66,6.155,1.904,-0.03,0,0,0,18.1,20,20,20,19.2,19.2,16.1,18.5,19.2,16.1,20,19.5,16.8,20,18.5,18.1,18.1,20,18.8,19.5,18.8,20,18.5,20,19.2,18.8,20,19.5,20,20,18.1,18.8,18.5,20,18.1,18.8,18.1,18.5,18.8,18.1,18.8,18.1,19.2,18.8,19.2,18.1,18.8,13653600,15428568,34138,30,False
Club F AMR 1,ClubF-AMR-1,Example League,2026/27,Club F,AMR,2546,24,0.374,0.352,0.438,2.122,0.976,0.337,0.326,0.277,1.843,1.843,5.118,4.07,4.2,2.1,1.5,1.598,1.384,0.744,1.975,1.296,1.442,9.744,6.244,1.926,-0.03,0,0,0,18.4,20,20,20,19.4,19.4,16.4,18.7,19.4,16.4,20,19.8,17.1,20,18.7,18.4,18.4,20,19.1,19.8,19.1,20,18.7,20,19.4,19.1,20,19.8,20,20,18.4,19.1,18.7,20,18.4,19.1,18.4,18.7,19.1,18.4,19.1,18.4,19.4,19.1,19.4,18.4,19.1,16328088,18858942,36486,30,False
Club F AMR 2,ClubF-AMR-2,Example League,2026/27,Club F,AMR,906,27,0.374,0.352,0.438,2.122,0.976,0.337,0.326,0.277,1.843,1.843,5.118,4.07,4.2,2.1,1.5,1.563,1.354,0.726,1.925,1.266,1.409,9.604,6.097,1.886,-0.03,0,0,0,17.9,20,20,20,18.9,18.9,15.9,18.2,18.9,15.9,20,19.3,16.6,20,18.2,17.9,17.9,20,18.6,19.3,18.6,20,18.2,20,18.9,18.6,20,19.3,20,20,17.9,18.6,18.2,20,17.9,18.6,17.9,18.2,18.6,17.9,18.6,17.9,18.9,18.6,18.9,17.9,18.6,12799788,14783755,33442,36,False
Club F ST 1,ClubF-ST-1,Example League,2026/27,Club F,ST,2563,25,0.54,0.508,0.604,3.128,1.439,0.486,0.153,0.13,0.959,0.959,7.32,4.5,0.6,1.36,0.1,1.54,1.327,0.715,2.005,1.32,1.468,9.576,6.32,1.86,0.012,0,0,0,19.6,18.5,19.2,20,20,18.9,20,18.2,18.9,16.6,19.6,19.2,15.5,19.2,18.2,20,19.6,20,18.5,19.2,18.5,18.2,18.2,20,15.9,18.5,18.9,19.2,20,19.6,19.6,19.5,18.2,20,19.6,19.5,19.6,18.2,18.5,19.6,18.5,19.6,18.9,18.5,18.9,19.6,18.5,18201972,21478327,36017,36,False
Club F ST 2,ClubF-ST-2,Example League,2026/27,Club F,ST,917,28,0.54,0.508,0.604,3.128,1.439,0.486,0.147,0.125,0.941,0.941,7.32,4.5,0.6,1.335,0.1,1.514,1.312,0.702,1.955,1.29,1.435,9.436,6.228,1.83,0.047,0,0,0,19.1,18,18.7,20,20,18.4,20,17.7,18.4,16.1,19.1,18.7,15,18.7,17.7,20,19.1,20,18,18.7,18,17.7,17.7,20,15.4,18,18.4,18.7,20,19.1,19.1,19,17.7,20,19.1,19,19.1,17.7,18,19.1,18,19.1,18.4,18,18.4,19.1,18,14396413,16987767,32950,12,False
Club G GK 1,ClubG-GK-1,Example League,2026/27,Club G,GK,2375,29,0,0,0.03,0,0,0,0.005,0.004,0.02,0.02,0,0,2.1,0,0,0,0,0,0,0,0,0,0,0,0,2.433,84,0.5,16.2,15.1,15.8,15.8,15.5,15.5,16.2,16.5,15.5,16.2,16.2,15.8,15.1,15.8,16.5,20,16.2,15.8,20,20,15.1,16.5,16.5,16.2,15.5,15.1,15.5,15.8,16.2,16.2,16.2,15.1,16.5,15.8,16.2,15.1,20,20,20,19.2,20,20,20,20,20,19.2,20,12147962,13423498,35387,18,False
Club G GK 2,ClubG-GK-2,Example League,2026/27,Club G,GK,790,20,0,0,0.026,0,0,0,0.005,0.004,0.02,0.02,0,0,2.1,0,0,0,0,0,0,0,0,0,0,0,0,2.488,84,0.5,15.7,14.6,15.3,15.3,15,15,15.7,16,15,15.7,15.7,15.3,14.6,15.3,16,20,15.7,15.3,20,20,14.6,16,16,15.7,15,14.6,15,15.3,15.7,15.7,15.7,14.6,16,15.3,15.7,14.6,20,20,20,18.7,20,20,20,20,20,18.7,20,11284994,12469918,32565,24,False
Club G DC 1,ClubG-DC-1,Example League,2026/27,Club G,DC,2392,30,0.035,0.033,0.078,0.3,0.132,0.032,0.05,0.043,0.15,0.15,0.25,0.2,3.7,0.05,0.03,2.25,2.05,1.52,3.4,2.45,2.5,8.292,5.473,2.1,0.113,0,0,0,19.3,18.2,15.9,15.9,18.6,18.6,20,17.9,18.6,20,20,18.9,20,18.9,17.9,20,20,18.9,20,19.9,18.2,14.9,17.9,19.3,20,18.2,18.6,18.9,19.3,19.3,19.3,20,17.9,19.9,19.3,20,19.3,17.9,18.2,19.3,18.2,19.3,18.6,18.2,18.6,19.3,18.2,14169150,16011140,34931,24,False
Club G DC 2,ClubG-DC-2,Example League,2026/27,Club G,DC,801,21,0.035,0.033,0.075,0.3,0.131,0.032,0.05,0.042,0.15,0.15,0.25,0.2,3.678,0.05,0.03,2.25,2.05,1.52,3.4,2.45,2.5,8.18,5.399,2.1,0.134,0,0,0,18.8,17.8,15.5,15.5,18.1,18.1,20,17.4,18.1,20,19.8,18.5,20,18.5,17.4,20,20,18.5,20,19.5,17.8,14.4,17.4,18.8,20,17.8,18.1,18.5,18.8,18.8,18.8,20,17.4,19.5,18.8,20,18.8,17.4,17.8,18.8,17.8,18.8,18.1,17.8,18.1,18.8,17.8,12940000,14622200,32078,30,False
Club G DL 1,ClubG-DL-1,Example League,2026/27,Club G,DL,2409,31,0.015,0.014,0.069,0.35,0.161,0.014,0.16,0.136,0.98,0.98,0.6,1.1,5,1.138,2.1,1.734,1.45,0.812,2.055,1.23,1.37,8.6,5.676,2.082,-0.02,0,0,0,19.1,20,19.7,18.7,18.4,18.4,19.1,17.7,18.4,19.1,20,18.7,20,18.7,17.7,20,19.1,18.7,18,18.7,18,17.7,17.7,19.1,20,18,18.4,20,20,19.1,19.1,18,17.7,20,20,18,19.1,17.7,18,19.1,18,19.1,18.4,18,18.4,19.1,18,13538088,15636492,34253,30,False
Club G DL 2,ClubG-DL-2,Example League,2026/27,Club G,DL,812,22,0.015,0.014,0.065,0.35,0.161,0.014,0.156,0.132,0.967,0.967,0.6,1.1,4.94,1.118,2.076,1.713,1.438,0.802,2.005,1.2,1.338,8.6,5.635,2.058,0.012,0,0,0,18.6,19.7,19.2,18.2,17.9,17.9,18.6,17.2,17.9,18.6,19.6,18.2,19.7,18.2,17.2,19.6,18.6,18.2,17.5,18.2,17.5,17.2,17.2,18.6,20,17.5,17.9,20,20,18.6,18.6,17.5,17.2,20,20,17.5,18.6,17.2,17.5,18.6,17.5,18.6,17.9,17.5,17.9,18.6,17.5,12132188,14012677,31386,36,False
Club G DR 1,ClubG-DR-1,Example League,2026/27,Club G,DR,2426,20,0.015,0.014,0.074,0.35,0.161,0.014,0.16,0.136,0.98,0.98,0.6,1.1,5,1.15,2.1,1.745,1.45,0.817,2.12,1.272,1.416,8.6,5.676,2.094,-0.03,0,0,0,19.7,20,20,19.4,19,19,19.7,18.3,19,19.7,20,19.4,20,19.4,18.3,20,19.7,19.4,18.7,19.4,18.7,18.3,18.3,19.7,20,18.7,19,20,20,19.7,19.7,18.7,18.3,20,20,18.7,19.7,18.3,18.7,19.7,18.7,19.7,19,18.7,19,19.7,18.7,17154400,20242192,36430,36,False
Club G DR 2,ClubG-DR-2,Example League,2026/27,Club G,DR,823,23,0.015,0.014,0.07,0.35,0.161,0.014,0.16,0.136,0.98,0.98,0.6,1.1,5,1.146,2.1,1.738,1.45,0.814,2.075,1.242,1.383,8.6,5.676,2.086,-0.027,0,0,0,19.3,20,19.9,18.9,18.6,18.6,19.3,17.9,18.6,19.3,20,18.9,20,18.9,17.9,20,19.3,18.9,18.2,18.9,18.2,17.9,17.9,19.3,20,18.2,18.6,20,20,19.3,19.3,18.2,17.9,20,20,18.2,19.3,17.9,18.2,19.3,18.2,19.3,18.6,18.2,18.6,19.3,18.2,13638750,16093725,33387,12,False
Club G DM 1,ClubG-DM-1,Example League,2026/27,Club G,DM,2443,21,0.082,0.077,0.14,0.696,0.32,0.074,0.16,0.136,1.18,1.18,0.7,0.8,6.1,0.776,0.15,2.25,1.45,0.82,2.125,1.26,1.403,8.6,5.676,2.1,-0.002,0,0,0,19.5,18.5,19.2,19.2,18.8,18.8,19.5,18.1,18.8,20,20,19.2,20,20,18.1,20,19.5,19.2,20,20,18.5,18.1,18.1,19.5,20,20,20,20,19.5,19.5,19.5,18.5,18.1,19.2,20,20,19.5,18.1,18.5,19.5,18.5,19.5,18.8,18.5,18.8,19.5,18.5,16254587,17554954,35730,12,False
Club G DM 2,ClubG-DM-2,Example League,2026/27,Club G,DM,834,24,0.079,0.074,0.133,0.687,0.316,0.071,0.16,0.136,1.18,1.18,0.7,0.8,6.1,0.761,0.15,2.25,1.45,0.82,2.1,1.23,1.37,8.6,5.676,2.1,0.015,0,0,0,19,18,18.7,18.7,18.3,18.3,19,17.6,18.3,20,20,18.7,20,20,17.6,20,19,18.7,20,20,18,17.6,17.6,19,20,20,20,20,19,19,19,18,17.6,18.7,20,20,19,17.6,18,19,18,19,18.3,18,18.3,19,18,12802188,13826363,32692,18,False
Club G MC 1,ClubG-MC-1,Example League,2026/27,Club G,MC,2460,22,0.078,0.073,0.125,0.684,0.314,0.07,0.16,0.136,1.18,1.18,0.7,0.8,6.1,0.737,0.15,2.187,1.429,0.789,2.055,1.284,1.428,8.6,5.676,2.028,0.043,0,0,0,18.2,18.9,17.9,17.9,20,19.3,18.2,19.8,19.3,18.2,20,17.9,18.9,20,18.6,20,18.2,17.9,18.9,20,18.9,18.6,18.6,19.4,19.3,20,20,20,18.2,18.2,18.2,18.9,18.6,17.9,20,18.9,18.2,18.6,18.9,18.2,18.9,18.2,19.3,18.9,19.3,18.2,18.9,15369150,16982911,35031,18,False
Club G MC 2,ClubG-MC-2,Example League,2026/27,Club G,MC,845,25,0.075,0.071,0.118,0.676,0.307,0.068,0.16,0.136,1.18,1.18,0.7,0.8,6.1,0.722,0.15,2.164,1.414,0.777,2.015,1.26,1.403,8.488,5.602,2.002,0.061,0,0,0,17.8,18.5,17.4,17.4,20,18.8,17.8,19.3,18.8,17.8,20,17.4,18.5,19.6,18.1,20,17.8,17.4,18.5,19.6,18.5,18.1,18.1,19,18.8,20,20,19.6,17.8,17.8,17.8,18.5,18.1,17.4,20,18.5,17.8,18.1,18.5,17.8,18.5,17.8,18.8,18.5,18.8,17.8,18.5,11980000,13237900,31998,24,False
Club G AML 1,ClubG-AML-1,Example League,2026/27,Club G,AML,2477,23,0.374,0.352,0.438,2.122,0.976,0.337,0.326,0.277,1.843,1.843,5.118,4.07,4.2,2.1,1.5,1.549,1.342,0.719,1.905,1.254,1.396,9.548,6.038,1.87,-0.03,0,0,0,17.7,20,20,20,18.7,18.7,15.7,18,18.7,15.7,20,19.1,16.4,20,18,17.7,17.7,20,18.4,19.1,18.4,20,18,20,18.7,18.4,20,19.1,20,20,17.7,18.4,18,20,17.7,18.4,17.7,18,18.4,17.7,18.4,17.7,18.7,18.4,18.7,17.7,18.4,14498088,16382839,34333,24,False
Club G AML 2,ClubG-AML-2,Example League,2026/27,Club G,AML,856,26,0.367,0.345,0.428,2.101,0.966,0.33,0.324,0.275,1.836,1.836,5.069,4.035,4.164,2.1,1.5,1.514,1.312,0.702,1.855,1.224,1.364,9.408,5.893,1.83,-0.02,0,0,0,17.2,20,20,19.6,18.2,18.2,15.2,17.5,18.2,15.2,19.7,18.6,15.9,20,17.5,17.2,17.2,19.6,17.9,18.6,17.9,20,17.5,19.7,18.2,17.9,20,18.6,19.7,19.7,17.2,17.9,17.5,20,17.2,17.9,17.2,17.5,17.9,17.2,17.9,17.2,18.2,17.9,18.2,17.2,17.9,11172188,12624572,31306,30,False
Club G AMC 1,ClubG-AMC-1,Example League,2026/27,Club G,AMC,2494,24,0.374,0.352,0.438,2.122,0.976,0.337,0.326,0.277,1.843,1.843,5.118,4.07,4.2,2.1,1.5,1.593,1.381,0.741,1.965,1.29,1.435,9.716,6.214,1.92,-0.03,0,0,0,18.3,20,20,20,19.4,19.4,16.3,18.7,19.4,16.3,20,19.7,17,20,18.7,18.3,18.3,20,19,19.7,19,20,18.7,20,19.4,19,20,19.7,20,20,18.3,19,18.7,20,18.3,19,18.3,18.7,19,18.3,19,18.3,19.4,19,19.4,18.3,19,16194400,18704532,36350,30,False
Club G AMC 2,ClubG-AMC-2,Example League,2026/27,Club G,AMC,867,27,0.374,0.352,0.438,2.122,0.976,0.337,0.326,0.277,1.843,1.843,5.118,4.07,4.2,2.1,1.5,1.563,1.354,0.726,1.925,1.266,1.409,9.604,6.097,1.886,-0.03,0,0,0,17.9,20,20,20,18.9,18.9,15.9,18.2,18.9,15.9,20,19.3,16.6,20,18.2,17.9,17.9,20,18.6,19.3,18.6,20,18.2,20,18.9,18.6,20,19.3,20,20,17.9,18.6,18.2,20,17.9,18.6,17.9,18.2,18.6,17.9,18.6,17.9,18.9,18.6,18.9,17.9,18.6,12678750,14643956,33307,36,False
Club G AMR 1,ClubG-AMR-1,Example League,2026/27,Club G,AMR,2511,25,0.374,0.352,0.438,2.122,0.976,0.337,0.326,0.277,1.843,1.843,5.118,4.07,4.2,2.1,1.5,1.579,1.369,0.734,1.945,1.278,1.422,9.66,6.155,1.904,-0.03,0,0,0,18.1,20,20,20,19.2,19.2,16.1,18.5,19.2,16.1,20,19.5,16.8,20,18.5,18.1,18.1,20,18.8,19.5,18.8,20,18.5,20,19.2,18.8,20,19.5,20,20,18.1,18.8,18.5,20,18.1,18.8,18.1,18.5,18.8,18.1,18.8,18.1,19.2,18.8,19.2,18.1,18.8,15294587,18047613,35650,36,False
Club G AMR 2,ClubG-AMR-2,Example League,2026/27,Club G,AMR,878,28,0.374,0.352,0.438,2.122,0.976,0.337,0.326,0.277,1.843,1.843,5.118,4.07,4.2,2.1,1.5,1.543,1.339,0.717,1.895,1.248,1.39,9.52,6.009,1.864,-0.03,0,0,0,17.6,20,20,20,18.7,18.7,15.6,18,18.7,15.6,20,19,16.3,20,18,17.6,17.6,20,18.3,19,18.3,20,18,20,18.7,18.3,20,19,20,20,17.6,18.3,18,20,17.6,18.3,17.6,18,18.3,17.6,18.3,17.6,18.7,18.3,18.7,17.6,18.3,12082188,14256982,32632,12,False
Club G ST 1,ClubG-ST-1,Example League,2026/27,Club G,ST,2528,26,0.54,0.508,0.604,3.128,1.439,0.486,0.149,0.127,0.948,0.948,7.32,4.5,0.6,1.345,0.1,1.524,1.318,0.707,1.975,1.302,1.448,9.492,6.265,1.842,0.033,0,0,0,19.3,18.2,18.9,20,20,18.6,20,17.9,18.6,16.3,19.3,18.9,15.2,18.9,17.9,20,19.3,20,18.2,18.9,18.2,17.9,17.9,20,15.6,18.2,18.6,18.9,20,19.3,19.3,19.2,17.9,20,19.3,19.2,19.3,17.9,18.2,19.3,18.2,19.3,18.6,18.2,18.6,19.3,18.2,17002797,18363021,35167,12,False
Club G ST 2,ClubG-ST-2,Example League,2026/27,Club G,ST,889,29,0.54,0.508,0.604,3.128,1.439,0.486,0.143,0.122,0.93,0.93,7.32,4.5,0.6,1.325,0.1,1.5,1.303,0.695,1.93,1.278,1.422,9.38,6.191,1.814,0.064,0,0,0,18.8,17.8,18.5,20,20,18.1,19.8,17.4,18.1,15.8,18.8,18.5,14.8,18.5,17.4,20,18.8,20,17.8,18.5,17.8,17.4,17.4,20,15.1,17.8,18.1,18.5,20,18.8,18.8,18.8,17.4,20,18.8,18.8,18.8,17.4,17.8,18.8,17.8,18.8,18.1,17.8,18.1,18.8,17.8,13570000,14655600,32131,18,False
Club H GK 1,ClubH-GK-1,Example League,2026/27,Club H,GK,2340,30,0,0,0.028,0,0,0,0.005,0.004,0.02,0.02,0,0,2.1,0,0,0,0,0,0,0,0,0,0,0,0,2.448,84,0.5,15.9,14.8,15.5,15.5,15.2,15.2,15.9,16.2,15.2,15.9,15.9,15.5,14.8,15.5,16.2,20,15.9,15.5,20,20,14.8,16.2,16.2,15.9,15.2,14.8,15.2,15.5,15.9,15.9,15.9,14.8,16.2,15.5,15.9,14.8,20,20,20,18.9,20,20,20,20,20,18.9,20,11514266,13011121,34585,24,False
Club H GK 2,ClubH-GK-2,Example League,2026/27,Club H,GK,762,21,0,0,0.025,0,0,0,0.005,0.004,0.02,0.02,0,0,2.1,0,0,0,0,0,0,0,0,0,0,0,0,2.503,84,0.5,15.4,14.4,15.1,15.1,14.7,14.7,15.4,15.8,14.7,15.4,15.4,15.1,14.4,15.1,15.8,20,15.4,15.1,20,20,14.4,15.8,15.8,15.4,14.7,14.4,14.7,15.1,15.4,15.4,15.4,14.4,15.8,15.1,15.4,14.4,20,20,20,18.4,20,20,20,20,20,18.4,20,10516736,11883912,31751,30,False
Club H DC 1,ClubH-DC-1,Example League,2026/27,Club H,DC,2357,31,0.035,0.033,0.077,0.3,0.131,0.032,0.05,0.043,0.15,0.15,0.25,0.2,3.7,0.05,0.03,2.25,2.05,1.52,3.4,2.45,2.5,8.236,5.436,2.1,0.12,0,0,0,19,18,15.7,15.7,18.3,18.3,20,17.6,18.3,20,20,18.7,20,18.7,17.6,20,20,18.7,20,19.7,18,14.6,17.6,19,20,18,18.3,18.7,19,19,19,20,17.6,19.7,19,20,19,17.6,18,19,18,19,18.3,18,18.3,19,18,13413600,15492708,34118,30,False
Club H DC 2,ClubH-DC-2,Example League,2026/27,Club H,DC,773,22,0.035,0.033,0.073,0.3,0.13,0.032,0.049,0.042,0.15,0.15,0.25,0.2,3.645,0.05,0.03,2.25,2.05,1.52,3.4,2.45,2.5,8.096,5.343,2.1,0.155,0,0,0,18.5,17.5,15.2,15.2,17.8,17.8,20,17.1,17.8,20,19.5,18.2,20,18.2,17.1,20,20,18.2,20,19.2,17.5,14.1,17.1,18.5,20,17.5,17.8,18.2,18.5,18.5,18.5,20,17.1,19.2,18.5,20,18.5,17.1,17.5,18.5,17.5,18.5,17.8,17.5,17.8,18.5,17.5,12020350,13883504,31252,36,False
Club H DL 1,ClubH-DL-1,Example League,2026/27,Club H,DL,2374,20,0.015,0.014,0.066,0.35,0.161,0.014,0.158,0.134,0.975,0.975,0.6,1.1,4.97,1.126,2.092,1.724,1.444,0.807,2.025,1.212,1.351,8.6,5.655,2.07,-0.002,0,0,0,18.8,19.9,19.4,18.4,18.1,18.1,18.8,17.4,18.1,18.8,19.8,18.4,19.9,18.4,17.4,19.8,18.8,18.4,17.7,18.4,17.7,17.4,17.4,18.8,20,17.7,18.1,20,20,18.8,18.8,17.7,17.4,20,20,17.7,18.8,17.4,17.7,18.8,17.7,18.8,18.1,17.7,18.1,18.8,17.7,14479787,17086149,33582,36,False
Club H DL 2,ClubH-DL-2,Example League,2026/27,Club H,DL,784,23,0.015,0.014,0.063,0.35,0.161,0.014,0.153,0.13,0.958,0.958,0.6,1.1,4.895,1.11,2.06,1.696,1.423,0.793,1.98,1.188,1.325,8.6,5.604,2.038,0.029,0,0,0,18.3,19.5,19,18,17.6,17.6,18.3,16.9,17.6,18.3,19.3,18,19.5,18,16.9,19.3,18.3,18,17.3,18,17.3,16.9,16.9,18.3,19.8,17.3,17.6,20,20,18.3,18.3,17.3,16.9,20,20,17.3,18.3,16.9,17.3,18.3,17.3,18.3,17.6,17.3,17.6,18.3,17.3,11229787,13251149,30561,12,False
Club H DR 1,ClubH-DR-1,Example League,2026/27,Club H,DR,2391,21,0.015,0.014,0.065,0.35,0.161,0.014,0.156,0.132,0.967,0.967,0.6,1.1,4.94,1.118,2.076,1.713,1.438,0.802,2.005,1.2,1.338,8.6,5.635,2.058,0.012,0,0,0,18.6,19.7,19.2,18.2,17.9,17.9,18.6,17.2,17.9,18.6,19.6,18.2,19.7,18.2,17.2,19.6,18.6,18.2,17.5,18.2,17.5,17.2,17.2,18.6,20,17.5,17.9,20,20,18.6,18.6,17.5,17.2,20,20,17.5,18.6,17.2,17.5,18.6,17.5,18.6,17.9,17.5,17.9,18.6,17.5,13640350,14731578,32887,12,False
Club H DR 2,ClubH-DR-2,Example League,2026/27,Club H,DR,795,24,0.015,0.014,0.061,0.35,0.16,0.014,0.15,0.127,0.949,0.949,0.6,1.1,4.865,1.098,2.036,1.68,1.411,0.785,1.955,1.17,1.305,8.572,5.565,2.02,0.047,0,0,0,18.1,19.2,18.7,17.7,17.4,17.4,18.1,16.7,17.4,18.1,19.1,17.7,19.2,17.7,16.7,19.1,18.1,17.7,17,17.7,17,16.7,16.7,18.1,19.6,17,17.4,19.9,20,18.1,18.1,17,16.7,19.9,20,17,18.1,16.7,17,18.1,17,18.1,17.4,17,17.4,18.1,17,10453600,11289888,29871,18,False
Club H DM 1,ClubH-DM-1,Example League,2026/27,Club H,DM,2408,22,0.08,0.075,0.135,0.691,0.318,0.072,0.16,0.136,1.18,1.18,0.7,0.8,6.1,0.767,0.15,2.25,1.45,0.82,2.11,1.242,1.383,8.6,5.676,2.1,0.008,0,0,0,19.2,18.2,18.9,18.9,18.5,18.5,19.2,17.8,18.5,20,20,18.9,20,20,17.8,20,19.2,18.9,20,20,18.2,17.8,17.8,19.2,20,20,20,20,19.2,19.2,19.2,18.2,17.8,18.9,20,20,19.2,17.8,18.2,19.2,18.2,19.2,18.5,18.2,18.5,19.2,18.2,15241787,16842175,34895,18,False
Club H DM 2,ClubH-DM-2,Example League,2026/27,Club H,DM,806,25,0.078,0.073,0.129,0.683,0.314,0.07,0.16,0.136,1.18,1.18,0.7,0.8,6.1,0.752,0.15,2.248,1.45,0.819,2.085,1.212,1.351,8.6,5.676,2.098,0.026,0,0,0,18.8,17.7,18.4,18.4,18.1,18.1,18.8,17.4,18.1,20,20,18.4,19.9,20,17.4,20,18.8,18.4,19.9,20,17.7,17.4,17.4,18.8,20,19.9,20,20,18.8,18.8,18.8,17.7,17.4,18.4,20,19.9,18.8,17.4,17.7,18.8,17.7,18.8,18.1,17.7,18.1,18.8,17.7,11865287,13111142,31864,24,False
Club H MC 1,ClubH-MC-1,Example League,2026/27,Club H,MC,2425,23,0.076,0.072,0.121,0.679,0.31,0.069,0.16,0.136,1.18,1.18,0.7,0.8,6.1,0.728,0.15,2.175,1.42,0.782,2.035,1.272,1.416,8.544,5.639,2.014,0.054,0,0,0,18,18.7,17.6,17.6,20,19,18,19.5,19,18,20,17.6,18.7,19.8,18.3,20,18,17.6,18.7,19.8,18.7,18.3,18.3,19.2,19,20,20,19.8,18,18,18,18.7,18.3,17.6,20,18.7,18,18.3,18.7,18,18.7,18,19,18.7,19,18,18.7,14373600,16242168,34198,24,False
Club H MC 2,ClubH-MC-2,Example League,2026/27,Club H,MC,817,26,0.073,0.069,0.114,0.67,0.302,0.066,0.158,0.134,1.175,1.175,0.7,0.8,6.046,0.713,0.15,2.143,1.396,0.767,1.985,1.242,1.383,8.404,5.516,1.978,0.082,0,0,0,17.5,18.2,17.1,17.1,19.7,18.5,17.5,19,18.5,17.5,19.7,17.1,18.2,19.3,17.8,19.7,17.5,17.1,18.2,19.3,18.2,17.8,17.8,18.7,18.5,20,20,19.3,17.5,17.5,17.5,18.2,17.8,17.1,19.7,18.2,17.5,17.8,18.2,17.5,18.2,17.5,18.5,18.2,18.5,17.5,18.2,11060350,12498196,31172,30,False
Club H AML 1,ClubH-AML-1,Example League,2026/27,Club H,AML,2442,24,0.371,0.349,0.434,2.114,0.972,0.334,0.325,0.277,1.841,1.841,5.098,4.056,4.188,2.1,1.5,1.528,1.324,0.709,1.875,1.236,1.377,9.464,5.951,1.846,-0.027,0,0,0,17.4,20,20,19.8,18.4,18.4,15.4,17.7,18.4,15.4,19.9,18.8,16.1,20,17.7,17.4,17.4,19.8,18.1,18.8,18.1,20,17.7,19.9,18.4,18.1,20,18.8,19.9,19.9,17.4,18.1,17.7,20,17.4,18.1,17.4,17.7,18.1,17.4,18.1,17.4,18.4,18.1,18.4,17.4,18.1,13519787,15615354,33502,30,False
Club H AML 2,ClubH-AML-2,Example League,2026/27,Club H,AML,828,27,0.361,0.339,0.419,2.082,0.958,0.325,0.322,0.274,1.83,1.83,5.025,4.004,4.128,2.1,1.5,1.495,1.297,0.692,1.825,1.206,1.344,9.324,5.807,1.808,-0.009,0,0,0,16.9,20,20,19.3,18,18,14.9,17.3,18,14.9,19.4,18.3,15.6,20,17.3,16.9,16.9,19.3,17.6,18.3,17.6,19.8,17.3,19.4,18,17.6,20,18.3,19.4,19.4,16.9,17.6,17.3,20,16.9,17.6,16.9,17.3,17.6,16.9,17.6,16.9,18,17.6,18,16.9,17.6,10269787,11861604,30481,36,False
Club H AMC 1,ClubH-AMC-1,Example League,2026/27,Club H,AMC,2459,25,0.367,0.345,0.428,2.101,0.966,0.33,0.324,0.275,1.836,1.836,5.069,4.035,4.164,2.1,1.5,1.514,1.312,0.702,1.855,1.224,1.364,9.408,5.893,1.83,-0.02,0,0,0,17.2,20,20,19.6,18.2,18.2,15.2,17.5,18.2,15.2,19.7,18.6,15.9,20,17.5,17.2,17.2,19.6,17.9,18.6,17.9,20,17.5,19.7,18.2,17.9,20,18.6,19.7,19.7,17.2,17.9,17.5,20,17.2,17.9,17.2,17.5,17.9,17.2,17.9,17.2,18.2,17.9,18.2,17.2,17.9,12680350,14962813,32807,36,False
Club H AMC 2,ClubH-AMC-2,Example League,2026/27,Club H,AMC,839,28,0.357,0.335,0.413,2.07,0.952,0.321,0.32,0.272,1.823,1.823,4.996,3.983,4.104,2.1,1.494,1.479,1.282,0.684,1.805,1.194,1.331,9.268,5.75,1.79,-0.002,0,0,0,16.7,19.9,20,19.1,17.7,17.7,14.7,17,17.7,14.7,19.2,18.1,15.4,20,17,16.7,16.7,19.1,17.4,18.1,17.4,19.5,17,19.2,17.7,17.4,20,18.1,19.2,19.2,16.7,17.4,17,20,16.7,17.4,16.7,17,17.4,16.7,17.4,16.7,17.7,17.4,17.7,16.7,17.4,9733600,11485648,29811,12,False
Club H AMR 1,ClubH-AMR-1,Example League,2026/27,Club H,AMR,2476,26,0.374,0.352,0.438,2.122,0.976,0.337,0.326,0.277,1.843,1.843,5.118,4.07,4.2,2.1,1.5,1.558,1.351,0.724,1.915,1.26,1.403,9.576,6.067,1.88,-0.03,0,0,0,17.8,20,20,20,18.9,18.9,15.8,18.2,18.9,15.8,20,19.2,16.5,20,18.2,17.8,17.8,20,18.5,19.2,18.5,20,18.2,20,18.9,18.5,20,19.2,20,20,17.8,18.5,18.2,20,17.8,18.5,17.8,18.2,18.5,17.8,18.5,17.8,18.9,18.5,18.9,17.8,18.5,14281787,15424330,34815,12,False
Club H AMR 2,ClubH-AMR-2,Example League,2026/27,Club H,AMR,850,29,0.371,0.349,0.434,2.114,0.972,0.334,0.325,0.277,1.841,1.841,5.098,4.056,4.188,2.1,1.5,1.528,1.324,0.709,1.875,1.236,1.377,9.464,5.951,1.846,-0.027,0,0,0,17.4,20,20,19.8,18.4,18.4,15.4,17.7,18.4,15.4,19.9,18.8,16.1,20,17.7,17.4,17.4,19.8,18.1,18.8,18.1,20,17.7,19.9,18.4,18.1,20,18.8,19.9,19.9,17.4,18.1,17.7,20,17.4,18.1,17.4,17.7,18.1,17.4,18.1,17.4,18.4,18.1,18.4,17.4,18.1,11385287,12296110,31824,18,False
Club H ST 1,ClubH-ST-1,Example League,2026/27,Club H,ST,2493,27,0.54,0.508,0.604,3.128,1.439,0.486,0.146,0.124,0.937,0.937,7.32,4.5,0.6,1.335,0.1,1.51,1.309,0.7,1.95,1.29,1.435,9.436,6.228,1.826,0.05,0,0,0,19,18,18.7,20,20,18.3,20,17.6,18.3,16,19,18.7,15,18.7,17.6,20,19,20,18,18.7,18,17.6,17.6,20,15.3,18,18.3,18.7,20,19,19,19,17.6,20,19,19,19,17.6,18,19,18,19,18.3,18,18.3,19,18,15828048,17489993,34319,18,False
Club H ST 2,ClubH-ST-2,Example League,2026/27,Club H,ST,861,30,0.54,0.508,0.604,3.128,1.439,0.486,0.14,0.119,0.919,0.919,7.32,4.5,0.6,1.31,0.1,1.484,1.294,0.687,1.9,1.26,1.403,9.296,6.135,1.796,0.085,0,0,0,18.5,17.5,18.2,20,20,17.8,19.5,17.1,17.8,15.5,18.5,18.2,14.5,18.2,17.1,20,18.5,20,17.5,18.2,17.5,17.1,17.1,20,14.8,17.5,17.8,18.2,20,18.5,18.5,18.5,17.1,20,18.5,18.5,18.5,17.1,17.5,18.5,17.5,18.5,17.8,17.5,17.8,18.5,17.5,12768013,14108654,31314,24,False
Club I GK 1,ClubI-GK-1,Example League,2026/27,Club I,GK,2305,31,0,0,0.019,0,0,0,0.005,0.004,0.02,0.02,0,0,2.1,0,0,0,0,0,0,0,0,0,0,0,0,2.513,83.67,0.485,14.7,13.7,14.4,14.4,14,14,14.7,15.1,14,14.7,14.7,14.4,13.7,14.4,15.1,20,14.7,14.4,19.7,20,13.7,15.1,15.1,14.7,14,13.7,14,14.4,14.7,14.7,14.7,13.7,15.1,14.4,14.7,13.7,20,20,19.7,17.7,19.7,20,20,19.7,20,17.7,19.7,8964394,10353875,31122,30,False
Club I GK 2,ClubI-GK-2,Example League,2026/27,Club I,GK,734,22,0,0,0.015,0,0,0,0.005,0.004,0.02,0.02,0,0,2.1,0,0,0,0,0,0,0,0,0,0,0,0,2.568,83.12,0.448,14.2,13.2,13.9,13.9,13.5,13.5,14.2,14.6,13.5,14.2,14.2,13.9,13.2,13.9,14.6,20,14.2,13.9,19.2,19.9,13.2,14.6,14.6,14.2,13.5,13.2,13.5,13.9,14.2,14.2,14.2,13.2,14.6,13.9,14.2,13.2,20,20,19.2,17.2,19.2,20,19.5,19.2,19.5,17.2,19.2,8039762,9285925,28295,36,False
Club I DC 1,ClubI-DC-1,Example League,2026/27,Club I,DC,2322,20,0.035,0.033,0.074,0.3,0.13,0.032,0.05,0.042,0.15,0.15,0.25,0.2,3.678,0.05,0.03,2.25,2.05,1.52,3.4,2.45,2.5,8.152,5.38,2.1,0.138,0,0,0,18.8,17.7,15.4,15.4,18.1,18.1,20,17.4,18.1,20,19.8,18.4,20,18.4,17.4,20,20,18.4,20,19.4,17.7,14.4,17.4,18.8,20,17.7,18.1,18.4,18.8,18.8,18.8,20,17.4,19.4,18.8,20,18.8,17.4,17.7,18.8,17.7,18.8,18.1,17.7,18.1,18.8,17.7,14358750,16943325,33447,36,False
Club I DC 2,ClubI-DC-2,Example League,2026/27,Club I,DC,745,23,0.035,0.033,0.07,0.3,0.129,0.032,0.049,0.041,0.15,0.15,0.25,0.2,3.623,0.05,0.03,2.25,2.05,1.52,3.4,2.45,2.5,8.012,5.288,2.1,0.173,0,0,0,18.3,17.2,14.9,14.9,17.6,17.6,20,16.9,17.6,20,19.3,17.9,20,17.9,16.9,20,20,17.9,20,18.9,17.2,13.9,16.9,18.3,20,17.2,17.6,17.9,18.3,18.3,18.3,20,16.9,18.9,18.3,20,18.3,16.9,17.2,18.3,17.2,18.3,17.6,17.2,17.6,18.3,17.2,11121400,13123252,30427,12,False
Club I DL 1,ClubI-DL-1,Example League,2026/27,Club I,DL,2339,21,0.015,0.014,0.065,0.35,0.161,0.014,0.155,0.132,0.966,0.966,0.6,1.1,4.925,1.118,2.076,1.71,1.435,0.8,2,1.2,1.338,8.6,5.624,2.054,0.015,0,0,0,18.5,19.7,19.2,18.2,17.8,17.8,18.5,17.1,17.8,18.5,19.5,18.2,19.7,18.2,17.1,19.5,18.5,18.2,17.5,18.2,17.5,17.1,17.1,18.5,20,17.5,17.8,20,20,18.5,18.5,17.5,17.1,20,20,17.5,18.5,17.1,17.5,18.5,17.5,18.5,17.8,17.5,17.8,18.5,17.5,13522188,14603963,32752,12,False
Club I DL 2,ClubI-DL-2,Example League,2026/27,Club I,DL,756,24,0.015,0.014,0.061,0.35,0.16,0.014,0.149,0.127,0.948,0.948,0.6,1.1,4.85,1.098,2.036,1.675,1.405,0.782,1.95,1.17,1.305,8.572,5.555,2.014,0.05,0,0,0,18,19.2,18.7,17.7,17.3,17.3,18,16.6,17.3,18,19,17.7,19.2,17.7,16.6,19,18,17.7,17,17.7,17,16.6,16.6,18,19.5,17,17.3,19.9,20,18,18,17,16.6,19.9,20,17,18,16.6,17,18,17,18,17.3,17,17.3,18,17,10348088,11175935,29737,18,False
Club I DR 1,ClubI-DR-1,Example League,2026/27,Club I,DR,2356,22,0.015,0.014,0.063,0.35,0.161,0.014,0.153,0.13,0.958,0.958,0.6,1.1,4.895,1.11,2.06,1.696,1.423,0.793,1.98,1.188,1.325,8.6,5.604,2.038,0.029,0,0,0,18.3,19.5,19,18,17.6,17.6,18.3,16.9,17.6,18.3,19.3,18,19.5,18,16.9,19.3,18.3,18,17.3,18,17.3,16.9,16.9,18.3,19.8,17.3,17.6,20,20,18.3,18.3,17.3,16.9,20,20,17.3,18.3,16.9,17.3,18.3,17.3,18.3,17.6,17.3,17.6,18.3,17.3,12700000,14033500,32058,18,False
Club I DR 2,ClubI-DR-2,Example League,2026/27,Club I,DR,767,25,0.015,0.014,0.059,0.35,0.159,0.014,0.147,0.125,0.94,0.94,0.6,1.1,4.82,1.09,2.02,1.661,1.393,0.775,1.93,1.158,1.292,8.516,5.498,1.998,0.064,0,0,0,17.8,19,18.5,17.5,17.1,17.1,17.8,16.4,17.1,17.8,18.8,17.5,19,17.5,16.4,18.8,17.8,17.5,16.8,17.5,16.8,16.4,16.4,17.8,19.3,16.8,17.1,19.7,20,17.8,17.8,16.8,16.4,19.7,20,16.8,17.8,16.4,16.8,17.8,16.8,17.8,17.1,16.8,17.1,17.8,16.8,9589150,10596011,29049,24,False
Club I DM 1,ClubI-DM-1,Example League,2026/27,Club I,DM,2373,23,0.073,0.069,0.119,0.67,0.306,0.066,0.158,0.134,1.173,1.173,0.7,0.8,6.1,0.731,0.15,2.229,1.438,0.81,2.05,1.17,1.305,8.572,5.658,2.076,0.05,0,0,0,18.1,17,17.7,17.7,17.4,17.4,18.1,16.7,17.4,20,20,17.7,19.2,19.9,16.7,20,18.1,17.7,19.2,19.9,17,16.7,16.7,18.1,19.6,19.2,19.6,19.9,18.1,18.1,18.1,17,16.7,17.7,20,19.2,18.1,16.7,17,18.1,17,18.1,17.4,17,17.4,18.1,17,11892188,13438172,31366,24,False
Club I DM 2,ClubI-DM-2,Example League,2026/27,Club I,DM,778,26,0.07,0.066,0.112,0.661,0.299,0.063,0.153,0.13,1.16,1.16,0.7,0.8,6.064,0.716,0.15,2.205,1.417,0.797,2.015,1.14,1.273,8.432,5.545,2.048,0.075,0,0,0,17.6,16.5,17.2,17.2,16.9,16.9,17.6,16.2,16.9,19.8,19.8,17.2,18.7,19.4,16.2,19.8,17.6,17.2,18.7,19.4,16.5,16.2,16.2,17.6,19.1,18.7,19.1,19.4,17.6,17.6,17.6,16.5,16.2,17.2,19.8,18.7,17.6,16.2,16.5,17.6,16.5,17.6,16.9,16.5,16.9,17.6,16.5,8844588,9994384,28362,30,False
Club I MC 1,ClubI-MC-1,Example League,2026/27,Club I,MC,2390,24,0.075,0.07,0.118,0.675,0.306,0.067,0.159,0.135,1.178,1.178,0.7,0.8,6.082,0.722,0.15,2.159,1.411,0.774,2.005,1.254,1.396,8.488,5.592,1.996,0.065,0,0,0,17.7,18.4,17.4,17.4,20,18.8,17.7,19.3,18.8,17.7,19.9,17.4,18.4,19.6,18.1,19.9,17.7,17.4,18.4,19.6,18.4,18.1,18.1,18.9,18.8,20,20,19.6,17.7,17.7,17.7,18.4,18.1,17.4,19.9,18.4,17.7,18.1,18.4,17.7,18.4,17.7,18.8,18.4,18.8,17.7,18.4,13398750,15475556,33367,30,False
Club I MC 2,ClubI-MC-2,Example League,2026/27,Club I,MC,789,27,0.072,0.068,0.111,0.666,0.299,0.065,0.156,0.133,1.169,1.169,0.7,0.8,5.992,0.707,0.15,2.124,1.381,0.757,1.955,1.224,1.364,8.348,5.45,1.956,0.1,0,0,0,17.2,17.9,16.9,16.9,19.5,18.3,17.2,18.8,18.3,17.2,19.4,16.9,17.9,19.1,17.6,19.4,17.2,16.9,17.9,19.1,17.9,17.6,17.6,18.4,18.3,20,20,19.1,17.2,17.2,17.2,17.9,17.6,16.9,19.4,17.9,17.2,17.6,17.9,17.2,17.9,17.2,18.3,17.9,18.3,17.2,17.9,10161400,11736417,30347,36,False
Club I AML 1,ClubI-AML-1,Example League,2026/27,Club I,AML,2407,25,0.365,0.343,0.425,2.095,0.964,0.328,0.323,0.275,1.834,1.834,5.054,4.025,4.152,2.1,1.5,1.508,1.309,0.699,1.845,1.218,1.357,9.38,5.864,1.824,-0.016,0,0,0,17.1,20,20,19.5,18.2,18.2,15.1,17.5,18.2,15.1,19.6,18.5,15.8,20,17.5,17.1,17.1,19.5,17.8,18.5,17.8,20,17.5,19.6,18.2,17.8,20,18.5,19.6,19.6,17.1,17.8,17.5,20,17.1,17.8,17.1,17.5,17.8,17.1,17.8,17.1,18.2,17.8,18.2,17.1,17.8,12562188,14823382,32672,36,False
Club I AML 2,ClubI-AML-2,Example League,2026/27,Club I,AML,800,28,0.354,0.333,0.41,2.063,0.949,0.319,0.318,0.271,1.819,1.819,4.981,3.972,4.092,2.1,1.488,1.474,1.279,0.682,1.795,1.188,1.325,9.24,5.721,1.784,0.001,0,0,0,16.6,19.8,20,19,17.7,17.7,14.6,17,17.7,14.6,19.1,18,15.3,20,17,16.6,16.6,19,17.3,18,17.3,19.5,17,19.1,17.7,17.3,20,18,19.1,19.1,16.6,17.3,17,20,16.6,17.3,16.6,17,17.3,16.6,17.3,16.6,17.7,17.3,17.7,16.6,17.3,9628088,11361144,29677,12,False
Club I AMC 1,ClubI-AMC-1,Example League,2026/27,Club I,AMC,2424,26,0.361,0.339,0.419,2.082,0.958,0.325,0.322,0.274,1.83,1.83,5.025,4.004,4.128,2.1,1.5,1.495,1.297,0.692,1.825,1.206,1.344,9.324,5.807,1.808,-0.009,0,0,0,16.9,20,20,19.3,18,18,14.9,17.3,18,14.9,19.4,18.3,15.6,20,17.3,16.9,16.9,19.3,17.6,18.3,17.6,19.8,17.3,19.4,18,17.6,20,18.3,19.4,19.4,16.9,17.6,17.3,20,16.9,17.6,16.9,17.3,17.6,16.9,17.6,16.9,18,17.6,18,16.9,17.6,11740000,12679200,31978,12,False
Club I AMC 2,ClubI-AMC-2,Example League,2026/27,Club I,AMC,811,29,0.35,0.329,0.405,2.051,0.943,0.315,0.316,0.268,1.81,1.81,4.951,3.951,4.068,2.1,1.476,1.46,1.267,0.675,1.775,1.176,1.312,9.184,5.665,1.768,0.008,0,0,0,16.4,19.6,20,18.8,17.5,17.5,14.4,16.8,17.5,14.4,18.9,17.8,15.1,20,16.8,16.4,16.4,18.8,17.1,17.8,17.1,19.3,16.8,18.9,17.5,17.1,20,17.8,18.9,18.9,16.4,17.1,16.8,20,16.4,17.1,16.4,16.8,17.1,16.4,17.1,16.4,17.5,17.1,17.5,16.4,17.1,9109150,9837882,29009,18,False
Club I AMR 1,ClubI-AMR-1,Example League,2026/27,Club I,AMR,2441,27,0.357,0.335,0.413,2.07,0.952,0.321,0.32,0.272,1.823,1.823,4.996,3.983,4.104,2.1,1.494,1.479,1.282,0.684,1.805,1.194,1.331,9.268,5.75,1.79,-0.002,0,0,0,16.7,19.9,20,19.1,17.7,17.7,14.7,17,17.7,14.7,19.2,18.1,15.4,20,17,16.7,16.7,19.1,17.4,18.1,17.4,19.5,17,19.2,17.7,17.4,20,18.1,19.2,19.2,16.7,17.4,17,20,16.7,17.4,16.7,17,17.4,16.7,17.4,16.7,17.7,17.4,17.7,16.7,17.4,10932188,12080068,31286,18,False
Club I AMR 2,ClubI-AMR-2,Example League,2026/27,Club I,AMR,822,30,0.346,0.325,0.399,2.038,0.937,0.311,0.311,0.264,1.794,1.794,4.922,3.93,4.044,2.1,1.464,1.444,1.252,0.667,1.755,1.164,1.299,9.128,5.608,1.75,0.015,0,0,0,16.2,19.4,20,18.6,17.2,17.2,14.2,16.5,17.2,14.2,18.7,17.6,14.9,20,16.5,16.2,16.2,18.6,16.9,17.6,16.9,19,16.5,18.7,17.2,16.9,19.7,17.6,18.7,18.7,16.2,16.9,16.5,20,16.2,16.9,16.2,16.5,16.9,16.2,16.9,16.2,17.2,16.9,17.2,16.2,16.9,8604588,9508070,28342,24,False
Club I ST 1,ClubI-ST-1,Example League,2026/27,Club I,ST,2458,28,0.54,0.508,0.604,3.128,1.439,0.486,0.143,0.122,0.93,0.93,7.32,4.5,0.6,1.32,0.1,1.498,1.303,0.694,1.925,1.272,1.416,9.352,6.172,1.812,0.068,0,0,0,18.8,17.7,18.4,20,20,18.1,19.8,17.4,18.1,15.8,18.8,18.4,14.7,18.4,17.4,20,18.8,20,17.7,18.4,17.7,17.4,17.4,20,15.1,17.7,18.1,18.4,20,18.8,18.8,18.7,17.4,20,18.8,18.7,18.8,17.4,17.7,18.8,17.7,18.8,18.1,17.7,18.1,18.8,17.7,14960925,16905845,33497,24,False
Club I ST 2,ClubI-ST-2,Example League,2026/27,Club I,ST,833,31,0.54,0.508,0.604,3.128,1.439,0.486,0.137,0.117,0.912,0.912,7.32,4.5,0.6,1.295,0.1,1.472,1.288,0.681,1.875,1.242,1.383,9.212,6.08,1.782,0.103,0,0,0,18.3,17.2,17.9,20,20,17.6,19.3,16.9,17.6,15.3,18.3,17.9,14.2,17.9,16.9,20,18.3,20,17.2,17.9,17.2,16.9,16.9,20,14.6,17.2,17.6,17.9,20,18.3,18.3,18.2,16.9,20,18.3,18.2,18.3,16.9,17.2,18.3,17.2,18.3,17.6,17.2,17.6,18.3,17.2,11990452,13549211,30499,30,False
Club J GK 1,ClubJ-GK-1,Example League,2026/27,Club J,GK,2270,20,0,0,0.017,0,0,0,0.005,0.004,0.02,0.02,0,0,2.1,0,0,0,0,0,0,0,0,0,0,0,0,2.528,83.34,0.465,14.5,13.4,14.1,14.1,13.8,13.8,14.5,14.8,13.8,14.5,14.5,14.1,13.4,14.1,14.8,20,14.5,14.1,19.4,20,13.4,14.8,14.8,14.5,13.8,13.4,13.8,14.1,14.5,14.5,14.5,13.4,14.8,14.1,14.5,13.4,20,20,19.4,17.5,19.4,20,19.8,19.4,19.8,17.5,19.4,9798826,11562615,30442,36,False
Club J GK 2,ClubJ-GK-2,Example League,2026/27,Club J,GK,706,23,0,0,0.013,0,0,0,0.005,0.004,0.02,0.02,0,0,2.1,0,0,0,0,0,0,0,0,0,0,0,0,2.583,82.79,0.428,14,12.9,13.6,13.6,13.3,13.3,14,14.3,13.3,14,14,13.6,12.9,13.6,14.3,20,14,13.6,18.9,19.6,12.9,14.3,14.3,14,13.3,12.9,13.3,13.6,14,14,14,12.9,14.3,13.6,14,12.9,20,20,18.9,17,18.9,20,19.3,18.9,19.3,17,18.9,7362032,8687198,27489,12,False
Club J DC 1,ClubJ-DC-1,Example League,2026/27,Club J,DC,2287,21,0.034,0.032,0.064,0.3,0.127,0.031,0.047,0.04,0.15,0.15,0.25,0.2,3.546,0.05,0.03,2.24,2.047,1.515,3.375,2.42,2.468,7.816,5.159,2.088,0.222,0,0,0,17.6,16.5,14.2,14.2,16.9,16.9,20,16.2,16.9,20,18.6,17.2,19.5,17.2,16.2,20,20,17.2,19.5,18.2,16.5,13.2,16.2,17.6,19.9,16.5,16.9,17.2,17.6,17.6,17.6,19.5,16.2,18.2,17.6,19.5,17.6,16.2,16.5,17.6,16.5,17.6,16.9,16.5,16.9,17.6,16.5,11173600,12067488,29931,12,False
Club J DC 2,ClubJ-DC-2,Example League,2026/27,Club J,DC,717,24,0.033,0.031,0.059,0.3,0.125,0.03,0.046,0.039,0.15,0.15,0.25,0.2,3.491,0.05,0.03,2.222,2.032,1.506,3.35,2.39,2.435,7.676,5.066,2.068,0.257,0,0,0,17.1,16,13.7,13.7,16.4,16.4,20,15.7,16.4,20,18.1,16.7,19,16.7,15.7,20,20,16.7,19,17.7,16,12.7,15.7,17.1,19.4,16,16.4,16.7,17.1,17.1,17.1,19,15.7,17.7,17.1,19,17.1,15.7,16,17.1,16,17.1,16.4,16,16.4,17.1,16,8265150,8926362,26939,18,False
Club J DL 1,ClubJ-DL-1,Example League,2026/27,Club J,DL,2304,22,0.015,0.014,0.062,0.35,0.161,0.014,0.152,0.129,0.957,0.957,0.6,1.1,4.895,1.106,2.052,1.694,1.423,0.792,1.975,1.182,1.318,8.6,5.604,2.036,0.033,0,0,0,18.3,19.4,18.9,17.9,17.6,17.6,18.3,16.9,17.6,18.3,19.3,17.9,19.4,17.9,16.9,19.3,18.3,17.9,17.2,17.9,17.2,16.9,16.9,18.3,19.8,17.2,17.6,20,20,18.3,18.3,17.2,16.9,20,20,17.2,18.3,16.9,17.2,18.3,17.2,18.3,17.6,17.2,17.6,18.3,17.2,12585287,13906742,31924,18,False
Club J DL 2,ClubJ-DL-2,Example League,2026/27,Club J,DL,728,25,0.015,0.014,0.058,0.35,0.159,0.014,0.146,0.124,0.939,0.939,0.6,1.1,4.82,1.086,2.012,1.659,1.393,0.775,1.925,1.152,1.285,8.488,5.48,1.996,0.068,0,0,0,17.8,18.9,18.4,17.4,17.1,17.1,17.8,16.4,17.1,17.8,18.8,17.4,18.9,17.4,16.4,18.8,17.8,17.4,16.7,17.4,16.7,16.4,16.4,17.8,19.3,16.7,17.1,19.6,20,17.8,17.8,16.7,16.4,19.6,20,16.7,17.8,16.4,16.7,17.8,16.7,17.8,17.1,16.7,17.1,17.8,16.7,9487087,10483231,28916,24,False
Club J DR 1,ClubJ-DR-1,Example League,2026/27,Club J,DR,2321,23,0.015,0.014,0.061,0.35,0.16,0.014,0.149,0.127,0.948,0.948,0.6,1.1,4.85,1.098,2.036,1.675,1.405,0.782,1.95,1.17,1.305,8.572,5.555,2.014,0.05,0,0,0,18,19.2,18.7,17.7,17.3,17.3,18,16.6,17.3,18,19,17.7,19.2,17.7,16.6,19,18,17.7,17,17.7,17,16.6,16.6,18,19.5,17,17.3,19.9,20,18,18,17,16.6,19.9,20,17,18,16.6,17,18,17,18,17.3,17,17.3,18,17,11780350,13311796,31232,24,False
Club J DR 2,ClubJ-DR-2,Example League,2026/27,Club J,DR,739,26,0.015,0.014,0.057,0.35,0.158,0.014,0.143,0.122,0.93,0.93,0.6,1.1,4.775,1.078,1.996,1.64,1.375,0.765,1.9,1.14,1.273,8.432,5.413,1.974,0.085,0,0,0,17.5,18.7,18.2,17.2,16.8,16.8,17.5,16.1,16.8,17.5,18.5,17.2,18.7,17.2,16.1,18.5,17.5,17.2,16.5,17.2,16.5,16.1,16.1,17.5,19,16.5,16.8,19.4,19.7,17.5,17.5,16.5,16.1,19.4,19.7,16.5,17.5,16.1,16.5,17.5,16.5,17.5,16.8,16.5,16.8,17.5,16.5,8745400,9882302,28229,30,False
Club J DM 1,ClubJ-DM-1,Example League,2026/27,Club J,DM,2338,24,0.072,0.068,0.116,0.666,0.303,0.065,0.156,0.132,1.167,1.167,0.7,0.8,6.1,0.725,0.15,2.22,1.429,0.805,2.04,1.158,1.292,8.516,5.621,2.066,0.057,0,0,0,17.8,16.8,17.5,17.5,17.1,17.1,17.8,16.4,17.1,20,20,17.5,19,19.7,16.4,20,17.8,17.5,19,19.7,16.8,16.4,16.4,17.8,19.3,19,19.3,19.7,17.8,17.8,17.8,16.8,16.4,17.5,20,19,17.8,16.4,16.8,17.8,16.8,17.8,17.1,16.8,17.1,17.8,16.8,10989787,12693204,30541,30,False
Club J DM 2,ClubJ-DM-2,Example League,2026/27,Club J,DM,750,27,0.069,0.065,0.109,0.657,0.296,0.062,0.15,0.127,1.149,1.149,0.7,0.8,6.01,0.71,0.15,2.185,1.399,0.788,1.99,1.128,1.26,8.376,5.478,2.026,0.092,0,0,0,17.3,16.3,17,17,16.6,16.6,17.3,15.9,16.6,19.5,19.5,17,18.5,19.2,15.9,19.5,17.3,17,18.5,19.2,16.3,15.9,15.9,17.3,18.8,18.5,18.8,19.2,17.3,17.3,17.3,16.3,15.9,17,19.5,18.5,17.3,15.9,16.3,17.3,16.3,17.3,16.6,16.3,16.6,17.3,16.3,8018088,9260892,27543,36,False
Club J MC 1,ClubJ-MC-1,Example League,2026/27,Club J,MC,2355,25,0.068,0.064,0.101,0.653,0.289,0.061,0.151,0.128,1.153,1.153,0.7,0.8,5.866,0.686,0.15,2.075,1.339,0.733,1.885,1.182,1.318,8.152,5.253,1.9,0.148,0,0,0,16.5,17.2,16.2,16.2,18.8,17.6,16.5,18.1,17.6,16.5,18.7,16.2,17.2,18.4,16.9,18.7,16.5,16.2,17.2,18.4,17.2,16.9,16.9,17.7,17.6,19.4,19.8,18.4,16.5,16.5,16.5,17.2,16.9,16.2,18.7,17.2,16.5,16.9,17.2,16.5,17.2,16.5,17.6,17.2,17.6,16.5,17.2,10213600,12052048,29851,36,False
Club J MC 2,ClubJ-MC-2,Example League,2026/27,Club J,MC,761,28,0.065,0.061,0.094,0.644,0.281,0.058,0.145,0.123,1.135,1.135,0.7,0.8,5.776,0.671,0.15,2.04,1.309,0.715,1.835,1.152,1.285,8.012,5.115,1.86,0.184,0,0,0,16,16.7,15.7,15.7,18.3,17.1,16,17.6,17.1,16,18.2,15.7,16.7,17.9,16.4,18.2,16,15.7,16.7,17.9,16.7,16.4,16.4,17.2,17.1,18.9,19.3,17.9,16,16,16,16.7,16.4,15.7,18.2,16.7,16,16.4,16.7,16,16.7,16,17.1,16.7,17.1,16,16.7,7545150,8903277,26879,12,False
Club J AML 1,ClubJ-AML-1,Example League,2026/27,Club J,AML,2372,26,0.361,0.339,0.419,2.082,0.958,0.325,0.322,0.274,1.83,1.83,5.025,4.004,4.128,2.1,1.5,1.493,1.294,0.691,1.825,1.206,1.344,9.324,5.807,1.806,-0.009,0,0,0,16.9,20,20,19.3,17.9,17.9,14.9,17.2,17.9,14.9,19.4,18.3,15.6,20,17.2,16.9,16.9,19.3,17.6,18.3,17.6,19.7,17.2,19.4,17.9,17.6,20,18.3,19.4,19.4,16.9,17.6,17.2,20,16.9,17.6,16.9,17.2,17.6,16.9,17.6,16.9,17.9,17.6,17.9,16.9,17.6,11625287,12555310,31844,12,False
Club J AML 2,ClubJ-AML-2,Example League,2026/27,Club J,AML,772,29,0.35,0.329,0.405,2.051,0.943,0.315,0.315,0.268,1.807,1.807,4.951,3.951,4.068,2.1,1.476,1.458,1.264,0.674,1.775,1.176,1.312,9.184,5.665,1.766,0.008,0,0,0,16.4,19.6,20,18.8,17.4,17.4,14.4,16.7,17.4,14.4,18.9,17.8,15.1,20,16.7,16.4,16.4,18.8,17.1,17.8,17.1,19.2,16.7,18.9,17.4,17.1,19.9,17.8,18.9,18.9,16.4,17.1,16.7,20,16.4,17.1,16.4,16.7,17.1,16.4,17.1,16.4,17.4,17.1,17.4,16.4,17.1,9007087,9727654,28876,18,False
Club J AMC 1,ClubJ-AMC-1,Example League,2026/27,Club J,AMC,2389,27,0.354,0.333,0.41,2.063,0.949,0.319,0.318,0.271,1.819,1.819,4.981,3.972,4.092,2.1,1.488,1.474,1.279,0.682,1.795,1.188,1.325,9.24,5.721,1.784,0.001,0,0,0,16.6,19.8,20,19,17.7,17.7,14.6,17,17.7,14.6,19.1,18,15.3,20,17,16.6,16.6,19,17.3,18,17.3,19.5,17,19.1,17.7,17.3,20,18,19.1,19.1,16.6,17.3,17,20,16.6,17.3,16.6,17,17.3,16.6,17.3,16.6,17.7,17.3,17.7,16.6,17.3,10820350,11956487,31152,18,False
Club J AMC 2,ClubJ-AMC-2,Example League,2026/27,Club J,AMC,783,30,0.344,0.323,0.396,2.032,0.935,0.31,0.309,0.263,1.789,1.789,4.907,3.92,4.032,2.1,1.458,1.439,1.249,0.664,1.745,1.158,1.292,9.1,5.58,1.744,0.019,0,0,0,16.1,19.3,20,18.5,17.2,17.2,14.1,16.5,17.2,14.1,18.6,17.5,14.8,20,16.5,16.1,16.1,18.5,16.8,17.5,16.8,19,16.5,18.6,17.2,16.8,19.7,17.5,18.6,18.6,16.1,16.8,16.5,20,16.1,16.8,16.1,16.5,16.8,16.1,16.8,16.1,17.2,16.8,17.2,16.1,16.8,8505400,9398467,28209,24,False
Club J AMR 1,ClubJ-AMR-1,Example League,2026/27,Club J,AMR,2406,28,0.35,0.329,0.405,2.051,0.943,0.315,0.316,0.268,1.81,1.81,4.951,3.951,4.068,2.1,1.476,1.46,1.267,0.675,1.775,1.176,1.312,9.184,5.665,1.768,0.008,0,0,0,16.4,19.6,20,18.8,17.5,17.5,14.4,16.8,17.5,14.4,18.9,17.8,15.1,20,16.8,16.4,16.4,18.8,17.1,17.8,17.1,19.3,16.8,18.9,17.5,17.1,20,17.8,18.9,18.9,16.4,17.1,16.8,20,16.4,17.1,16.4,16.8,17.1,16.4,17.1,16.4,17.5,17.1,17.5,16.4,17.1,10269787,11604859,30481,24,False
Club J AMR 2,ClubJ-AMR-2,Example League,2026/27,Club J,AMR,794,31,0.338,0.318,0.389,2.015,0.927,0.304,0.304,0.258,1.772,1.772,4.868,3.891,4.008,2.086,1.446,1.425,1.237,0.657,1.725,1.146,1.279,9.044,5.524,1.728,0.033,0,0,0,15.9,19.1,19.8,18.3,17,17,13.9,16.3,17,13.9,18.4,17.3,14.6,19.8,16.3,15.9,15.9,18.3,16.6,17.3,16.6,18.8,16.3,18.4,17,16.6,19.5,17.3,18.4,18.4,15.9,16.6,16.3,19.8,15.9,16.6,15.9,16.3,16.6,15.9,16.6,15.9,17,16.6,17,15.9,16.6,8018088,9060439,27543,30,False
Club J ST 1,ClubJ-ST-1,Example League,2026/27,Club J,ST,2423,29,0.54,0.508,0.604,3.128,1.439,0.486,0.129,0.11,0.887,0.887,7.32,4.5,0.6,1.26,0.1,1.435,1.267,0.663,1.805,1.2,1.338,9.016,5.951,1.74,0.152,0,0,0,17.6,16.5,17.2,20,19.9,16.9,18.6,16.2,16.9,14.6,17.6,17.2,13.5,17.2,16.2,20,17.6,20,16.5,17.2,16.5,16.2,16.2,20,13.9,16.5,16.9,17.2,20,17.6,17.6,17.5,16.2,20,17.6,17.5,17.6,16.2,16.5,17.6,16.5,17.6,16.9,16.5,16.9,17.6,16.5,11485648,13265923,29957,30,False
Club J ST 2,ClubJ-ST-2,Example League,2026/27,Club J,ST,805,20,0.536,0.504,0.598,3.116,1.434,0.483,0.123,0.105,0.869,0.869,7.291,4.482,0.6,1.235,0.1,1.409,1.252,0.649,1.755,1.17,1.305,8.876,5.858,1.71,0.187,0,0,0,17.1,16,16.7,19.7,19.4,16.4,18.1,15.7,16.4,14.1,17.1,16.7,13,16.7,15.7,20,17.1,19.7,16,16.7,16,15.7,15.7,20,13.4,16,16.4,16.7,20,17.1,17.1,17,15.7,19.7,17.1,17,17.1,15.7,16,17.1,16,17.1,16.4,16,16.4,17.1,16,10885677,12572957,27157,36,False
Club K GK 1,ClubK-GK-1,Example League,2026/27,Club K,GK,2235,21,0,0,0.014,0,0,0,0.005,0.004,0.02,0.02,0,0,2.1,0,0,0,0,0,0,0,0,0,0,0,0,2.543,83.01,0.443,14.2,13.1,13.8,13.8,13.5,13.5,14.2,14.5,13.5,14.2,14.2,13.8,13.1,13.8,14.5,20,14.2,13.8,19.1,19.8,13.1,14.5,14.5,14.2,13.5,13.1,13.5,13.8,14.2,14.2,14.2,13.1,14.5,13.8,14.2,13.1,20,20,19.1,17.2,19.1,20,19.5,19.1,19.5,17.2,19.1,9075832,9801899,29631,12,False
Club K GK 2,ClubK-GK-2,Example League,2026/27,Club K,GK,678,24,0,0,0.01,0,0,0,0.005,0.004,0.02,0.02,0,0,2.076,0,0,0,0,0,0,0,0,0,0,0,0,2.598,82.46,0.405,13.7,12.6,13.3,13.3,13,13,13.7,14,13,13.7,13.7,13.3,12.6,13.3,14,19.7,13.7,13.3,18.6,19.3,12.6,14,14,13.7,13,12.6,13,13.3,13.7,13.7,13.7,12.6,14,13.3,13.7,12.6,19.7,20,18.6,16.7,18.6,19.7,19,18.6,19,16.7,18.6,6701276,7237378,26683,18,False
Club K DC 1,ClubK-DC-1,Example League,2026/27,Club K,DC,2252,22,0.034,0.032,0.062,0.3,0.126,0.03,0.047,0.04,0.15,0.15,0.25,0.2,3.513,0.05,0.03,2.231,2.038,1.51,3.365,2.408,2.455,7.76,5.122,2.078,0.239,0,0,0,17.3,16.3,14,14,16.6,16.6,20,15.9,16.6,20,18.3,17,19.3,17,15.9,20,20,17,19.3,18,16.3,12.9,15.9,17.3,19.6,16.3,16.6,17,17.3,17.3,17.3,19.3,15.9,18,17.3,19.3,17.3,15.9,16.3,17.3,16.3,17.3,16.6,16.3,16.6,17.3,16.3,10309150,11391611,29109,18,False
Club K DC 2,ClubK-DC-2,Example League,2026/27,Club K,DC,689,25,0.033,0.031,0.057,0.3,0.125,0.029,0.046,0.039,0.15,0.15,0.25,0.2,3.458,0.05,0.03,2.206,2.017,1.498,3.33,2.378,2.422,7.62,5.011,2.05,0.274,0,0,0,16.8,15.8,13.5,13.5,16.1,16.1,19.8,15.4,16.1,19.8,17.8,16.5,18.8,16.5,15.4,19.8,19.8,16.5,18.8,17.5,15.8,12.4,15.4,16.8,19.1,15.8,16.1,16.5,16.8,16.8,16.8,18.8,15.4,17.5,16.8,18.8,16.8,15.4,15.8,16.8,15.8,16.8,16.1,15.8,16.1,16.8,15.8,7476600,8261643,26123,24,False
Club K DL 1,ClubK-DL-1,Example League,2026/27,Club K,DL,2269,23,0.015,0.014,0.053,0.35,0.156,0.014,0.138,0.117,0.913,0.913,0.6,1.1,4.715,1.058,1.956,1.61,1.351,0.75,1.855,1.11,1.24,8.292,5.284,1.94,0.117,0,0,0,17.1,18.2,17.7,16.7,16.4,16.4,17.1,15.7,16.4,17.1,18.1,16.7,18.2,16.7,15.7,18.1,17.1,16.7,16,16.7,16,15.7,15.7,17.1,18.6,16,16.4,18.9,19.3,17.1,17.1,16,15.7,18.9,19.3,16,17.1,15.7,16,17.1,16,17.1,16.4,16,16.4,17.1,16,9564588,10807984,28422,24,False
Club K DL 2,ClubK-DL-2,Example League,2026/27,Club K,DL,700,26,0.015,0.014,0.049,0.35,0.155,0.014,0.132,0.112,0.895,0.895,0.6,1.1,4.64,1.038,1.916,1.575,1.321,0.733,1.805,1.08,1.208,8.152,5.146,1.9,0.152,0,0,0,16.6,17.7,17.2,16.2,15.9,15.9,16.6,15.2,15.9,16.6,17.6,16.2,17.7,16.2,15.2,17.6,16.6,16.2,15.5,16.2,15.5,15.2,15.2,16.6,18.1,15.5,15.9,18.4,18.8,16.6,16.6,15.5,15.2,18.4,18.8,15.5,16.6,15.2,15.5,16.6,15.5,16.6,15.9,15.5,15.9,16.6,15.5,6795288,7678675,25441,30,False
Club K DR 1,ClubK-DR-1,Example League,2026/27,Club K,DR,2286,24,0.015,0.014,0.058,0.35,0.159,0.014,0.146,0.124,0.939,0.939,0.6,1.1,4.82,1.086,2.012,1.659,1.393,0.775,1.925,1.152,1.285,8.488,5.48,1.996,0.068,0,0,0,17.8,18.9,18.4,17.4,17.1,17.1,17.8,16.4,17.1,17.8,18.8,17.4,18.9,17.4,16.4,18.8,17.8,17.4,16.7,17.4,16.7,16.4,16.4,17.8,19.3,16.7,17.1,19.6,20,17.8,17.8,16.7,16.4,19.6,20,16.7,17.8,16.4,16.7,17.8,16.7,17.8,17.1,16.7,17.1,17.8,16.7,10881400,12568017,30407,30,False
Club K DR 2,ClubK-DR-2,Example League,2026/27,Club K,DR,711,27,0.015,0.014,0.054,0.35,0.157,0.014,0.14,0.119,0.921,0.921,0.6,1.1,4.745,1.066,1.972,1.624,1.363,0.757,1.875,1.122,1.253,8.348,5.339,1.956,0.103,0,0,0,17.3,18.4,17.9,16.9,16.6,16.6,17.3,15.9,16.6,17.3,18.3,16.9,18.4,16.9,15.9,18.3,17.3,16.9,16.2,16.9,16.2,15.9,15.9,17.3,18.8,16.2,16.6,19.1,19.5,17.3,17.3,16.2,15.9,19.1,19.5,16.2,17.3,15.9,16.2,17.3,16.2,17.3,16.6,16.2,16.6,17.3,16.2,7922350,9150314,27410,36,False
Club K DM 1,ClubK-DM-1,Example League,2026/27,Club K,DM,2303,25,0.07,0.066,0.112,0.66,0.298,0.063,0.152,0.129,1.157,1.157,0.7,0.8,6.046,0.716,0.15,2.199,1.411,0.795,2.01,1.14,1.273,8.432,5.535,2.042,0.079,0,0,0,17.5,16.5,17.2,17.2,16.8,16.8,17.5,16.1,16.8,19.7,19.7,17.2,18.7,19.4,16.1,19.7,17.5,17.2,18.7,19.4,16.5,16.1,16.1,17.5,19,18.7,19,19.4,17.5,17.5,17.5,16.5,16.1,17.2,19.7,18.7,17.5,16.1,16.5,17.5,16.5,17.5,16.8,16.5,16.8,17.5,16.5,10108088,11927544,29717,36,False
Club K DM 2,ClubK-DM-2,Example League,2026/27,Club K,DM,722,28,0.067,0.063,0.105,0.651,0.291,0.06,0.146,0.124,1.139,1.139,0.7,0.8,5.956,0.701,0.15,2.164,1.381,0.777,1.96,1.11,1.24,8.292,5.393,2.002,0.113,0,0,0,17,16,16.7,16.7,16.3,16.3,17,15.6,16.3,19.2,19.2,16.7,18.2,18.9,15.6,19.2,17,16.7,18.2,18.9,16,15.6,15.6,17,18.5,18.2,18.5,18.9,17,17,17,16,15.6,16.7,19.2,18.2,17,15.6,16,17,16,17,16.3,16,16.3,17,16,7452288,8793700,26746,12,False
Club K MC 1,ClubK-MC-1,Example League,2026/27,Club K,MC,2320,26,0.066,0.062,0.097,0.649,0.285,0.06,0.148,0.126,1.144,1.144,0.7,0.8,5.83,0.677,0.15,2.059,1.324,0.725,1.865,1.17,1.305,8.068,5.18,1.882,0.166,0,0,0,16.3,17,15.9,15.9,18.5,17.3,16.3,17.8,17.3,16.3,18.5,15.9,17,18.1,16.6,18.5,16.3,15.9,17,18.1,17,16.6,16.6,17.5,17.3,19.2,19.5,18.1,16.3,16.3,16.3,17,16.6,15.9,18.5,17,16.3,16.6,17,16.3,17,16.3,17.3,17,17.3,16.3,17,9349150,10097082,29029,12,False
Club K MC 2,ClubK-MC-2,Example League,2026/27,Club K,MC,733,29,0.063,0.059,0.09,0.64,0.278,0.057,0.142,0.121,1.126,1.126,0.7,0.8,5.74,0.662,0.15,2.024,1.294,0.707,1.815,1.14,1.273,7.928,5.042,1.842,0.201,0,0,0,15.8,16.5,15.4,15.4,18,16.8,15.8,17.3,16.8,15.8,18,15.4,16.5,17.6,16.1,18,15.8,15.4,16.5,17.6,16.5,16.1,16.1,17,16.8,18.7,19,17.6,15.8,15.8,15.8,16.5,16.1,15.4,18,16.5,15.8,16.1,16.5,15.8,16.5,15.8,16.8,16.5,16.8,15.8,16.5,6996600,7556328,26083,18,False
Club K AML 1,ClubK-AML-1,Example League,2026/27,Club K,AML,2337,27,0.333,0.313,0.382,1.998,0.919,0.299,0.297,0.253,1.751,1.751,4.829,3.864,3.984,2.072,1.434,1.409,1.222,0.649,1.705,1.134,1.266,8.988,5.468,1.71,0.047,0,0,0,15.7,18.9,19.6,18.1,16.7,16.7,13.7,16,16.7,13.7,18.2,17.1,14.4,19.6,16,15.7,15.7,18.1,16.4,17.1,16.4,18.5,16,18.2,16.7,16.4,19.2,17.1,18.2,18.2,15.7,16.4,16,19.6,15.7,16.4,15.7,16,16.4,15.7,16.4,15.7,16.7,16.4,16.7,15.7,16.4,8604588,9508070,28342,18,False
Club K AML 2,ClubK-AML-2,Example League,2026/27,Club K,AML,744,30,0.319,0.3,0.364,1.956,0.892,0.287,0.283,0.241,1.707,1.707,4.731,3.794,3.924,2.037,1.404,1.374,1.192,0.632,1.655,1.104,1.234,8.848,5.33,1.67,0.082,0,0,0,15.2,18.4,19.1,17.6,16.2,16.2,13.2,15.5,16.2,13.2,17.7,16.6,13.9,19.1,15.5,15.2,15.2,17.6,15.9,16.6,15.9,18,15.5,17.7,16.2,15.9,18.7,16.6,17.7,17.7,15.2,15.9,15.5,19.1,15.2,15.9,15.2,15.5,15.9,15.2,15.9,15.2,16.2,15.9,16.2,15.2,15.9,6555288,7243593,25421,24,False
Club K AMC 1,ClubK-AMC-1,Example League,2026/27,Club K,AMC,2354,28,0.35,0.329,0.405,2.051,0.943,0.315,0.315,0.268,1.807,1.807,4.951,3.951,4.068,2.1,1.476,1.458,1.264,0.674,1.775,1.176,1.312,9.184,5.665,1.766,0.008,0,0,0,16.4,19.6,20,18.8,17.4,17.4,14.4,16.7,17.4,14.4,18.9,17.8,15.1,20,16.7,16.4,16.4,18.8,17.1,17.8,17.1,19.2,16.7,18.9,17.4,17.1,19.9,17.8,18.9,18.9,16.4,17.1,16.7,20,16.4,17.1,16.4,16.7,17.1,16.4,17.1,16.4,17.4,17.1,17.4,16.4,17.1,10161400,11482382,30347,24,False
Club K AMC 2,ClubK-AMC-2,Example League,2026/27,Club K,AMC,755,31,0.338,0.318,0.389,2.015,0.927,0.304,0.303,0.257,1.769,1.769,4.868,3.891,4.008,2.086,1.446,1.423,1.234,0.656,1.725,1.146,1.279,9.044,5.524,1.726,0.033,0,0,0,15.9,19.1,19.8,18.3,16.9,16.9,13.9,16.2,16.9,13.9,18.4,17.3,14.6,19.8,16.2,15.9,15.9,18.3,16.6,17.3,16.6,18.7,16.2,18.4,16.9,16.6,19.4,17.3,18.4,18.4,15.9,16.6,16.2,19.8,15.9,16.6,15.9,16.2,16.6,15.9,16.6,15.9,16.9,16.6,16.9,15.9,16.6,7922350,8952256,27410,30,False
Club K AMR 1,ClubK-AMR-1,Example League,2026/27,Club K,AMR,2371,29,0.344,0.323,0.396,2.032,0.935,0.31,0.309,0.263,1.789,1.789,4.907,3.92,4.032,2.1,1.458,1.439,1.249,0.664,1.745,1.158,1.292,9.1,5.58,1.744,0.019,0,0,0,16.1,19.3,20,18.5,17.2,17.2,14.1,16.5,17.2,14.1,18.6,17.5,14.8,20,16.5,16.1,16.1,18.5,16.8,17.5,16.8,19,16.5,18.6,17.2,16.8,19.7,17.5,18.6,18.6,16.1,16.8,16.5,20,16.1,16.8,16.1,16.5,16.8,16.1,16.8,16.1,17.2,16.8,17.2,16.1,16.8,9628088,11120442,29677,30,False
Club K AMR 2,ClubK-AMR-2,Example League,2026/27,Club K,AMR,766,20,0.33,0.31,0.378,1.99,0.915,0.297,0.295,0.251,1.745,1.745,4.809,3.85,3.972,2.065,1.428,1.404,1.219,0.647,1.695,1.128,1.26,8.96,5.441,1.704,0.054,0,0,0,15.6,18.8,19.5,18,16.7,16.7,13.6,16,16.7,13.6,18.1,17,14.3,19.5,16,15.6,15.6,18,16.3,17,16.3,18.5,16,18.1,16.7,16.3,19.2,17,18.1,18.1,15.6,16.3,16,19.5,15.6,16.3,15.6,16,16.3,15.6,16.3,15.6,16.7,16.3,16.7,15.6,16.3,9132288,10547793,26886,36,False
Club K ST 1,ClubK-ST-1,Example League,2026/27,Club K,ST,2388,30,0.54,0.508,0.604,3.128,1.439,0.486,0.125,0.107,0.876,0.876,7.32,4.5,0.6,1.25,0.1,1.421,1.258,0.656,1.78,1.188,1.325,8.96,5.914,1.724,0.169,0,0,0,17.3,16.3,17,20,19.6,16.6,18.3,15.9,16.6,14.3,17.3,17,13.3,17,15.9,20,17.3,20,16.3,17,16.3,15.9,15.9,20,13.6,16.3,16.6,17,20,17.3,17.3,17.3,15.9,20,17.3,17.3,17.3,15.9,16.3,17.3,16.3,17.3,16.6,16.3,16.6,17.3,16.3,10748797,12683580,29146,36,False
Club K ST 2,ClubK-ST-2,Example League,2026/27,Club K,ST,777,21,0.529,0.497,0.589,3.093,1.423,0.476,0.119,0.101,0.858,0.858,7.234,4.446,0.6,1.225,0.1,1.391,1.237,0.641,1.73,1.158,1.292,8.82,5.8,1.69,0.204,0,0,0,16.8,15.8,16.5,19.5,19.1,16.1,17.8,15.4,16.1,13.8,16.8,16.5,12.8,16.5,15.4,19.8,16.8,19.5,15.8,16.5,15.8,15.4,15.4,19.8,13.1,15.8,16.1,16.5,19.8,16.8,16.8,16.8,15.4,19.5,16.8,16.8,16.8,15.4,15.8,16.8,15.8,16.8,16.1,15.8,16.1,16.8,15.8,9955188,11747122,26330,12,False
Club L GK 1,ClubL-GK-1,Example League,2026/27,Club L,GK,2200,22,0,0,0.013,0,0,0,0.005,0.004,0.02,0.02,0,0,2.092,0,0,0,0,0,0,0,0,0,0,0,0,2.558,82.79,0.425,13.9,12.9,13.6,13.6,13.2,13.2,13.9,14.3,13.2,13.9,13.9,13.6,12.9,13.6,14.3,19.9,13.9,13.6,18.9,19.6,12.9,14.3,14.3,13.9,13.2,12.9,13.2,13.6,13.9,13.9,13.9,12.9,14.3,13.6,13.9,12.9,19.9,20,18.9,16.9,18.9,19.9,19.2,18.9,19.2,16.9,18.9,8369812,9248642,28822,18,False
Club L GK 2,ClubL-GK-2,Example League,2026/27,Club L,GK,650,25,0,0,0.009,0,0,0,0.005,0.004,0.02,0.02,0,0,2.052,0,0,0,0,0,0,0,0,0,0,0,0,2.613,82.24,0.387,13.4,12.4,13.1,13.1,12.7,12.7,13.4,13.8,12.7,13.4,13.4,13.1,12.4,13.1,13.8,19.4,13.4,13.1,18.4,19.1,12.4,13.8,13.8,13.4,12.7,12.4,12.7,13.1,13.4,13.4,13.4,12.4,13.8,13.1,13.4,12.4,19.4,19.8,18.4,16.4,18.4,19.4,18.7,18.4,18.7,16.4,18.4,6057494,6693531,25880,24,False
Club L DC 1,ClubL-DC-1,Example League,2026/27,Club L,DC,2217,23,0.033,0.031,0.059,0.3,0.125,0.03,0.046,0.039,0.15,0.15,0.25,0.2,3.48,0.05,0.03,2.22,2.029,1.505,3.35,2.39,2.435,7.676,5.066,2.066,0.26,0,0,0,17,16,13.7,13.7,16.3,16.3,20,15.6,16.3,20,18,16.7,19,16.7,15.6,20,20,16.7,19,17.7,16,12.6,15.6,17,19.3,16,16.3,16.7,17,17,17,19,15.6,17.7,17,19,17,15.6,16,17,16,17,16.3,16,16.3,17,16,9465400,10695902,28289,24,False
Club L DC 2,ClubL-DC-2,Example League,2026/27,Club L,DC,661,26,0.032,0.03,0.054,0.3,0.124,0.029,0.045,0.038,0.15,0.15,0.25,0.2,3.436,0.05,0.03,2.191,2.005,1.49,3.305,2.36,2.403,7.536,4.938,2.032,0.292,0,0,0,16.6,15.5,13.2,13.2,15.9,15.9,19.6,15.2,15.9,19.6,17.6,16.2,18.5,16.2,15.2,19.6,19.6,16.2,18.5,17.2,15.5,12.2,15.2,16.6,18.9,15.5,15.9,16.2,16.6,16.6,16.6,18.5,15.2,17.2,16.6,18.5,16.6,15.2,15.5,16.6,15.5,16.6,15.9,15.5,15.9,16.6,15.5,6708750,7580888,25309,30,False
Club L DL 1,ClubL-DL-1,Example League,2026/27,Club L,DL,2234,24,0.015,0.014,0.051,0.35,0.156,0.014,0.135,0.115,0.904,0.904,0.6,1.1,4.67,1.05,1.94,1.591,1.333,0.74,1.83,1.098,1.227,8.236,5.218,1.918,0.134,0,0,0,16.8,18,17.5,16.5,16.1,16.1,16.8,15.4,16.1,16.8,17.8,16.5,18,16.5,15.4,17.8,16.8,16.5,15.8,16.5,15.8,15.4,15.4,16.8,18.3,15.8,16.1,18.7,19,16.8,16.8,15.8,15.4,18.7,19,15.8,16.8,15.4,15.8,16.8,15.8,16.8,16.1,15.8,16.1,16.8,15.8,8738088,10092492,27603,30,False
Club L DL 2,ClubL-DL-2,Example League,2026/27,Club L,DL,672,27,0.015,0.014,0.047,0.35,0.154,0.014,0.129,0.109,0.886,0.886,0.6,1.1,4.595,1.03,1.9,1.556,1.303,0.723,1.78,1.068,1.195,8.096,5.081,1.878,0.169,0,0,0,16.3,17.5,17,16,15.6,15.6,16.3,14.9,15.6,16.3,17.3,16,17.5,16,14.9,17.3,16.3,16,15.3,16,15.3,14.9,14.9,16.3,17.8,15.3,15.6,18.2,18.5,16.3,16.3,15.3,14.9,18.2,18.5,15.3,16.3,14.9,15.3,16.3,15.3,16.3,15.6,15.3,15.6,16.3,15.3,6044688,6981615,24629,36,False
Club L DR 1,ClubL-DR-1,Example League,2026/27,Club L,DR,2251,25,0.015,0.014,0.049,0.35,0.155,0.014,0.132,0.112,0.895,0.895,0.6,1.1,4.64,1.038,1.916,1.575,1.321,0.733,1.805,1.08,1.208,8.152,5.146,1.9,0.152,0,0,0,16.6,17.7,17.2,16.2,15.9,15.9,16.6,15.2,15.9,16.6,17.6,16.2,17.7,16.2,15.2,17.6,16.6,16.2,15.5,16.2,15.5,15.2,15.2,16.6,18.1,15.5,15.9,18.4,18.8,16.6,16.6,15.5,15.2,18.4,18.8,15.5,16.6,15.2,15.5,16.6,15.5,16.6,15.9,15.5,15.9,16.6,15.5,8025150,9469677,26919,36,False
Club L DR 2,ClubL-DR-2,Example League,2026/27,Club L,DR,683,28,0.015,0.014,0.045,0.35,0.153,0.014,0.126,0.107,0.879,0.879,0.6,1.1,4.565,1.022,1.884,1.542,1.291,0.716,1.76,1.056,1.182,8.04,5.027,1.862,0.183,0,0,0,16.1,17.3,16.8,15.8,15.4,15.4,16.1,14.7,15.4,16.1,17.1,15.8,17.3,15.8,14.7,17.1,16.1,15.8,15.1,15.8,15.1,14.7,14.7,16.1,17.6,15.1,15.4,18,18.3,16.1,16.1,15.1,14.7,18,18.3,15.1,16.1,14.7,15.1,16.1,15.1,16.1,15.4,15.1,15.4,16.1,15.1,5635000,6649300,23970,12,False
Club L DM 1,ClubL-DM-1,Example League,2026/27,Club L,DM,2268,26,0.069,0.064,0.108,0.656,0.294,0.062,0.15,0.127,1.149,1.149,0.7,0.8,6.01,0.707,0.15,2.184,1.399,0.787,1.985,1.122,1.253,8.348,5.46,2.024,0.096,0,0,0,17.3,16.2,16.9,16.9,16.6,16.6,17.3,15.9,16.6,19.5,19.5,16.9,18.4,19.1,15.9,19.5,17.3,16.9,18.4,19.1,16.2,15.9,15.9,17.3,18.8,18.4,18.8,19.1,17.3,17.3,17.3,16.2,15.9,16.9,19.5,18.4,17.3,15.9,16.2,17.3,16.2,17.3,16.6,16.2,16.6,17.3,16.2,9247087,9986854,28896,12,False
Club L DM 2,ClubL-DM-2,Example League,2026/27,Club L,DM,694,29,0.066,0.062,0.101,0.647,0.287,0.059,0.144,0.122,1.131,1.131,0.7,0.8,5.92,0.692,0.15,2.149,1.369,0.769,1.935,1.092,1.221,8.208,5.319,1.984,0.131,0,0,0,16.8,15.7,16.4,16.4,16.1,16.1,16.8,15.4,16.1,19,19,16.4,17.9,18.6,15.4,19,16.8,16.4,17.9,18.6,15.7,15.4,15.4,16.8,18.3,17.9,18.3,18.6,16.8,16.8,16.8,15.7,15.4,16.4,19,17.9,16.8,15.4,15.7,16.8,15.7,16.8,16.1,15.7,16.1,16.8,15.7,6907188,7459763,25951,18,False
Club L MC 1,ClubL-MC-1,Example League,2026/27,Club L,MC,2285,27,0.064,0.061,0.093,0.643,0.28,0.058,0.144,0.123,1.133,1.133,0.7,0.8,5.776,0.668,0.15,2.038,1.306,0.714,1.835,1.152,1.285,7.984,5.097,1.858,0.187,0,0,0,16,16.7,15.6,15.6,18.2,17,16,17.5,17,16,18.2,15.6,16.7,17.8,16.3,18.2,16,15.6,16.7,17.8,16.7,16.3,16.3,17.2,17,18.9,19.2,17.8,16,16,16,16.7,16.3,15.6,18.2,16.7,16,16.3,16.7,16,16.7,16,17,16.7,17,16,16.7,8505400,9398467,28209,18,False
Club L MC 2,ClubL-MC-2,Example League,2026/27,Club L,MC,705,30,0.062,0.058,0.087,0.635,0.274,0.056,0.139,0.118,1.117,1.117,0.7,0.8,5.686,0.656,0.15,2.005,1.279,0.698,1.785,1.122,1.253,7.872,4.978,1.82,0.218,0,0,0,15.5,16.2,15.2,15.2,17.8,16.6,15.5,17.1,16.6,15.5,17.7,15.2,16.2,17.4,15.9,17.7,15.5,15.2,16.2,17.4,16.2,15.9,15.9,16.7,16.6,18.4,18.8,17.4,15.5,15.5,15.5,16.2,15.9,15.2,17.7,16.2,15.5,15.9,16.2,15.5,16.2,15.5,16.6,16.2,16.6,15.5,16.2,6468750,7147969,25289,24,False
Club L AML 1,ClubL-AML-1,Example League,2026/27,Club L,AML,2302,28,0.324,0.305,0.371,1.973,0.904,0.292,0.29,0.246,1.727,1.727,4.77,3.822,3.948,2.051,1.416,1.39,1.207,0.64,1.675,1.116,1.247,8.904,5.385,1.688,0.068,0,0,0,15.4,18.6,19.3,17.8,16.5,16.5,13.4,15.8,16.5,13.4,17.9,16.8,14.1,19.3,15.8,15.4,15.4,17.8,16.1,16.8,16.1,18.3,15.8,17.9,16.5,16.1,19,16.8,17.9,17.9,15.4,16.1,15.8,19.3,15.4,16.1,15.4,15.8,16.1,15.4,16.1,15.4,16.5,16.1,16.5,15.4,16.1,8018088,9060439,27543,24,False
Club L AML 2,ClubL-AML-2,Example League,2026/27,Club L,AML,716,31,0.31,0.292,0.353,1.931,0.875,0.279,0.276,0.234,1.682,1.682,4.672,3.752,3.888,2.016,1.386,1.355,1.177,0.622,1.625,1.086,1.214,8.764,5.248,1.648,0.103,0,0,0,14.9,18.1,18.8,17.3,16,16,12.9,15.3,16,12.9,17.4,16.3,13.6,18.8,15.3,14.9,14.9,17.3,15.6,16.3,15.6,17.8,15.3,17.4,16,15.6,18.5,16.3,17.4,17.4,14.9,15.6,15.3,18.8,14.9,15.6,14.9,15.3,15.6,14.9,15.6,14.9,16,15.6,16,14.9,15.6,6044688,6830497,24629,30,False
Club L AMC 1,ClubL-AMC-1,Example League,2026/27,Club L,AMC,2319,29,0.319,0.3,0.364,1.956,0.892,0.287,0.283,0.241,1.707,1.707,4.731,3.794,3.924,2.037,1.404,1.374,1.192,0.632,1.655,1.104,1.234,8.848,5.33,1.67,0.082,0,0,0,15.2,18.4,19.1,17.6,16.2,16.2,13.2,15.5,16.2,13.2,17.7,16.6,13.9,19.1,15.5,15.2,15.2,17.6,15.9,16.6,15.9,18,15.5,17.7,16.2,15.9,18.7,16.6,17.7,17.7,15.2,15.9,15.5,19.1,15.2,15.9,15.2,15.5,15.9,15.2,15.9,15.2,16.2,15.9,16.2,15.2,15.9,7545150,8714648,26879,30,False
Club L AMC 2,ClubL-AMC-2,Example League,2026/27,Club L,AMC,727,20,0.305,0.286,0.346,1.914,0.863,0.274,0.27,0.23,1.664,1.664,4.633,3.724,3.864,2.002,1.374,1.341,1.165,0.615,1.605,1.074,1.201,8.708,5.193,1.632,0.117,0,0,0,14.7,17.9,18.6,17.1,15.8,15.8,12.7,15.1,15.8,12.7,17.2,16.1,13.4,18.6,15.1,14.7,14.7,17.1,15.4,16.1,15.4,17.5,15.1,17.2,15.8,15.4,18.3,16.1,17.2,17.2,14.7,15.4,15.1,18.6,14.7,15.4,14.7,15.1,15.4,14.7,15.4,14.7,15.8,15.4,15.8,14.7,15.4,7315000,8448825,24110,36,False
Club L AMR 1,ClubL-AMR-1,Example League,2026/27,Club L,AMR,2336,30,0.338,0.318,0.389,2.015,0.927,0.304,0.303,0.257,1.769,1.769,4.868,3.891,4.008,2.086,1.446,1.423,1.234,0.656,1.725,1.146,1.279,9.044,5.524,1.726,0.033,0,0,0,15.9,19.1,19.8,18.3,16.9,16.9,13.9,16.2,16.9,13.9,18.4,17.3,14.6,19.8,16.2,15.9,15.9,18.3,16.6,17.3,16.6,18.7,16.2,18.4,16.9,16.6,19.4,17.3,18.4,18.4,15.9,16.6,16.2,19.8,15.9,16.6,15.9,16.2,16.6,15.9,16.6,15.9,16.9,16.6,16.9,15.9,16.6,9007087,10628363,28876,36,False
Club L AMR 2,ClubL-AMR-2,Example League,2026/27,Club L,AMR,738,21,0.324,0.305,0.371,1.973,0.904,0.292,0.289,0.246,1.724,1.724,4.77,3.822,3.948,2.051,1.416,1.388,1.204,0.639,1.675,1.116,1.247,8.904,5.385,1.686,0.068,0,0,0,15.4,18.6,19.3,17.8,16.4,16.4,13.4,15.7,16.4,13.4,17.9,16.8,14.1,19.3,15.7,15.4,15.4,17.8,16.1,16.8,16.1,18.2,15.7,17.9,16.4,16.1,18.9,16.8,17.9,17.9,15.4,16.1,15.7,19.3,15.4,16.1,15.4,15.7,16.1,15.4,16.1,15.4,16.4,16.1,16.4,15.4,16.1,8347188,9849682,26071,12,False
Club L ST 1,ClubL-ST-1,Example League,2026/27,Club L,ST,2353,31,0.536,0.504,0.598,3.116,1.434,0.483,0.122,0.104,0.865,0.865,7.291,4.482,0.6,1.235,0.1,1.405,1.249,0.648,1.75,1.17,1.305,8.876,5.858,1.706,0.19,0,0,0,17,16,16.7,19.7,19.3,16.3,18,15.6,16.3,14,17,16.7,13,16.7,15.6,20,17,19.7,16,16.7,16,15.6,15.6,20,13.3,16,16.3,16.7,20,17,17,17,15.6,19.7,17,17,17,15.6,16,17,16,17,16.3,16,16.3,17,16,10036372,10839282,28336,12,False
Club L ST 2,ClubL-ST-2,Example League,2026/27,Club L,ST,749,22,0.521,0.49,0.578,3.067,1.411,0.469,0.117,0.099,0.851,0.851,7.166,4.404,0.6,1.21,0.1,1.376,1.225,0.633,1.705,1.14,1.273,8.736,5.724,1.672,0.222,0,0,0,16.6,15.5,16.2,19.2,18.9,15.9,17.6,15.2,15.9,13.6,16.6,16.2,12.5,16.2,15.2,19.6,16.6,19.2,15.5,16.2,15.5,15.2,15.2,19.6,12.9,15.5,15.9,16.2,19.6,16.6,16.6,16.5,15.2,19.2,16.6,16.5,16.6,15.2,15.5,16.6,15.5,16.6,15.9,15.5,15.9,16.6,15.5,9049125,9773055,25504,18,False
