player_name,player_id,league,season,team_id,role_group,minutes,age,xg_p90,non_penalty_xg_p90,goals_p90,shots_p90,shots_on_target_p90,big_chances_p90,xa_p90,assists_p90,key_passes_p90,chances_created_p90,touches_in_box_p90,penalty_area_entries_p90,progressive_passes_p90,dribbles_p90,crosses_completed_p90,tackles_won_p90,interceptions_p90,blocks_p90,clearances_p90,headers_won_p90,aerial_duels_won_p90,pressures_p90,successful_pressures_p90,possession_won_p90,possession_lost_p90,saves_p90,save_pct,xg_prevented_p90,corners,crossing,dribbling,finishing,first_touch,free_kick_taking,heading,long_shots,long_throws,marking,passing,penalty_taking,tackling,technique,aggression,anticipation,bravery,composure,concentration,decisions,determination,flair,leadership,off_the_ball,positioning,teamwork,vision,work_rate,acceleration,agility,balance,jumping_reach,natural_fitness,pace,stamina,strength,aerial_reach,command_of_area,communication,eccentricity,handling,kicking,one_on_ones,reflexes,rushing_out,punching_tendency,throwing,market_value,asking_price,wage,contract_months,owned
Club A GK 1,ClubA-GK-1,Example League,2023/24,Club A,GK,2585,20,0,0,0.051,0,0,0,0.005,0.004,0.02,0.02,0,0,2.1,0,0,0,0,0,0,0,0,0,0,0,0,2.293,84,0.5,17,17.7,18.4,18.4,18.1,18.1,17,17.4,18.1,17,17,18.4,17.7,18.4,17.4,20,17,18.4,20,20,17.7,17.4,17.4,17,18.1,17.7,18.1,18.4,17,17,17,17.7,17.4,18.4,17,17.7,20,20,20,20,20,20,20,20,20,20,20,20258582,21879269,43063,12,False
Club A GK 2,ClubA-GK-2,Example League,2023/24,Club A,GK,958,23,0,0,0.047,0,0,0,0.005,0.004,0.02,0.02,0,0,2.1,0,0,0,0,0,0,0,0,0,0,0,0,2.348,84,0.5,16.5,17.2,17.9,17.9,17.6,17.6,16.5,16.9,17.6,16.5,16.5,17.9,17.2,17.9,16.9,20,16.5,17.9,20,20,17.2,16.9,16.9,16.5,17.6,17.2,17.6,17.9,16.5,16.5,16.5,17.2,16.9,17.9,16.5,17.2,20,20,20,19.5,20,20,20,20,20,19.5,20,16846726,18194464,40029,18,False
Club A DC 1,ClubA-DC-1,Example League,2023/24,Club A,DC,2602,21,0.035,0.033,0.09,0.3,0.137,0.032,0.05,0.043,0.15,0.15,0.25,0.2,3.7,0.05,0.03,2.25,2.05,1.52,3.4,2.45,2.5,8.6,5.676,2.1,0.05,0,0,0,20,20,17.7,17.7,20,20,20,20,20,20,20,20,20,20,20,20,20,20,20,20,20,18.4,20,20,20,20,20,20,20,20,20,20,20,20,20,20,20,20,20,20,20,20,20,20,20,20,20,26971150,29803121,45498,18,False
Club A DC 2,ClubA-DC-2,Example League,2023/24,Club A,DC,969,24,0.035,0.033,0.088,0.3,0.136,0.032,0.05,0.043,0.15,0.15,0.25,0.2,3.7,0.05,0.03,2.25,2.05,1.52,3.4,2.45,2.5,8.6,5.676,2.1,0.068,0,0,0,20,20,17.2,17.2,20,20,20,20,20,20,20,20,20,20,20,20,20,20,20,20,20,17.9,20,20,20,20,20,20,20,20,20,20,20,20,20,20,20,20,20,20,20,20,20,20,20,20,20,22620600,24995763,42385,24,False
Club A DL 1,ClubA-DL-1,Example League,2023/24,Club A,DL,2619,22,0.015,0.014,0.079,0.35,0.161,0.014,0.16,0.136,0.98,0.98,0.6,1.1,5,1.15,2.1,1.75,1.45,0.82,2.2,1.35,1.5,8.6,5.676,2.1,-0.03,0,0,0,20,20,20,20,20,20,20,20,20,20,20,20,20,20,20,20,20,20,20,20,20,20,20,20,20,20,20,20,20,20,20,20,20,20,20,20,20,20,20,20,20,20,20,20,20,20,20,25881588,29246194,44782,24,False
Club A DL 2,ClubA-DL-2,Example League,2023/24,Club A,DL,980,25,0.015,0.014,0.079,0.35,0.161,0.014,0.16,0.136,0.98,0.98,0.6,1.1,5,1.15,2.1,1.75,1.45,0.82,2.2,1.35,1.5,8.6,5.676,2.1,-0.03,0,0,0,20,20,20,20,20,20,20,20,20,20,20,20,20,20,20,20,20,20,20,20,20,20,20,20,20,20,20,20,20,20,20,20,20,20,20,20,20,20,20,20,20,20,20,20,20,20,20,21594288,24401545,41675,30,False
Club A DR 1,ClubA-DR-1,Example League,2023/24,Club A,DR,2636,23,0.015,0.014,0.079,0.35,0.161,0.014,0.16,0.136,0.98,0.98,0.6,1.1,5,1.15,2.1,1.75,1.45,0.82,2.2,1.35,1.5,8.6,5.676,2.1,-0.03,0,0,0,20,20,20,20,20,20,20,20,20,20,20,20,20,20,20,20,20,20,20,20,20,20,20,20,20,20,20,20,20,20,20,20,20,20,20,20,20,20,20,20,20,20,20,20,20,20,20,24806400,28651392,44067,30,False
Club A DR 2,ClubA-DR-2,Example League,2023/24,Club A,DR,991,26,0.015,0.014,0.077,0.35,0.161,0.014,0.16,0.136,0.98,0.98,0.6,1.1,5,1.15,2.1,1.75,1.45,0.82,2.2,1.35,1.5,8.6,5.676,2.1,-0.03,0,0,0,20,20,20,19.8,20,20,20,20,20,20,20,19.8,20,19.8,20,20,20,19.8,20,19.8,20,20,20,20,20,20,20,20,20,20,20,20,20,20,20,20,20,20,20,20,20,20,20,20,20,20,20,20582350,23772614,40965,36,False
Club A DM 1,ClubA-DM-1,Example League,2023/24,Club A,DM,2653,24,0.086,0.081,0.15,0.708,0.326,0.077,0.16,0.136,1.18,1.18,0.7,0.8,6.1,0.8,0.15,2.25,1.45,0.82,2.2,1.35,1.5,8.6,5.676,2.1,-0.03,0,0,0,20,20,20,20,20,20,20,20,20,20,20,20,20,20,20,20,20,20,20,20,20,20,20,20,20,20,20,20,20,20,20,20,20,20,20,20,20,20,20,20,20,20,20,20,20,20,20,23745588,28019794,43354,36,False
Club A DM 2,ClubA-DM-2,Example League,2023/24,Club A,DM,1002,27,0.084,0.079,0.144,0.703,0.323,0.076,0.16,0.136,1.18,1.18,0.7,0.8,6.1,0.785,0.15,2.25,1.45,0.82,2.2,1.35,1.5,8.6,5.676,2.1,-0.013,0,0,0,19.9,20,19.5,19.5,20,20,19.9,20,20,20,20,19.5,20,20,20,20,19.9,19.5,20,20,20,20,20,19.9,20,20,20,20,19.9,19.9,19.9,20,20,19.5,20,20,19.9,20,20,19.9,20,19.9,20,20,20,19.9,20,19584788,23110050,40257,12,False
Club A MC 1,ClubA-MC-1,Example League,2023/24,Club A,MC,2670,25,0.086,0.081,0.15,0.708,0.326,0.077,0.16,0.136,1.18,1.18,0.7,0.8,6.1,0.8,0.15,2.25,1.45,0.82,2.2,1.35,1.5,8.6,5.676,2.1,-0.03,0,0,0,20,20,20,20,20,20,20,20,20,20,20,20,20,20,20,20,20,20,20,20,20,20,20,20,20,20,20,20,20,20,20,20,20,20,20,20,20,20,20,20,20,20,20,20,20,20,20,26011150,28092042,45418,12,False
Club A MC 2,ClubA-MC-2,Example League,2023/24,Club A,MC,1013,28,0.086,0.081,0.15,0.708,0.326,0.077,0.16,0.136,1.18,1.18,0.7,0.8,6.1,0.8,0.15,2.25,1.45,0.82,2.2,1.35,1.5,8.6,5.676,2.1,-0.03,0,0,0,20,20,20,20,20,20,20,20,20,20,20,20,20,20,20,20,20,20,20,20,20,20,20,20,20,20,20,20,20,20,20,20,20,20,20,20,20,20,20,20,20,20,20,20,20,20,20,21900600,23652648,42325,18,False
Club A AML 1,ClubA-AML-1,Example League,2023/24,Club A,AML,2687,26,0.374,0.352,0.438,2.122,0.976,0.337,0.326,0.277,1.843,1.843,5.118,4.07,4.2,2.1,1.5,1.734,1.45,0.812,2.16,1.35,1.5,9.8,6.468,2.082,-0.03,0,0,0,20,20,20,20,20,20,19.2,20,20,19.2,20,20,19.9,20,20,20,20,20,20,20,20,20,20,20,20,20,20,20,20,20,20,20,20,20,20,20,20,20,20,20,20,20,20,20,20,20,20,24921588,27538355,44702,18,False
Club A AML 2,ClubA-AML-2,Example League,2023/24,Club A,AML,1024,29,0.374,0.352,0.438,2.122,0.976,0.337,0.326,0.277,1.843,1.843,5.118,4.07,4.2,2.1,1.5,1.717,1.45,0.803,2.135,1.35,1.5,9.8,6.468,2.062,-0.03,0,0,0,20,20,20,20,20,20,18.7,20,20,18.7,20,20,19.4,20,20,20,20,20,20,20,20,20,20,20,20,20,20,20,20,20,20,20,20,20,20,20,20,20,20,20,20,20,20,20,20,20,20,21114288,23331288,41635,24,False
Club A AMC 1,ClubA-AMC-1,Example League,2023/24,Club A,AMC,2704,27,0.374,0.352,0.438,2.122,0.976,0.337,0.326,0.277,1.843,1.843,5.118,4.07,4.2,2.1,1.5,1.727,1.45,0.809,2.15,1.35,1.5,9.8,6.468,2.074,-0.03,0,0,0,20,20,20,20,20,20,19,20,20,19,20,20,19.7,20,20,20,20,20,20,20,20,20,20,20,20,20,20,20,20,20,20,20,20,20,20,20,20,20,20,20,20,20,20,20,20,20,20,23846400,26946432,43987,24,False
Club A AMC 2,ClubA-AMC-2,Example League,2023/24,Club A,AMC,1035,30,0.374,0.352,0.438,2.122,0.976,0.337,0.326,0.277,1.843,1.843,5.118,4.07,4.2,2.1,1.5,1.706,1.444,0.798,2.125,1.35,1.5,9.8,6.468,2.05,-0.03,0,0,0,20,20,20,20,19.8,19.8,18.5,20,19.8,18.5,20,20,19.2,20,20,20,20,20,20,20,20,20,20,20,19.8,20,20,20,20,20,20,20,20,20,20,20,20,20,20,20,20,20,19.8,20,19.8,20,20,20342350,22986856,40945,30,False
Club A AMR 1,ClubA-AMR-1,Example League,2023/24,Club A,AMR,2721,28,0.374,0.352,0.438,2.122,0.976,0.337,0.326,0.277,1.843,1.843,5.118,4.07,4.2,2.1,1.5,1.717,1.45,0.803,2.135,1.35,1.5,9.8,6.468,2.062,-0.03,0,0,0,20,20,20,20,20,20,18.7,20,20,18.7,20,20,19.4,20,20,20,20,20,20,20,20,20,20,20,20,20,20,20,20,20,20,20,20,20,20,20,20,20,20,20,20,20,20,20,20,20,20,23025588,26594554,43294,30,False
Club A AMR 2,ClubA-AMR-2,Example League,2023/24,Club A,AMR,1046,31,0.374,0.352,0.438,2.122,0.976,0.337,0.326,0.277,1.843,1.843,5.118,4.07,4.2,2.1,1.5,1.691,1.435,0.79,2.11,1.35,1.5,9.772,6.45,2.032,-0.03,0,0,0,20,20,20,20,19.5,19.5,18.2,20,19.5,18.2,20,19.9,18.9,20,20,20,20,20,20,19.9,20,20,20,20,19.5,20,20,19.9,20,20,20,20,20,20,20,20,20,20,20,20,20,20,19.5,20,19.5,20,20,19584788,22620430,40257,36,False
Club A ST 1,ClubA-ST-1,Example League,2023/24,Club A,ST,2738,29,0.54,0.508,0.604,3.128,1.439,0.486,0.162,0.138,0.986,0.986,7.32,4.5,0.6,1.4,0.1,1.68,1.423,0.785,2.105,1.35,1.5,9.8,6.468,2.02,-0.03,0,0,0,20,20,20,20,20,20,20,20,20,18.1,20,20,18.8,20,20,20,20,20,20,20,20,20,20,20,19.1,20,20,20,20,20,20,20,20,20,20,20,20,20,20,20,20,20,20,20,20,20,20,30126757,35549573,45761,36,False
Club A ST 2,ClubA-ST-2,Example League,2023/24,Club A,ST,1057,20,0.54,0.508,0.604,3.128,1.439,0.486,0.162,0.138,0.986,0.986,7.32,4.5,0.6,1.4,0.1,1.654,1.408,0.772,2.08,1.35,1.5,9.8,6.468,1.99,-0.03,0,0,0,20,20,20,20,20,20,20,20,20,17.6,20,20,18.3,20,20,20,20,20,20,20,20,20,20,20,18.6,20,20,20,20,20,20,20,20,20,20,20,20,20,20,20,20,20,20,20,20,20,20,27825108,32833627,42819,12,False
Club B GK 1,ClubB-GK-1,Example League,2023/24,Club B,GK,2550,21,0,0,0.05,0,0,0,0.005,0.004,0.02,0.02,0,0,2.1,0,0,0,0,0,0,0,0,0,0,0,0,2.308,84,0.5,16.8,17.5,18.2,18.2,17.8,17.8,16.8,17.1,17.8,16.8,16.8,18.2,17.5,18.2,17.1,20,16.8,18.2,20,20,17.5,17.1,17.1,16.8,17.8,17.5,17.8,18.2,16.8,16.8,16.8,17.5,17.1,18.2,16.8,17.5,20,20,20,19.8,20,20,20,20,20,19.8,20,19269662,21292977,42231,18,False
Club B GK 2,ClubB-GK-2,Example League,2023/24,Club B,GK,930,24,0,0,0.046,0,0,0,0.005,0.004,0.02,0.02,0,0,2.1,0,0,0,0,0,0,0,0,0,0,0,0,2.363,84,0.5,16.3,17,17.7,17.7,17.3,17.3,16.3,16.6,17.3,16.3,16.3,17.7,17,17.7,16.6,20,16.3,17.7,20,20,17,16.6,16.6,16.3,17.3,17,17.3,17.7,16.3,16.3,16.3,17,16.6,17.7,16.3,17,20,20,20,19.3,20,20,20,20,20,19.3,20,15920044,17591649,39202,24,False
Club B DC 1,ClubB-DC-1,Example League,2023/24,Club B,DC,2567,22,0.035,0.033,0.083,0.3,0.134,0.032,0.05,0.043,0.15,0.15,0.25,0.2,3.7,0.05,0.03,2.25,2.05,1.52,3.4,2.45,2.5,8.46,5.584,2.1,0.092,0,0,0,19.9,20,16.5,16.5,20,20,20,20,20,20,20,19.5,20,19.5,20,20,20,19.5,20,20,20,17.2,20,19.9,20,20,20,19.5,19.9,19.9,19.9,20,20,20,19.9,20,19.9,20,20,19.9,20,19.9,20,20,20,19.9,20,22470400,25391552,41873,24,False
Club B DC 2,ClubB-DC-2,Example League,2023/24,Club B,DC,941,25,0.035,0.033,0.08,0.3,0.132,0.032,0.05,0.043,0.15,0.15,0.25,0.2,3.7,0.05,0.03,2.25,2.05,1.52,3.4,2.45,2.5,8.348,5.51,2.1,0.106,0,0,0,19.4,20,16.1,16.1,20,20,20,19.8,20,20,20,19.1,20,19.1,19.8,20,20,19.1,20,20,20,16.8,19.8,19.4,20,20,20,19.1,19.4,19.4,19.4,20,19.8,20,19.4,20,19.4,19.8,20,19.4,20,19.4,20,20,20,19.4,20,18448750,20847088,38787,30,False
Club B DL 1,ClubB-DL-1,Example League,2023/24,Club B,DL,2584,23,0.015,0.014,0.079,0.35,0.161,0.014,0.16,0.136,0.98,0.98,0.6,1.1,5,1.15,2.1,1.75,1.45,0.82,2.2,1.35,1.5,8.6,5.676,2.1,-0.03,0,0,0,20,20,20,20,20,20,20,20,20,20,20,20,20,20,20,20,20,20,20,20,20,20,20,20,20,20,20,20,20,20,20,20,20,20,20,20,20,20,20,20,20,20,20,20,20,20,20,24641088,28460457,43928,30,False
Club B DL 2,ClubB-DL-2,Example League,2023/24,Club B,DL,952,26,0.015,0.014,0.077,0.35,0.161,0.014,0.16,0.136,0.98,0.98,0.6,1.1,5,1.15,2.1,1.75,1.45,0.82,2.2,1.35,1.5,8.6,5.676,2.1,-0.03,0,0,0,20,20,20,19.7,20,20,20,20,20,20,20,19.7,20,19.7,20,20,20,19.7,20,19.7,20,20,20,20,20,20,20,20,20,20,20,20,20,20,20,20,20,20,20,20,20,20,20,20,20,20,20,20429688,23596290,40827,36,False
Club B DR 1,ClubB-DR-1,Example League,2023/24,Club B,DR,2601,24,0.015,0.014,0.079,0.35,0.161,0.014,0.16,0.136,0.98,0.98,0.6,1.1,5,1.15,2.1,1.75,1.45,0.82,2.2,1.35,1.5,8.6,5.676,2.1,-0.03,0,0,0,20,20,20,20,20,20,20,20,20,20,20,20,20,20,20,20,20,20,20,20,20,20,20,20,20,20,20,20,20,20,20,20,20,20,20,20,20,20,20,20,20,20,20,20,20,20,20,23583150,27828117,43215,36,False
Club B DR 2,ClubB-DR-2,Example League,2023/24,Club B,DR,963,27,0.015,0.014,0.075,0.35,0.161,0.014,0.16,0.136,0.98,0.98,0.6,1.1,5,1.15,2.1,1.748,1.45,0.819,2.195,1.35,1.5,8.6,5.676,2.098,-0.03,0,0,0,19.9,20,20,19.5,20,20,19.9,20,20,19.9,20,19.5,20,19.5,20,20,19.9,19.5,20,19.5,20,20,20,19.9,20,20,20,20,20,19.9,19.9,20,20,20,20,20,19.9,20,20,19.9,20,19.9,20,20,20,19.9,20,19435000,22933300,40120,12,False
Club B DM 1,ClubB-DM-1,Example League,2023/24,Club B,DM,2618,25,0.085,0.08,0.148,0.706,0.325,0.077,0.16,0.136,1.18,1.18,0.7,0.8,6.1,0.794,0.15,2.25,1.45,0.82,2.2,1.35,1.5,8.6,5.676,2.1,-0.023,0,0,0,20,20,19.8,19.8,20,20,20,20,20,20,20,19.8,20,20,20,20,20,19.8,20,20,20,20,20,20,20,20,20,20,20,20,20,20,20,19.8,20,20,20,20,20,20,20,20,20,20,20,20,20,22539588,24342755,42503,12,False
Club B DM 2,ClubB-DM-2,Example League,2023/24,Club B,DM,974,28,0.083,0.078,0.141,0.698,0.321,0.074,0.16,0.136,1.18,1.18,0.7,0.8,6.1,0.779,0.15,2.25,1.45,0.82,2.2,1.35,1.5,8.6,5.676,2.1,-0.006,0,0,0,19.6,20,19.3,19.3,20,20,19.6,20,20,20,20,19.3,20,20,20,20,19.6,19.3,20,20,20,20,20,19.6,20,20,20,20,19.6,19.6,19.6,20,20,19.3,20,20,19.6,20,20,19.6,20,19.6,20,20,20,19.6,20,18694688,20190263,39433,18,False
Club B MC 1,ClubB-MC-1,Example League,2023/24,Club B,MC,2635,26,0.086,0.081,0.15,0.708,0.326,0.077,0.16,0.136,1.18,1.18,0.7,0.8,6.1,0.8,0.15,2.24,1.447,0.815,2.175,1.32,1.468,8.6,5.676,2.088,-0.03,0,0,0,20,19.5,20,20,20,19.9,20,20,19.9,20,20,20,19.5,20,20,20,20,20,19.5,20,19.5,20,20,20,19.9,20,20,20,20,20,20,19.5,20,20,20,19.5,20,20,19.5,20,19.5,20,19.9,19.5,19.9,20,19.5,21510400,23768992,41793,18,False
Club B MC 2,ClubB-MC-2,Example League,2023/24,Club B,MC,985,29,0.085,0.08,0.148,0.706,0.325,0.077,0.16,0.136,1.18,1.18,0.7,0.8,6.1,0.794,0.15,2.224,1.432,0.807,2.155,1.296,1.442,8.6,5.676,2.07,-0.023,0,0,0,20,19.1,19.8,19.8,20,19.4,20,20,19.4,20,20,19.8,19.1,20,20,20,20,19.8,19.1,20,19.1,20,20,20,19.4,20,20,20,20,20,20,19.1,20,19.8,20,19.1,20,20,19.1,20,19.1,20,19.4,19.1,19.4,20,19.1,17968750,19855469,38747,24,False
Club B AML 1,ClubB-AML-1,Example League,2023/24,Club B,AML,2652,27,0.374,0.352,0.438,2.122,0.976,0.337,0.326,0.277,1.843,1.843,5.118,4.07,4.2,2.1,1.5,1.724,1.45,0.807,2.145,1.35,1.5,9.8,6.468,2.07,-0.03,0,0,0,20,20,20,20,20,20,18.9,20,20,18.9,20,20,19.6,20,20,20,20,20,20,20,20,20,20,20,20,20,20,20,20,20,20,20,20,20,20,20,20,20,20,20,20,20,20,20,20,20,20,23681088,26759629,43848,24,False
Club B AML 2,ClubB-AML-2,Example League,2023/24,Club B,AML,996,30,0.374,0.352,0.438,2.122,0.976,0.337,0.326,0.277,1.843,1.843,5.118,4.07,4.2,2.1,1.5,1.701,1.441,0.796,2.12,1.35,1.5,9.8,6.468,2.044,-0.03,0,0,0,20,20,20,20,19.7,19.7,18.4,20,19.7,18.4,20,20,19.1,20,20,20,20,20,20,20,20,20,20,20,19.7,20,20,20,20,20,20,20,20,20,20,20,20,20,20,20,20,20,19.7,20,19.7,20,20,20189688,22814347,40807,30,False
Club B AMC 1,ClubB-AMC-1,Example League,2023/24,Club B,AMC,2669,28,0.374,0.352,0.438,2.122,0.976,0.337,0.326,0.277,1.843,1.843,5.118,4.07,4.2,2.1,1.5,1.717,1.45,0.803,2.135,1.35,1.5,9.8,6.468,2.062,-0.03,0,0,0,20,20,20,20,20,20,18.7,20,20,18.7,20,20,19.4,20,20,20,20,20,20,20,20,20,20,20,20,20,20,20,20,20,20,20,20,20,20,20,20,20,20,20,20,20,20,20,20,20,20,22863150,26406938,43155,30,False
Club B AMC 2,ClubB-AMC-2,Example League,2023/24,Club B,AMC,1007,31,0.374,0.352,0.438,2.122,0.976,0.337,0.326,0.277,1.843,1.843,5.118,4.07,4.2,2.1,1.5,1.691,1.435,0.79,2.11,1.35,1.5,9.772,6.45,2.032,-0.03,0,0,0,20,20,20,20,19.5,19.5,18.2,20,19.5,18.2,20,19.9,18.9,20,20,20,20,20,20,19.9,20,20,20,20,19.5,20,20,19.9,20,20,20,20,20,20,20,20,20,20,20,20,20,20,19.5,20,19.5,20,20,19435000,22447425,40120,36,False
Club B AMR 1,ClubB-AMR-1,Example League,2023/24,Club B,AMR,2686,29,0.374,0.352,0.438,2.122,0.976,0.337,0.326,0.277,1.843,1.843,5.118,4.07,4.2,2.1,1.5,1.706,1.444,0.798,2.125,1.35,1.5,9.8,6.468,2.05,-0.03,0,0,0,20,20,20,20,19.8,19.8,18.5,20,19.8,18.5,20,20,19.2,20,20,20,20,20,20,20,20,20,20,20,19.8,20,20,20,20,20,20,20,20,20,20,20,20,20,20,20,20,20,19.8,20,19.8,20,20,22059588,26030314,42463,36,False
Club B AMR 2,ClubB-AMR-2,Example League,2023/24,Club B,AMR,1018,20,0.374,0.352,0.438,2.122,0.976,0.337,0.326,0.277,1.843,1.843,5.118,4.07,4.2,2.1,1.5,1.68,1.429,0.785,2.1,1.35,1.5,9.688,6.394,2.02,-0.03,0,0,0,20,20,20,20,19.3,19.3,18,20,19.3,18,20,19.6,18.7,20,20,20,20,20,20,19.6,20,20,20,20,19.3,20,20,19.6,20,20,20,20,20,20,20,20,20,20,20,20,20,20,19.3,20,19.3,20,20,20374688,24042132,39573,12,False
Club B ST 1,ClubB-ST-1,Example League,2023/24,Club B,ST,2703,30,0.54,0.508,0.604,3.128,1.439,0.486,0.161,0.137,0.984,0.984,7.32,4.5,0.6,1.375,0.1,1.617,1.387,0.754,2.045,1.35,1.5,9.66,6.376,1.948,-0.009,0,0,0,19.9,20,19.5,20,20,20,20,20,20,16.9,19.9,19.5,17.6,19.5,20,20,19.9,20,20,19.5,20,20,20,20,17.9,20,20,19.5,20,19.9,19.9,20,20,20,19.9,20,19.9,20,20,19.9,20,19.9,20,20,20,19.9,20,25099072,27106998,42092,12,False
Club B ST 2,ClubB-ST-2,Example League,2023/24,Club B,ST,1029,21,0.54,0.508,0.604,3.128,1.439,0.486,0.158,0.135,0.975,0.975,7.32,4.5,0.6,1.355,0.1,1.593,1.375,0.741,2.02,1.35,1.5,9.548,6.302,1.92,0.022,0,0,0,19.4,20,19.1,20,20,20,20,19.8,20,16.4,19.4,19.1,17.1,19.1,19.8,20,19.4,20,20,19.1,20,19.8,19.8,20,17.5,20,20,19.1,20,19.4,19.4,20,19.8,20,19.4,20,19.4,19.8,20,19.4,20,19.4,20,20,20,19.4,20,22902325,24734511,39159,18,False
Club C GK 1,ClubC-GK-1,Example League,2023/24,Club C,GK,2515,22,0,0,0.047,0,0,0,0.005,0.004,0.02,0.02,0,0,2.1,0,0,0,0,0,0,0,0,0,0,0,0,2.323,84,0.5,16.5,17.2,17.9,17.9,17.5,17.5,16.5,16.8,17.5,16.5,16.5,17.9,17.2,17.9,16.8,20,16.5,17.9,20,20,17.2,16.8,16.8,16.5,17.5,17.2,17.5,17.9,16.5,16.5,16.5,17.2,16.8,17.9,16.5,17.2,20,20,20,19.5,20,20,20,20,20,19.5,20,18297716,20676419,41400,24,False
Club C GK 2,ClubC-GK-2,Example League,2023/24,Club C,GK,902,25,0,0,0.043,0,0,0,0.005,0.004,0.02,0.02,0,0,2.1,0,0,0,0,0,0,0,0,0,0,0,0,2.378,84,0.5,16,16.7,17.4,17.4,17.1,17.1,16,16.4,17.1,16,16,17.4,16.7,17.4,16.4,20,16,17.4,20,20,16.7,16.4,16.4,16,17.1,16.7,17.1,17.4,16,16,16,16.7,16.4,17.4,16,16.7,20,20,20,19,20,20,20,20,20,19,20,15010336,16961680,38376,30,False
Club C DC 1,ClubC-DC-1,Example League,2023/24,Club C,DC,2532,23,0.035,0.033,0.081,0.3,0.133,0.032,0.05,0.043,0.15,0.15,0.25,0.2,3.7,0.05,0.03,2.25,2.05,1.52,3.4,2.45,2.5,8.404,5.547,2.1,0.099,0,0,0,19.6,20,16.3,16.3,20,20,20,20,20,20,20,19.3,20,19.3,20,20,20,19.3,20,20,20,17,20,19.6,20,20,20,19.3,19.6,19.6,19.6,20,20,20,19.6,20,19.6,20,20,19.6,20,19.6,20,20,20,19.6,20,21302350,24604214,41025,30,False
Club C DC 2,ClubC-DC-2,Example League,2023/24,Club C,DC,913,26,0.035,0.033,0.077,0.3,0.131,0.032,0.05,0.043,0.15,0.15,0.25,0.2,3.7,0.05,0.03,2.25,2.05,1.52,3.4,2.45,2.5,8.264,5.454,2.1,0.117,0,0,0,19.1,19.8,15.8,15.8,20,20,20,19.5,20,20,20,18.8,20,18.8,19.5,20,20,18.8,20,19.8,19.8,16.5,19.5,19.1,20,19.8,20,18.8,19.1,19.1,19.1,20,19.5,19.8,19.1,20,19.1,19.5,19.8,19.1,19.8,19.1,20,19.8,20,19.1,19.8,17356600,20046873,37946,36,False
Club C DL 1,ClubC-DL-1,Example League,2023/24,Club C,DL,2549,24,0.015,0.014,0.071,0.35,0.161,0.014,0.16,0.136,0.98,0.98,0.6,1.1,5,1.15,2.1,1.74,1.45,0.815,2.17,1.35,1.5,8.6,5.676,2.088,-0.03,0,0,0,19.4,20,20,19,20,20,19.4,19.7,20,19.4,20,19,20,19,19.7,20,19.4,19,20,19,20,19.7,19.7,19.4,20,20,20,20,20,19.4,19.4,20,19.7,20,20,20,19.4,19.7,20,19.4,20,19.4,20,20,20,19.4,20,20304787,23959649,40317,36,False
Club C DL 2,ClubC-DL-2,Example League,2023/24,Club C,DL,924,27,0.015,0.014,0.068,0.35,0.161,0.014,0.159,0.135,0.978,0.978,0.6,1.1,4.985,1.134,2.1,1.729,1.447,0.81,2.125,1.326,1.474,8.6,5.666,2.076,-0.013,0,0,0,18.9,20,19.6,18.6,20,20,18.9,19.3,20,18.9,19.9,18.6,20,18.6,19.3,19.9,18.9,18.6,19.6,18.6,19.6,19.3,19.3,18.9,20,19.6,20,20,20,18.9,18.9,19.6,19.3,20,20,19.6,18.9,19.3,19.6,18.9,19.6,18.9,20,19.6,20,18.9,19.6,16422287,19378299,37244,12,False
Club C DR 1,ClubC-DR-1,Example League,2023/24,Club C,DR,2566,25,0.015,0.014,0.077,0.35,0.161,0.014,0.16,0.136,0.98,0.98,0.6,1.1,5,1.15,2.1,1.75,1.45,0.82,2.2,1.35,1.5,8.6,5.676,2.1,-0.03,0,0,0,20,20,20,19.7,20,20,20,20,20,20,20,19.7,20,19.7,20,20,20,19.7,20,19.7,20,20,20,20,20,20,20,20,20,20,20,20,20,20,20,20,20,20,20,20,20,20,20,20,20,20,20,22380600,24171048,42365,12,False
Club C DR 2,ClubC-DR-2,Example League,2023/24,Club C,DR,935,28,0.015,0.014,0.073,0.35,0.161,0.014,0.16,0.136,0.98,0.98,0.6,1.1,5,1.15,2.1,1.743,1.45,0.817,2.18,1.35,1.5,8.6,5.676,2.092,-0.03,0,0,0,19.6,20,20,19.2,20,20,19.6,19.9,20,19.6,20,19.2,20,19.2,19.9,20,19.6,19.2,20,19.2,20,19.9,19.9,19.6,20,20,20,20,20,19.6,19.6,20,19.9,20,20,20,19.6,19.9,20,19.6,20,19.6,20,20,20,19.6,20,18548350,20032218,39296,18,False
Club C DM 1,ClubC-DM-1,Example League,2023/24,Club C,DM,2583,26,0.084,0.079,0.144,0.702,0.323,0.076,0.16,0.136,1.18,1.18,0.7,0.8,6.1,0.785,0.15,2.25,1.45,0.82,2.2,1.35,1.5,8.6,5.676,2.1,-0.013,0,0,0,19.8,20,19.5,19.5,20,20,19.8,20,20,20,20,19.5,20,20,20,20,19.8,19.5,20,20,20,20,20,19.8,20,20,20,20,19.8,19.8,19.8,20,20,19.5,20,20,19.8,20,20,19.8,20,19.8,20,20,20,19.8,20,21354287,23596487,41655,18,False
Club C DM 2,ClubC-DM-2,Example League,2023/24,Club C,DM,946,29,0.081,0.076,0.137,0.694,0.319,0.073,0.16,0.136,1.18,1.18,0.7,0.8,6.1,0.77,0.15,2.25,1.45,0.82,2.2,1.35,1.5,8.6,5.676,2.1,0.005,0,0,0,19.4,20,19,19,20,20,19.4,19.7,20,20,20,19,20,20,19.7,20,19.4,19,20,20,20,19.7,19.7,19.4,20,20,20,20,19.4,19.4,19.4,20,19.7,19,20,20,19.4,19.7,20,19.4,20,19.4,20,20,20,19.4,20,17825287,19696942,38610,24,False
Club C MC 1,ClubC-MC-1,Example League,2023/24,Club C,MC,2600,27,0.086,0.081,0.15,0.708,0.326,0.077,0.16,0.136,1.18,1.18,0.7,0.8,6.1,0.8,0.15,2.231,1.438,0.81,2.165,1.308,1.455,8.6,5.676,2.078,-0.03,0,0,0,20,19.3,20,20,20,19.6,20,20,19.6,20,20,20,19.3,20,20,20,20,20,19.3,20,19.3,20,20,20,19.6,20,20,20,20,20,20,19.3,20,20,20,19.3,20,20,19.3,20,19.3,20,19.6,19.3,19.6,20,19.3,20342350,22986856,40945,24,False
Club C MC 2,ClubC-MC-2,Example League,2023/24,Club C,MC,957,30,0.085,0.079,0.145,0.704,0.324,0.076,0.16,0.136,1.18,1.18,0.7,0.8,6.1,0.785,0.15,2.21,1.423,0.8,2.13,1.278,1.422,8.6,5.676,2.054,-0.013,0,0,0,19.8,18.8,19.5,19.5,20,19.1,19.8,20,19.1,19.8,20,19.5,18.8,20,20,20,19.8,19.5,18.8,20,18.8,20,20,20,19.1,20,20,20,19.8,19.8,19.8,18.8,20,19.5,20,18.8,19.8,20,18.8,19.8,18.8,19.8,19.1,18.8,19.1,19.8,18.8,17116600,19341758,37926,30,False
Club C AML 1,ClubC-AML-1,Example League,2023/24,Club C,AML,2617,28,0.374,0.352,0.438,2.122,0.976,0.337,0.326,0.277,1.843,1.843,5.118,4.07,4.2,2.1,1.5,1.659,1.411,0.775,2.085,1.35,1.5,9.632,6.322,1.996,-0.03,0,0,0,19.7,20,20,20,19,19,17.7,20,19,17.7,20,19.4,18.4,20,20,19.7,19.7,20,20,19.4,20,20,20,20,19,20,20,19.4,20,20,19.7,20,20,20,19.7,20,19.7,20,20,19.7,20,19.7,19,20,19,19.7,20,19584787,22620429,40257,30,False
Club C AML 2,ClubC-AML-2,Example League,2023/24,Club C,AML,968,31,0.373,0.351,0.437,2.12,0.975,0.336,0.326,0.277,1.843,1.843,5.113,4.067,4.2,2.1,1.5,1.631,1.387,0.761,2.065,1.35,1.5,9.492,6.185,1.964,-0.03,0,0,0,19.3,20,20,19.9,18.6,18.6,17.3,19.6,18.6,17.3,20,18.9,18,20,19.6,19.3,19.3,19.9,20,18.9,20,20,19.6,20,18.6,20,20,18.9,20,20,19.3,20,19.6,20,19.3,20,19.3,19.6,20,19.3,20,19.3,18.6,20,18.6,19.3,20,16422287,18967741,37244,36,False
Club C AMC 1,ClubC-AMC-1,Example League,2023/24,Club C,AMC,2634,29,0.374,0.352,0.438,2.122,0.976,0.337,0.326,0.277,1.843,1.843,5.118,4.07,4.2,2.1,1.5,1.701,1.441,0.796,2.12,1.35,1.5,9.8,6.468,2.044,-0.03,0,0,0,20,20,20,20,19.7,19.7,18.4,20,19.7,18.4,20,20,19.1,20,20,20,20,20,20,20,20,20,20,20,19.7,20,20,20,20,20,20,20,20,20,20,20,20,20,20,20,20,20,19.7,20,19.7,20,20,21900600,25842708,42325,36,False
Club C AMC 2,ClubC-AMC-2,Example League,2023/24,Club C,AMC,979,20,0.374,0.352,0.438,2.122,0.976,0.337,0.326,0.277,1.843,1.843,5.118,4.07,4.2,2.1,1.5,1.673,1.423,0.782,2.095,1.35,1.5,9.688,6.382,2.012,-0.03,0,0,0,19.9,20,20,20,19.2,19.2,17.9,20,19.2,17.9,20,19.6,18.6,20,20,19.9,19.9,20,20,19.6,20,20,20,20,19.2,20,20,19.6,20,20,19.9,20,20,20,19.9,20,19.9,20,20,19.9,20,19.9,19.2,20,19.2,19.9,20,20228350,23869453,39436,12,False
Club C AMR 1,ClubC-AMR-1,Example League,2023/24,Club C,AMR,2651,30,0.374,0.352,0.438,2.122,0.976,0.337,0.326,0.277,1.843,1.843,5.118,4.07,4.2,2.1,1.5,1.691,1.435,0.79,2.11,1.35,1.5,9.744,6.431,2.032,-0.03,0,0,0,20,20,20,20,19.5,19.5,18.2,20,19.5,18.2,20,19.8,18.9,20,20,20,20,20,20,19.8,20,20,20,20,19.5,20,20,19.8,20,20,20,20,20,20,20,20,20,20,20,20,20,20,19.5,20,19.5,20,20,21114287,22803430,41635,12,False
Club C AMR 2,ClubC-AMR-2,Example League,2023/24,Club C,AMR,990,21,0.374,0.352,0.438,2.122,0.976,0.337,0.326,0.277,1.843,1.843,5.118,4.07,4.2,2.1,1.5,1.659,1.411,0.775,2.085,1.35,1.5,9.632,6.322,1.996,-0.03,0,0,0,19.7,20,20,20,19,19,17.7,20,19,17.7,20,19.4,18.4,20,20,19.7,19.7,20,20,19.4,20,20,20,20,19,20,20,19.4,20,20,19.7,20,20,20,19.7,20,19.7,20,20,19.7,20,19.7,19,20,19,19.7,20,19265287,20806510,38730,18,False
Club C ST 1,ClubC-ST-1,Example League,2023/24,Club C,ST,2668,31,0.54,0.508,0.604,3.128,1.439,0.486,0.16,0.136,0.979,0.979,7.32,4.5,0.6,1.365,0.1,1.603,1.381,0.747,2.03,1.35,1.5,9.604,6.339,1.932,0.008,0,0,0,19.6,20,19.3,20,20,20,20,20,20,16.6,19.6,19.3,17.3,19.3,20,20,19.6,20,20,19.3,20,20,20,20,17.7,20,20,19.3,20,19.6,19.6,20,20,20,19.6,20,19.6,20,20,19.6,20,19.6,20,20,20,19.6,20,24003973,26524390,41250,18,False
Club C ST 2,ClubC-ST-2,Example League,2023/24,Club C,ST,1001,22,0.54,0.508,0.604,3.128,1.439,0.486,0.157,0.133,0.97,0.97,7.32,4.5,0.6,1.34,0.1,1.577,1.366,0.733,2.005,1.35,1.5,9.464,6.246,1.902,0.043,0,0,0,19.1,19.8,18.8,20,20,20,20,19.5,20,16.1,19.1,18.8,16.8,18.8,19.5,20,19.1,20,19.8,18.8,19.8,19.5,19.5,20,17.2,19.8,20,18.8,20,19.1,19.1,20,19.5,20,19.1,20,19.1,19.5,19.8,19.1,19.8,19.1,20,19.8,20,19.1,19.8,21613588,23883015,38301,24,False
Club D GK 1,ClubD-GK-1,Example League,2023/24,Club D,GK,2480,23,0,0,0.045,0,0,0,0.005,0.004,0.02,0.02,0,0,2.1,0,0,0,0,0,0,0,0,0,0,0,0,2.338,84,0.5,16.2,16.9,17.6,17.6,17.3,17.3,16.2,16.6,17.3,16.2,16.2,17.6,16.9,17.6,16.6,20,16.2,17.6,20,20,16.9,16.6,16.6,16.2,17.3,16.9,17.3,17.6,16.2,16.2,16.2,16.9,16.6,17.6,16.2,16.9,20,20,20,19.2,20,20,20,20,20,19.2,20,17342744,20030869,40570,30,False
Club D GK 2,ClubD-GK-2,Example League,2023/24,Club D,GK,874,26,0,0,0.041,0,0,0,0.005,0.004,0.02,0.02,0,0,2.1,0,0,0,0,0,0,0,0,0,0,0,0,2.393,84,0.5,15.7,16.4,17.1,17.1,16.8,16.8,15.7,16.1,16.8,15.7,15.7,17.1,16.4,17.1,16.1,20,15.7,17.1,20,20,16.4,16.1,16.1,15.7,16.8,16.4,16.8,17.1,15.7,15.7,15.7,16.4,16.1,17.1,15.7,16.4,20,20,20,18.7,20,20,20,20,20,18.7,20,14117602,16305830,37551,36,False
Club D DC 1,ClubD-DC-1,Example League,2023/24,Club D,DC,2497,24,0.035,0.033,0.079,0.3,0.132,0.032,0.05,0.043,0.15,0.15,0.25,0.2,3.7,0.05,0.03,2.25,2.05,1.52,3.4,2.45,2.5,8.32,5.491,2.1,0.11,0,0,0,19.4,20,16,16,20,20,20,19.7,20,20,20,19,20,19,19.7,20,20,19,20,20,20,16.7,19.7,19.4,20,20,20,19,19.4,19.4,19.4,20,19.7,20,19.4,20,19.4,19.7,20,19.4,20,19.4,20,20,20,19.4,20,20155000,23782900,40180,36,False
Club D DC 2,ClubD-DC-2,Example League,2023/24,Club D,DC,885,27,0.035,0.033,0.075,0.3,0.131,0.032,0.05,0.042,0.15,0.15,0.25,0.2,3.689,0.05,0.03,2.25,2.05,1.52,3.4,2.45,2.5,8.18,5.399,2.1,0.131,0,0,0,18.9,19.6,15.5,15.5,19.9,19.9,20,19.2,19.9,20,19.9,18.5,20,18.5,19.2,20,20,18.5,20,19.5,19.6,16.2,19.2,18.9,20,19.6,19.9,18.5,18.9,18.9,18.9,20,19.2,19.5,18.9,20,18.9,19.2,19.6,18.9,19.6,18.9,19.9,19.6,19.9,18.9,19.6,16285150,19216477,37107,12,False
Club D DL 1,ClubD-DL-1,Example League,2023/24,Club D,DL,2514,25,0.015,0.014,0.069,0.35,0.161,0.014,0.16,0.136,0.98,0.98,0.6,1.1,5,1.142,2.1,1.734,1.45,0.812,2.145,1.338,1.487,8.6,5.676,2.082,-0.023,0,0,0,19.1,20,19.8,18.8,20,20,19.1,19.5,20,19.1,20,18.8,20,18.8,19.5,20,19.1,18.8,19.8,18.8,19.8,19.5,19.5,19.1,20,19.8,20,20,20,19.1,19.1,19.8,19.5,20,20,19.8,19.1,19.5,19.8,19.1,19.8,19.1,20,19.8,20,19.1,19.8,19174688,20708663,39473,12,False
Club D DL 2,ClubD-DL-2,Example League,2023/24,Club D,DL,896,28,0.015,0.014,0.065,0.35,0.161,0.014,0.158,0.134,0.973,0.973,0.6,1.1,4.94,1.122,2.1,1.719,1.438,0.804,2.095,1.308,1.455,8.6,5.635,2.064,0.008,0,0,0,18.6,20,19.3,18.3,19.7,19.7,18.6,19,19.7,18.6,19.6,18.3,20,18.3,19,19.6,18.6,18.3,19.3,18.3,19.3,19,19,18.6,20,19.3,19.7,20,20,18.6,18.6,19.3,19,20,20,19.3,18.6,19,19.3,18.6,19.3,18.6,19.7,19.3,19.7,18.6,19.3,15608088,16856735,36426,18,False
Club D DR 1,ClubD-DR-1,Example League,2023/24,Club D,DR,2531,26,0.015,0.014,0.068,0.35,0.161,0.014,0.159,0.135,0.978,0.978,0.6,1.1,4.985,1.134,2.1,1.729,1.447,0.81,2.125,1.326,1.474,8.6,5.666,2.076,-0.013,0,0,0,18.9,20,19.6,18.6,20,20,18.9,19.3,20,18.9,19.9,18.6,20,18.6,19.3,19.9,18.9,18.6,19.6,18.6,19.6,19.3,19.3,18.9,20,19.6,20,20,20,18.9,18.9,19.6,19.3,20,20,19.6,18.9,19.3,19.6,18.9,19.6,18.9,20,19.6,20,18.9,19.6,18208750,20120669,38767,18,False
Club D DR 2,ClubD-DR-2,Example League,2023/24,Club D,DR,907,29,0.015,0.014,0.064,0.35,0.161,0.014,0.156,0.133,0.969,0.969,0.6,1.1,4.91,1.114,2.1,1.712,1.432,0.801,2.075,1.296,1.442,8.6,5.614,2.056,0.022,0,0,0,18.4,20,19.1,18.1,19.5,19.5,18.4,18.8,19.5,18.4,19.4,18.1,20,18.1,18.8,19.4,18.4,18.1,19.1,18.1,19.1,18.8,18.8,18.4,20,19.1,19.5,20,20,18.4,18.4,19.1,18.8,20,20,19.1,18.4,18.8,19.1,18.4,19.1,18.4,19.5,19.1,19.5,18.4,19.1,14945400,16514667,35745,24,False
Club D DM 1,ClubD-DM-1,Example League,2023/24,Club D,DM,2548,27,0.082,0.077,0.14,0.697,0.321,0.074,0.16,0.136,1.18,1.18,0.7,0.8,6.1,0.776,0.15,2.25,1.45,0.82,2.2,1.35,1.5,8.6,5.676,2.1,-0.002,0,0,0,19.6,20,19.2,19.2,20,20,19.6,19.9,20,20,20,19.2,20,20,19.9,20,19.6,19.2,20,20,20,19.9,19.9,19.6,20,20,20,20,19.6,19.6,19.6,20,19.9,19.2,20,20,19.6,19.9,20,19.6,20,19.6,20,20,20,19.6,20,20189688,22814347,40807,24,False
Club D DM 2,ClubD-DM-2,Example League,2023/24,Club D,DM,918,30,0.079,0.075,0.133,0.688,0.317,0.071,0.16,0.136,1.18,1.18,0.7,0.8,6.1,0.761,0.15,2.25,1.45,0.82,2.19,1.338,1.487,8.6,5.676,2.1,0.015,0,0,0,19.1,19.8,18.7,18.7,20,20,19.1,19.4,20,20,20,18.7,20,20,19.4,20,19.1,18.7,20,20,19.8,19.4,19.4,19.1,20,20,20,20,19.1,19.1,19.1,19.8,19.4,18.7,20,20,19.1,19.4,19.8,19.1,19.8,19.1,20,19.8,20,19.1,19.8,16976588,19183544,37790,30,False
Club D MC 1,ClubD-MC-1,Example League,2023/24,Club D,MC,2565,28,0.085,0.08,0.147,0.705,0.324,0.077,0.16,0.136,1.18,1.18,0.7,0.8,6.1,0.791,0.15,2.222,1.432,0.806,2.15,1.29,1.435,8.6,5.676,2.068,-0.02,0,0,0,20,19,19.7,19.7,20,19.4,20,20,19.4,20,20,19.7,19,20,20,20,20,19.7,19,20,19,20,20,20,19.4,20,20,20,20,20,20,19,20,19.7,20,19,20,20,19,20,19,20,19.4,19,19.4,20,19,19435000,22447425,40120,30,False
Club D MC 2,ClubD-MC-2,Example League,2023/24,Club D,MC,929,31,0.084,0.079,0.141,0.701,0.322,0.075,0.16,0.136,1.18,1.18,0.7,0.8,6.1,0.776,0.15,2.198,1.417,0.794,2.105,1.26,1.403,8.6,5.676,2.04,-0.002,0,0,0,19.6,18.5,19.2,19.2,20,18.9,19.6,20,18.9,19.6,20,19.2,18.5,20,19.9,20,19.6,19.2,18.5,20,18.5,19.9,19.9,20,18.9,20,20,20,19.6,19.6,19.6,18.5,19.9,19.2,20,18.5,19.6,19.9,18.5,19.6,18.5,19.6,18.9,18.5,18.9,19.6,18.5,16285150,18809348,37107,36,False
Club D AML 1,ClubD-AML-1,Example League,2023/24,Club D,AML,2582,29,0.374,0.352,0.438,2.122,0.976,0.337,0.326,0.277,1.843,1.843,5.118,4.07,4.2,2.1,1.5,1.645,1.399,0.768,2.075,1.35,1.5,9.548,6.244,1.98,-0.03,0,0,0,19.5,20,20,20,18.8,18.8,17.5,19.8,18.8,17.5,20,19.1,18.2,20,19.8,19.5,19.5,20,20,19.1,20,20,19.8,20,18.8,20,20,19.1,20,20,19.5,20,19.8,20,19.5,20,19.5,19.8,20,19.5,20,19.5,18.8,20,18.8,19.5,20,18694688,22059732,39433,36,False
Club D AML 2,ClubD-AML-2,Example League,2023/24,Club D,AML,940,20,0.371,0.349,0.432,2.114,0.972,0.334,0.326,0.277,1.843,1.843,5.098,4.056,4.2,2.1,1.5,1.61,1.369,0.75,2.035,1.332,1.481,9.408,6.096,1.94,-0.03,0,0,0,19,20,20,19.6,18.3,18.3,17,19.3,18.3,17,20,18.6,17.7,20,19.3,19,19,19.6,19.7,18.6,19.7,20,19.3,20,18.3,19.7,20,18.6,20,20,19,19.7,19.3,20,19,19.7,19,19.3,19.7,19,19.7,19,18.3,19.7,18.3,19,19.7,17288088,20399944,36566,12,False
Club D AMC 1,ClubD-AMC-1,Example League,2023/24,Club D,AMC,2599,30,0.373,0.351,0.437,2.12,0.975,0.336,0.326,0.277,1.843,1.843,5.113,4.067,4.2,2.1,1.5,1.631,1.387,0.761,2.065,1.35,1.5,9.492,6.185,1.964,-0.03,0,0,0,19.3,20,20,19.9,18.6,18.6,17.3,19.6,18.6,17.3,20,18.9,18,20,19.6,19.3,19.3,19.9,20,18.9,20,20,19.6,20,18.6,20,20,18.9,20,20,19.3,20,19.6,20,19.3,20,19.3,19.6,20,19.3,20,19.3,18.6,20,18.6,19.3,20,17968750,19406250,38747,12,False
Club D AMC 2,ClubD-AMC-2,Example League,2023/24,Club D,AMC,951,21,0.37,0.348,0.429,2.109,0.97,0.333,0.326,0.277,1.843,1.843,5.089,4.049,4.2,2.1,1.5,1.596,1.357,0.743,2.015,1.32,1.468,9.352,6.038,1.924,-0.03,0,0,0,18.8,20,20,19.4,18.1,18.1,16.8,19.1,18.1,16.8,20,18.4,17.5,20,19.1,18.8,18.8,19.4,19.5,18.4,19.5,20,19.1,20,18.1,19.5,20,18.4,20,20,18.8,19.5,19.1,20,18.8,19.5,18.8,19.1,19.5,18.8,19.5,18.8,18.1,19.5,18.1,18.8,19.5,16385400,17696232,35865,18,False
Club D AMR 1,ClubD-AMR-1,Example League,2023/24,Club D,AMR,2616,31,0.374,0.352,0.438,2.122,0.976,0.337,0.326,0.277,1.843,1.843,5.118,4.07,4.2,2.1,1.5,1.673,1.423,0.782,2.095,1.35,1.5,9.688,6.382,2.012,-0.03,0,0,0,19.9,20,20,20,19.2,19.2,17.9,20,19.2,17.9,20,19.6,18.6,20,20,19.9,19.9,20,20,19.6,20,20,20,20,19.2,20,20,19.6,20,20,19.9,20,20,20,19.9,20,19.9,20,20,19.9,20,19.9,19.2,20,19.2,19.9,20,20189688,22309605,40807,18,False
Club D AMR 2,ClubD-AMR-2,Example League,2023/24,Club D,AMR,962,22,0.374,0.352,0.438,2.122,0.976,0.337,0.326,0.277,1.843,1.843,5.118,4.07,4.2,2.1,1.5,1.638,1.393,0.764,2.07,1.35,1.5,9.548,6.233,1.972,-0.03,0,0,0,19.4,20,20,20,18.7,18.7,17.4,19.8,18.7,17.4,20,19.1,18.1,20,19.8,19.4,19.4,20,20,19.1,20,20,19.8,20,18.7,20,20,19.1,20,20,19.4,20,19.8,20,19.4,20,19.4,19.8,20,19.4,20,19.4,18.7,20,18.7,19.4,20,18176588,20085130,37890,24,False
Club D ST 1,ClubD-ST-1,Example League,2023/24,Club D,ST,2633,20,0.54,0.508,0.604,3.128,1.439,0.486,0.158,0.135,0.975,0.975,7.32,4.5,0.6,1.35,0.1,1.591,1.372,0.74,2.02,1.35,1.5,9.52,6.283,1.918,0.026,0,0,0,19.4,20,19,20,20,20,20,19.7,20,16.4,19.4,19,17.1,19,19.7,20,19.4,20,20,19,20,19.7,19.7,20,17.4,20,20,19,20,19.4,19.4,20,19.7,20,19.4,20,19.4,19.7,20,19.4,20,19.4,20,20,20,19.4,20,24915700,28154741,40576,24,False
Club D ST 2,ClubD-ST-2,Example League,2023/24,Club D,ST,973,23,0.54,0.508,0.604,3.128,1.439,0.486,0.155,0.132,0.964,0.964,7.32,4.5,0.6,1.325,0.1,1.565,1.357,0.727,1.995,1.35,1.5,9.38,6.191,1.888,0.061,0,0,0,18.9,19.6,18.5,20,20,19.9,19.9,19.2,19.9,15.9,18.9,18.5,16.6,18.5,19.2,20,18.9,20,19.6,18.5,19.6,19.2,19.2,20,16.9,19.6,19.9,18.5,20,18.9,18.9,20,19.2,20,18.9,20,18.9,19.2,19.6,18.9,19.6,18.9,19.9,19.6,19.9,18.9,19.6,20349277,22994683,37446,30,False
Club E GK 1,ClubE-GK-1,Example League,2023/24,Club E,GK,2445,24,0,0,0.036,0,0,0,0.005,0.004,0.02,0.02,0,0,2.1,0,0,0,0,0,0,0,0,0,0,0,0,2.403,84,0.5,15.1,15.8,16.5,16.5,16.1,16.1,15.1,15.4,16.1,15.1,15.1,16.5,15.8,16.5,15.4,20,15.1,16.5,20,20,15.8,15.4,15.4,15.1,16.1,15.8,16.1,16.5,15.1,15.1,15.1,15.8,15.4,16.5,15.1,15.8,20,20,20,18.1,20,20,20,20,20,18.1,20,14056676,16586878,37046,36,False
Club E GK 2,ClubE-GK-2,Example League,2023/24,Club E,GK,846,27,0,0,0.032,0,0,0,0.005,0.004,0.02,0.02,0,0,2.1,0,0,0,0,0,0,0,0,0,0,0,0,2.458,84,0.5,14.6,15.3,16,16,15.6,15.6,14.6,14.9,15.6,14.6,14.6,16,15.3,16,14.9,20,14.6,16,20,20,15.3,14.9,14.9,14.6,15.6,15.3,15.6,16,14.6,14.6,14.6,15.3,14.9,16,14.6,15.3,20,20,20,17.6,20,20,20,20,20,17.6,20,11101232,13099454,34050,12,False
Club E DC 1,ClubE-DC-1,Example League,2023/24,Club E,DC,2462,25,0.035,0.033,0.077,0.3,0.131,0.032,0.05,0.043,0.15,0.15,0.25,0.2,3.7,0.05,0.03,2.25,2.05,1.52,3.4,2.45,2.5,8.236,5.436,2.1,0.12,0,0,0,19.1,19.8,15.7,15.7,20,20,20,19.4,20,20,20,18.7,20,18.7,19.4,20,20,18.7,20,19.7,19.8,16.4,19.4,19.1,20,19.8,20,18.7,19.1,19.1,19.1,20,19.4,19.7,19.1,20,19.1,19.4,19.8,19.1,19.8,19.1,20,19.8,20,19.1,19.8,19028350,20550618,39336,12,False
Club E DC 2,ClubE-DC-2,Example League,2023/24,Club E,DC,857,28,0.035,0.033,0.073,0.3,0.13,0.032,0.049,0.042,0.15,0.15,0.25,0.2,3.656,0.05,0.03,2.25,2.05,1.52,3.4,2.45,2.5,8.096,5.343,2.1,0.152,0,0,0,18.6,19.3,15.2,15.2,19.6,19.6,20,18.9,19.6,20,19.6,18.2,20,18.2,18.9,20,20,18.2,20,19.2,19.3,15.9,18.9,18.6,20,19.3,19.6,18.2,18.6,18.6,18.6,20,18.9,19.2,18.6,20,18.6,18.9,19.3,18.6,19.3,18.6,19.6,19.3,19.6,18.6,19.3,15474400,16712352,36290,18,False
Club E DL 1,ClubE-DL-1,Example League,2023/24,Club E,DL,2479,26,0.015,0.014,0.067,0.35,0.161,0.014,0.159,0.135,0.978,0.978,0.6,1.1,4.985,1.13,2.1,1.729,1.447,0.81,2.125,1.326,1.474,8.6,5.666,2.076,-0.009,0,0,0,18.9,20,19.5,18.5,19.9,19.9,18.9,19.2,19.9,18.9,19.9,18.5,20,18.5,19.2,19.9,18.9,18.5,19.6,18.5,19.6,19.2,19.2,18.9,20,19.6,19.9,20,20,18.9,18.9,19.6,19.2,20,20,19.6,18.9,19.2,19.6,18.9,19.6,18.9,19.9,19.6,19.9,18.9,19.6,18065288,19962143,38630,18,False
Club E DL 2,ClubE-DL-2,Example League,2023/24,Club E,DL,868,29,0.015,0.014,0.063,0.35,0.161,0.014,0.156,0.133,0.969,0.969,0.6,1.1,4.91,1.11,2.1,1.712,1.432,0.801,2.075,1.296,1.442,8.6,5.614,2.056,0.026,0,0,0,18.4,20,19,18,19.4,19.4,18.4,18.7,19.4,18.4,19.4,18,20,18,18.7,19.4,18.4,18,19.1,18,19.1,18.7,18.7,18.4,20,19.1,19.4,20,20,18.4,18.4,19.1,18.7,20,20,19.1,18.4,18.7,19.1,18.4,19.1,18.4,19.4,19.1,19.4,18.4,19.1,14814588,16370120,35610,24,False
Club E DR 1,ClubE-DR-1,Example League,2023/24,Club E,DR,2496,27,0.015,0.014,0.065,0.35,0.161,0.014,0.158,0.134,0.973,0.973,0.6,1.1,4.94,1.122,2.1,1.719,1.438,0.804,2.095,1.308,1.455,8.6,5.635,2.064,0.008,0,0,0,18.6,20,19.3,18.3,19.7,19.7,18.6,19,19.7,18.6,19.6,18.3,20,18.3,19,19.6,18.6,18.3,19.3,18.3,19.3,19,19,18.6,20,19.3,19.7,20,20,18.6,18.6,19.3,19,20,20,19.3,18.6,19,19.3,18.6,19.3,18.6,19.7,19.3,19.7,18.6,19.3,17116600,19341758,37926,24,False
Club E DR 2,ClubE-DR-2,Example League,2023/24,Club E,DR,879,30,0.015,0.014,0.061,0.35,0.16,0.014,0.155,0.131,0.964,0.964,0.6,1.1,4.865,1.102,2.1,1.701,1.423,0.796,2.045,1.278,1.422,8.6,5.583,2.044,0.043,0,0,0,18.1,20,18.8,17.8,19.2,19.2,18.1,18.5,19.2,18.1,19.1,17.8,20,17.8,18.5,19.1,18.1,17.8,18.8,17.8,18.8,18.5,18.5,18.1,20,18.8,19.2,20,20,18.1,18.1,18.8,18.5,20,20,18.8,18.1,18.5,18.8,18.1,18.8,18.1,19.2,18.8,19.2,18.1,18.8,14169150,16011140,34931,30,False
Club E DM 1,ClubE-DM-1,Example League,2023/24,Club E,DM,2513,28,0.076,0.071,0.124,0.677,0.311,0.068,0.16,0.136,1.18,1.18,0.7,0.8,6.1,0.743,0.15,2.25,1.45,0.82,2.155,1.296,1.442,8.6,5.676,2.1,0.036,0,0,0,18.4,19.1,18.1,18.1,19.5,19.5,18.4,18.8,19.5,20,20,18.1,20,20,18.8,20,18.4,18.1,20,20,19.1,18.8,18.8,18.4,20,20,20,20,18.4,18.4,18.4,19.1,18.8,18.1,20,20,18.4,18.8,19.1,18.4,19.1,18.4,19.5,19.1,19.5,18.4,19.1,16422288,18967743,37244,30,False
Club E DM 2,ClubE-DM-2,Example League,2023/24,Club E,DM,890,31,0.073,0.068,0.117,0.668,0.304,0.065,0.16,0.136,1.18,1.18,0.7,0.8,6.1,0.728,0.15,2.25,1.45,0.82,2.13,1.266,1.409,8.544,5.639,2.1,0.054,0,0,0,17.9,18.6,17.6,17.6,19,19,17.9,18.3,19,20,20,17.6,20,19.8,18.3,20,17.9,17.6,20,19.8,18.6,18.3,18.3,17.9,20,20,20,19.8,17.9,17.9,17.9,18.6,18.3,17.6,20,20,17.9,18.3,18.6,17.9,18.6,17.9,19,18.6,19,17.9,18.6,13538088,15636492,34253,36,False
Club E MC 1,ClubE-MC-1,Example League,2023/24,Club E,MC,2530,29,0.084,0.079,0.143,0.703,0.323,0.076,0.16,0.136,1.18,1.18,0.7,0.8,6.1,0.782,0.15,2.208,1.423,0.799,2.125,1.272,1.416,8.6,5.676,2.052,-0.009,0,0,0,19.8,18.7,19.4,19.4,20,19.1,19.8,20,19.1,19.8,20,19.4,18.7,20,20,20,19.8,19.4,18.7,20,18.7,20,20,20,19.1,20,20,20,19.8,19.8,19.8,18.7,20,19.4,20,18.7,19.8,20,18.7,19.8,18.7,19.8,19.1,18.7,19.1,19.8,18.7,18548350,21887053,39296,36,False
Club E MC 2,ClubE-MC-2,Example League,2023/24,Club E,MC,901,20,0.083,0.078,0.138,0.698,0.321,0.074,0.16,0.136,1.18,1.18,0.7,0.8,6.1,0.767,0.15,2.182,1.408,0.786,2.075,1.242,1.383,8.6,5.676,2.022,0.008,0,0,0,19.3,18.2,18.9,18.9,19.8,18.6,19.3,20,18.6,19.3,20,18.9,18.2,20,19.6,20,19.3,18.9,18.2,20,18.2,19.6,19.6,20,18.6,20,20,20,19.3,19.3,19.3,18.2,19.6,18.9,20,18.2,19.3,19.6,18.2,19.3,18.2,19.3,18.6,18.2,18.6,19.3,18.2,17154400,20242192,36430,12,False
Club E AML 1,ClubE-AML-1,Example League,2023/24,Club E,AML,2547,30,0.373,0.351,0.437,2.12,0.975,0.336,0.326,0.277,1.843,1.843,5.113,4.067,4.2,2.1,1.5,1.624,1.381,0.757,2.055,1.344,1.493,9.492,6.174,1.956,-0.03,0,0,0,19.2,20,20,19.9,18.5,18.5,17.2,19.6,18.5,17.2,20,18.9,17.9,20,19.6,19.2,19.2,19.9,19.9,18.9,19.9,20,19.6,20,18.5,19.9,20,18.9,20,20,19.2,19.9,19.6,20,19.2,19.9,19.2,19.6,19.9,19.2,19.9,19.2,18.5,19.9,18.5,19.2,19.9,17825288,19251311,38610,12,False
Club E AML 2,ClubE-AML-2,Example League,2023/24,Club E,AML,912,21,0.37,0.348,0.429,2.109,0.97,0.333,0.326,0.277,1.843,1.843,5.089,4.049,4.2,2.1,1.5,1.589,1.351,0.74,2.005,1.314,1.461,9.352,6.026,1.916,-0.03,0,0,0,18.7,20,20,19.4,18,18,16.7,19.1,18,16.7,20,18.4,17.4,20,19.1,18.7,18.7,19.4,19.4,18.4,19.4,20,19.1,20,18,19.4,20,18.4,20,20,18.7,19.4,19.1,20,18.7,19.4,18.7,19.1,19.4,18.7,19.4,18.7,18,19.4,18,18.7,19.4,16254588,17554955,35730,18,False
Club E AMC 1,ClubE-AMC-1,Example League,2023/24,Club E,AMC,2564,31,0.371,0.349,0.432,2.114,0.972,0.334,0.326,0.277,1.843,1.843,5.098,4.056,4.2,2.1,1.5,1.61,1.369,0.75,2.035,1.332,1.481,9.408,6.096,1.94,-0.03,0,0,0,19,20,20,19.6,18.3,18.3,17,19.3,18.3,17,20,18.6,17.7,20,19.3,19,19,19.6,19.7,18.6,19.7,20,19.3,20,18.3,19.7,20,18.6,20,20,19,19.7,19.3,20,19,19.7,19,19.3,19.7,19,19.7,19,18.3,19.7,18.3,19,19.7,17116600,18913843,37926,18,False
Club E AMC 2,ClubE-AMC-2,Example League,2023/24,Club E,AMC,923,22,0.368,0.346,0.425,2.103,0.967,0.331,0.326,0.277,1.843,1.843,5.074,4.039,4.2,2.1,1.5,1.575,1.339,0.733,1.985,1.302,1.448,9.268,5.95,1.9,-0.03,0,0,0,18.5,20,20,19.1,17.8,17.8,16.5,18.8,17.8,16.5,20,18.1,17.2,20,18.8,18.5,18.5,19.1,19.2,18.1,19.2,20,18.8,20,17.8,19.2,20,18.1,20,20,18.5,19.2,18.8,20,18.5,19.2,18.5,18.8,19.2,18.5,19.2,18.5,17.8,19.2,17.8,18.5,19.2,15369150,16982911,35031,24,False
Club E AMR 1,ClubE-AMR-1,Example League,2023/24,Club E,AMR,2581,20,0.37,0.348,0.429,2.109,0.97,0.333,0.326,0.277,1.843,1.843,5.089,4.049,4.2,2.1,1.5,1.596,1.357,0.743,2.015,1.32,1.468,9.352,6.038,1.924,-0.03,0,0,0,18.8,20,20,19.4,18.1,18.1,16.8,19.1,18.1,16.8,20,18.4,17.5,20,19.1,18.8,18.8,19.4,19.5,18.4,19.5,20,19.1,20,18.1,19.5,20,18.4,20,20,18.8,19.5,19.1,20,18.8,19.5,18.8,19.1,19.5,18.8,19.5,18.8,18.1,19.5,18.1,18.8,19.5,18102288,20455585,37384,24,False
Club E AMR 2,ClubE-AMR-2,Example League,2023/24,Club E,AMR,934,23,0.366,0.344,0.422,2.099,0.965,0.33,0.326,0.277,1.843,1.843,5.064,4.032,4.2,2.1,1.5,1.561,1.327,0.726,1.965,1.29,1.435,9.212,5.892,1.884,-0.03,0,0,0,18.3,20,20,18.9,17.6,17.6,16.3,18.6,17.6,16.3,20,17.9,17,20,18.6,18.3,18.3,18.9,19,17.9,19,20,18.6,20,17.6,19,20,17.9,20,20,18.3,19,18.6,20,18.3,19,18.3,18.6,19,18.3,19,18.3,17.6,19,17.6,18.3,19,14498088,16382839,34333,30,False
Club E ST 1,ClubE-ST-1,Example League,2023/24,Club E,ST,2598,21,0.54,0.508,0.604,3.128,1.439,0.486,0.157,0.133,0.97,0.97,7.32,4.5,0.6,1.335,0.1,1.575,1.363,0.733,2.005,1.35,1.5,9.436,6.228,1.9,0.047,0,0,0,19.1,19.8,18.7,20,20,20,20,19.4,20,16.1,19.1,18.7,16.8,18.7,19.4,20,19.1,20,19.8,18.7,19.8,19.4,19.4,20,17.1,19.8,20,18.7,20,19.1,19.1,20,19.4,20,19.1,20,19.1,19.4,19.8,19.1,19.8,19.1,20,19.8,20,19.1,19.8,23586253,27242122,39716,30,False
Club E ST 2,ClubE-ST-2,Example League,2023/24,Club E,ST,945,24,0.54,0.508,0.604,3.128,1.439,0.486,0.151,0.129,0.954,0.954,7.32,4.5,0.6,1.31,0.1,1.549,1.348,0.719,1.98,1.35,1.5,9.296,6.135,1.87,0.082,0,0,0,18.6,19.3,18.2,20,20,19.6,19.6,18.9,19.6,15.6,18.6,18.2,16.3,18.2,18.9,20,18.6,20,19.3,18.2,19.3,18.9,18.9,20,16.6,19.3,19.6,18.2,20,18.6,18.6,20,18.9,20,18.6,20,18.6,18.9,19.3,18.6,19.3,18.6,19.6,19.3,19.6,18.6,19.3,19109392,22071348,36592,36,False
Club F GK 1,ClubF-GK-1,Example League,2023/24,Club F,GK,2410,25,0,0,0.034,0,0,0,0.005,0.004,0.02,0.02,0,0,2.1,0,0,0,0,0,0,0,0,0,0,0,0,2.418,84,0.5,14.8,15.5,16.2,16.2,15.8,15.8,14.8,15.1,15.8,14.8,14.8,16.2,15.5,16.2,15.1,20,14.8,16.2,20,20,15.5,15.1,15.1,14.8,15.8,15.5,15.8,16.2,14.8,14.8,14.8,15.5,15.1,16.2,14.8,15.5,20,20,20,17.8,20,20,20,20,20,17.8,20,13192232,14247611,36224,12,False
Club F GK 2,ClubF-GK-2,Example League,2023/24,Club F,GK,818,28,0,0,0.03,0,0,0,0.005,0.004,0.02,0.02,0,0,2.1,0,0,0,0,0,0,0,0,0,0,0,0,2.473,84,0.5,14.3,15,15.7,15.7,15.3,15.3,14.3,14.6,15.3,14.3,14.3,15.7,15,15.7,14.6,20,14.3,15.7,20,20,15,14.6,14.6,14.3,15.3,15,15.3,15.7,14.3,14.3,14.3,15,14.6,15.7,14.3,15,20,20,20,17.3,20,20,20,20,20,17.3,20,10495826,11335492,33250,18,False
Club F DC 1,ClubF-DC-1,Example League,2023/24,Club F,DC,2427,26,0.035,0.033,0.068,0.3,0.128,0.032,0.048,0.041,0.15,0.15,0.25,0.2,3.579,0.05,0.03,2.25,2.05,1.52,3.4,2.45,2.5,7.928,5.232,2.1,0.198,0,0,0,17.9,18.6,14.6,14.6,19,19,20,18.3,19,20,18.9,17.6,20,17.6,18.3,20,20,17.6,20,18.6,18.6,15.3,18.3,17.9,20,18.6,19,17.6,17.9,17.9,17.9,20,18.3,18.6,17.9,20,17.9,18.3,18.6,17.9,18.6,17.9,19,18.6,19,17.9,18.6,15185400,16779867,35765,18,False
Club F DC 2,ClubF-DC-2,Example League,2023/24,Club F,DC,829,29,0.035,0.033,0.064,0.3,0.126,0.032,0.047,0.04,0.15,0.15,0.25,0.2,3.524,0.05,0.03,2.25,2.05,1.52,3.4,2.45,2.5,7.788,5.14,2.1,0.232,0,0,0,17.4,18.1,14.1,14.1,18.5,18.5,20,17.8,18.5,20,18.4,17.1,20,17.1,17.8,20,20,17.1,20,18.1,18.1,14.8,17.8,17.4,20,18.1,18.5,17.1,17.4,17.4,17.4,20,17.8,18.1,17.4,20,17.4,17.8,18.1,17.4,18.1,17.4,18.5,18.1,18.5,17.4,18.1,12200350,13481387,32767,24,False
Club F DL 1,ClubF-DL-1,Example League,2023/24,Club F,DL,2444,27,0.015,0.014,0.065,0.35,0.161,0.014,0.158,0.134,0.973,0.973,0.6,1.1,4.94,1.118,2.1,1.719,1.438,0.804,2.095,1.308,1.455,8.6,5.635,2.064,0.012,0,0,0,18.6,20,19.2,18.2,19.6,19.6,18.6,18.9,19.6,18.6,19.6,18.2,20,18.2,18.9,19.6,18.6,18.2,19.3,18.2,19.3,18.9,18.9,18.6,20,19.3,19.6,20,20,18.6,18.6,19.3,18.9,20,20,19.3,18.6,18.9,19.3,18.6,19.3,18.6,19.6,19.3,19.6,18.6,19.3,16976588,19183544,37790,24,False
Club F DL 2,ClubF-DL-2,Example League,2023/24,Club F,DL,840,30,0.015,0.014,0.061,0.35,0.16,0.014,0.155,0.131,0.964,0.964,0.6,1.1,4.865,1.098,2.1,1.701,1.423,0.796,2.045,1.278,1.422,8.572,5.565,2.044,0.047,0,0,0,18.1,20,18.7,17.7,19.1,19.1,18.1,18.4,19.1,18.1,19.1,17.7,20,17.7,18.4,19.1,18.1,17.7,18.8,17.7,18.8,18.4,18.4,18.1,20,18.8,19.1,19.9,20,18.1,18.1,18.8,18.4,19.9,20,18.8,18.1,18.4,18.8,18.1,18.8,18.1,19.1,18.8,19.1,18.1,18.8,14041788,15867220,34795,30,False
Club F DR 1,ClubF-DR-1,Example League,2023/24,Club F,DR,2461,28,0.015,0.014,0.063,0.35,0.161,0.014,0.156,0.133,0.969,0.969,0.6,1.1,4.91,1.11,2.1,1.712,1.432,0.801,2.075,1.296,1.442,8.6,5.614,2.056,0.026,0,0,0,18.4,20,19,18,19.4,19.4,18.4,18.7,19.4,18.4,19.4,18,20,18,18.7,19.4,18.4,18,19.1,18,19.1,18.7,18.7,18.4,20,19.1,19.4,20,20,18.4,18.4,19.1,18.7,20,20,19.1,18.4,18.7,19.1,18.4,19.1,18.4,19.4,19.1,19.4,18.4,19.1,16285150,18809348,37107,30,False
Club F DR 2,ClubF-DR-2,Example League,2023/24,Club F,DR,851,31,0.015,0.014,0.059,0.35,0.159,0.014,0.153,0.13,0.96,0.96,0.6,1.1,4.835,1.09,2.1,1.694,1.417,0.792,2.025,1.266,1.409,8.516,5.508,2.036,0.061,0,0,0,17.9,20,18.5,17.5,18.9,18.9,17.9,18.2,18.9,17.9,18.9,17.5,20,17.5,18.2,18.9,17.9,17.5,18.6,17.5,18.6,18.2,18.2,17.9,20,18.6,18.9,19.7,20,17.9,17.9,18.6,18.2,19.7,20,18.6,17.9,18.2,18.6,17.9,18.6,17.9,18.9,18.6,18.9,17.9,18.6,13413600,15492708,34118,36,False
Club F DM 1,ClubF-DM-1,Example League,2023/24,Club F,DM,2478,29,0.074,0.069,0.12,0.671,0.307,0.066,0.16,0.136,1.18,1.18,0.7,0.8,6.1,0.734,0.15,2.25,1.45,0.82,2.14,1.278,1.422,8.6,5.676,2.1,0.047,0,0,0,18.1,18.8,17.8,17.8,19.2,19.2,18.1,18.5,19.2,20,20,17.8,20,20,18.5,20,18.1,17.8,20,20,18.8,18.5,18.5,18.1,20,20,20,20,18.1,18.1,18.1,18.8,18.5,17.8,20,20,18.1,18.5,18.8,18.1,18.8,18.1,19.2,18.8,19.2,18.1,18.8,15608088,18417544,36426,36,False
Club F DM 2,ClubF-DM-2,Example League,2023/24,Club F,DM,862,20,0.071,0.066,0.113,0.662,0.3,0.064,0.159,0.135,1.176,1.176,0.7,0.8,6.064,0.719,0.15,2.243,1.444,0.817,2.105,1.248,1.39,8.46,5.563,2.092,0.071,0,0,0,17.6,18.3,17.3,17.3,18.7,18.7,17.6,18,18.7,19.8,19.8,17.3,20,19.5,18,19.8,17.6,17.3,20,19.5,18.3,18,18,17.6,20,20,20,19.5,17.6,17.6,17.6,18.3,18,17.3,19.8,20,17.6,18,18.3,17.6,18.3,17.6,18.7,18.3,18.7,17.6,18.3,14479788,17086150,33582,12,False
Club F MC 1,ClubF-MC-1,Example League,2023/24,Club F,MC,2495,30,0.08,0.075,0.131,0.691,0.318,0.072,0.16,0.136,1.18,1.18,0.7,0.8,6.1,0.749,0.15,2.147,1.387,0.768,2.01,1.206,1.344,8.6,5.676,1.982,0.029,0,0,0,18.6,17.6,18.3,18.3,19.1,17.9,18.6,20,17.9,18.6,20,18.3,17.6,20,19,20,18.6,18.3,17.6,20,17.6,19,19,19.8,17.9,19.8,20,20,18.6,18.6,18.6,17.6,19,18.3,20,17.6,18.6,19,17.6,18.6,17.6,18.6,17.9,17.6,17.9,18.6,17.6,14945400,16141032,35745,12,False
Club F MC 2,ClubF-MC-2,Example League,2023/24,Club F,MC,873,21,0.077,0.073,0.124,0.682,0.312,0.07,0.158,0.134,1.173,1.173,0.7,0.8,6.1,0.734,0.15,2.121,1.372,0.755,1.96,1.176,1.312,8.6,5.676,1.952,0.047,0,0,0,18.1,17.1,17.8,17.8,18.6,17.4,18.1,19.7,17.4,18.1,20,17.8,17.1,20,18.5,20,18.1,17.8,17.1,20,17.1,18.5,18.5,19.3,17.4,19.3,19.6,20,18.1,18.1,18.1,17.1,18.5,17.8,20,17.1,18.1,18.5,17.1,18.1,17.1,18.1,17.4,17.1,17.4,18.1,17.1,13640350,14731578,32887,18,False
Club F AML 1,ClubF-AML-1,Example League,2023/24,Club F,AML,2512,31,0.371,0.349,0.432,2.114,0.972,0.334,0.326,0.277,1.843,1.843,5.098,4.056,4.2,2.1,1.5,1.603,1.363,0.747,2.025,1.326,1.474,9.408,6.085,1.932,-0.03,0,0,0,18.9,20,20,19.6,18.2,18.2,16.9,19.3,18.2,16.9,20,18.6,17.6,20,19.3,18.9,18.9,19.6,19.6,18.6,19.6,20,19.3,20,18.2,19.6,20,18.6,20,20,18.9,19.6,19.3,20,18.9,19.6,18.9,19.3,19.6,18.9,19.6,18.9,18.2,19.6,18.2,18.9,19.6,16976588,18759130,37790,18,False
Club F AML 2,ClubF-AML-2,Example League,2023/24,Club F,AML,884,22,0.368,0.346,0.425,2.103,0.967,0.331,0.326,0.277,1.843,1.843,5.074,4.039,4.2,2.1,1.5,1.568,1.333,0.729,1.975,1.296,1.442,9.268,5.939,1.892,-0.03,0,0,0,18.4,20,20,19.1,17.7,17.7,16.4,18.8,17.7,16.4,20,18.1,17.1,20,18.8,18.4,18.4,19.1,19.1,18.1,19.1,20,18.8,20,17.7,19.1,20,18.1,20,20,18.4,19.1,18.8,20,18.4,19.1,18.4,18.8,19.1,18.4,19.1,18.4,17.7,19.1,17.7,18.4,19.1,15241788,16842176,34895,24,False
Club F AMC 1,ClubF-AMC-1,Example League,2023/24,Club F,AMC,2529,20,0.37,0.348,0.429,2.109,0.97,0.333,0.326,0.277,1.843,1.843,5.089,4.049,4.2,2.1,1.5,1.589,1.351,0.74,2.005,1.314,1.461,9.352,6.026,1.916,-0.03,0,0,0,18.7,20,20,19.4,18,18,16.7,19.1,18,16.7,20,18.4,17.4,20,19.1,18.7,18.7,19.4,19.4,18.4,19.4,20,19.1,20,18,19.4,20,18.4,20,20,18.7,19.4,19.1,20,18.7,19.4,18.7,19.1,19.4,18.7,19.4,18.7,18,19.4,18,18.7,19.4,17965150,20300620,37247,24,False
Club F AMC 2,ClubF-AMC-2,Example League,2023/24,Club F,AMC,895,23,0.366,0.344,0.422,2.099,0.965,0.33,0.326,0.277,1.843,1.843,5.064,4.032,4.2,2.1,1.5,1.554,1.321,0.722,1.955,1.284,1.428,9.212,5.881,1.876,-0.03,0,0,0,18.2,20,20,18.9,17.5,17.5,16.2,18.6,17.5,16.2,20,17.9,16.9,20,18.6,18.2,18.2,18.9,18.9,17.9,18.9,20,18.6,20,17.5,18.9,20,17.9,20,20,18.2,18.9,18.6,20,18.2,18.9,18.2,18.6,18.9,18.2,18.9,18.2,17.5,18.9,17.5,18.2,18.9,14373600,16242168,34198,30,False
Club F AMR 1,ClubF-AMR-1,Example League,2023/24,Club F,AMR,2546,21,0.368,0.346,0.425,2.103,0.967,0.331,0.326,0.277,1.843,1.843,5.074,4.039,4.2,2.1,1.5,1.575,1.339,0.733,1.985,1.302,1.448,9.268,5.95,1.9,-0.03,0,0,0,18.5,20,20,19.1,17.8,17.8,16.5,18.8,17.8,16.5,20,18.1,17.2,20,18.8,18.5,18.5,19.1,19.2,18.1,19.2,20,18.8,20,17.8,19.2,20,18.1,20,20,18.5,19.2,18.8,20,18.5,19.2,18.5,18.8,19.2,18.5,19.2,18.5,17.8,19.2,17.8,18.5,19.2,17048088,19690542,36546,30,False
Club F AMR 2,ClubF-AMR-2,Example League,2023/24,Club F,AMR,906,24,0.364,0.342,0.417,2.093,0.963,0.328,0.325,0.276,1.839,1.839,5.049,4.021,4.2,2.1,1.5,1.54,1.309,0.715,1.935,1.272,1.416,9.128,5.805,1.86,-0.03,0,0,0,18,20,20,18.6,17.3,17.3,16,18.3,17.3,16,20,17.6,16.7,20,18.3,18,18,18.6,18.7,17.6,18.7,20,18.3,20,17.3,18.7,19.8,17.6,20,20,18,18.7,18.3,20,18,18.7,18,18.3,18.7,18,18.7,18,17.3,18.7,17.3,18,18.7,13519788,15615355,33502,36,False
Club F ST 1,ClubF-ST-1,Example League,2023/24,Club F,ST,2563,22,0.54,0.508,0.604,3.128,1.439,0.486,0.143,0.122,0.93,0.93,7.32,4.5,0.6,1.28,0.1,1.514,1.33,0.702,1.925,1.326,1.474,9.128,6.024,1.83,0.127,0,0,0,17.9,18.6,17.6,20,20,19,18.9,18.3,19,14.9,17.9,17.6,15.6,17.6,18.3,20,17.9,20,18.6,17.6,18.6,18.3,18.3,20,16,18.6,19,17.6,20,17.9,17.9,19.6,18.3,20,17.9,19.6,17.9,18.3,18.6,17.9,18.6,17.9,19,18.6,19,17.9,18.6,19051572,22480855,36088,36,False
Club F ST 2,ClubF-ST-2,Example League,2023/24,Club F,ST,917,25,0.54,0.508,0.604,3.128,1.439,0.486,0.137,0.117,0.912,0.912,7.32,4.5,0.6,1.255,0.1,1.488,1.315,0.689,1.875,1.296,1.442,8.988,5.932,1.8,0.162,0,0,0,17.4,18.1,17.1,20,20,18.5,18.4,17.8,18.5,14.4,17.4,17.1,15.1,17.1,17.8,20,17.4,20,18.1,17.1,18.1,17.8,17.8,20,15.5,18.1,18.5,17.1,20,17.4,17.4,19.1,17.8,20,17.4,19.1,17.4,17.8,18.1,17.4,18.1,17.4,18.5,18.1,18.5,17.4,18.1,14962813,17656119,32997,12,False
Club G GK 1,ClubG-GK-1,Example League,2023/24,Club G,GK,2375,26,0,0,0.031,0,0,0,0.005,0.004,0.02,0.02,0,0,2.1,0,0,0,0,0,0,0,0,0,0,0,0,2.433,84,0.5,14.5,15.2,15.9,15.9,15.6,15.6,14.5,14.9,15.6,14.5,14.5,15.9,15.2,15.9,14.9,20,14.5,15.9,20,20,15.2,14.9,14.9,14.5,15.6,15.2,15.6,15.9,14.5,14.5,14.5,15.2,14.9,15.9,14.5,15.2,20,20,20,17.5,20,20,20,20,20,17.5,20,12344762,13640962,35404,18,False
Club G GK 2,ClubG-GK-2,Example League,2023/24,Club G,GK,790,29,0,0,0.027,0,0,0,0.005,0.004,0.02,0.02,0,0,2.1,0,0,0,0,0,0,0,0,0,0,0,0,2.488,84,0.5,14,14.7,15.4,15.4,15.1,15.1,14,14.4,15.1,14,14,15.4,14.7,15.4,14.4,20,14,15.4,20,20,14.7,14.4,14.4,14,15.1,14.7,15.1,15.4,14,14,14,14.7,14.4,15.4,14,14.7,20,20,20,17,20,20,20,20,20,17,20,9907394,10947670,32451,24,False
Club G DC 1,ClubG-DC-1,Example League,2023/24,Club G,DC,2392,27,0.035,0.033,0.065,0.3,0.127,0.032,0.047,0.04,0.15,0.15,0.25,0.2,3.546,0.05,0.03,2.25,2.05,1.52,3.4,2.45,2.5,7.844,5.177,2.1,0.218,0,0,0,17.6,18.3,14.3,14.3,18.7,18.7,20,18,18.7,20,18.6,17.3,20,17.3,18,20,20,17.3,20,18.3,18.3,15,18,17.6,20,18.3,18.7,17.3,17.6,17.6,17.6,20,18,18.3,17.6,20,17.6,18,18.3,17.6,18.3,17.6,18.7,18.3,18.7,17.6,18.3,14169150,16011140,34931,24,False
Club G DC 2,ClubG-DC-2,Example League,2023/24,Club G,DC,801,30,0.035,0.033,0.061,0.3,0.125,0.032,0.046,0.039,0.15,0.15,0.25,0.2,3.502,0.05,0.03,2.25,2.05,1.52,3.4,2.45,2.5,7.704,5.085,2.1,0.25,0,0,0,17.2,17.9,13.8,13.8,18.2,18.2,20,17.5,18.2,20,18.2,16.8,20,16.8,17.5,20,20,16.8,20,17.8,17.9,14.5,17.5,17.2,20,17.9,18.2,16.8,17.2,17.2,17.2,20,17.5,17.8,17.2,20,17.2,17.5,17.9,17.2,17.9,17.2,18.2,17.9,18.2,17.2,17.9,11500000,12995000,31958,30,False
Club G DL 1,ClubG-DL-1,Example League,2023/24,Club G,DL,2409,28,0.015,0.014,0.056,0.35,0.158,0.014,0.15,0.128,0.951,0.951,0.6,1.1,4.76,1.074,2.1,1.676,1.402,0.783,1.975,1.236,1.377,8.404,5.385,2.016,0.092,0,0,0,17.4,20,18.1,17.1,18.5,18.5,17.4,17.8,18.5,17.4,18.4,17.1,20,17.1,17.8,18.4,17.4,17.1,18.1,17.1,18.1,17.8,17.8,17.4,20,18.1,18.5,19.3,19.6,17.4,17.4,18.1,17.8,19.3,19.6,18.1,17.4,17.8,18.1,17.4,18.1,17.4,18.5,18.1,18.5,17.4,18.1,13538088,15636492,34253,30,False
Club G DL 2,ClubG-DL-2,Example League,2023/24,Club G,DL,812,31,0.015,0.014,0.052,0.35,0.156,0.014,0.146,0.124,0.939,0.939,0.6,1.1,4.685,1.054,2.084,1.656,1.387,0.773,1.925,1.206,1.344,8.264,5.246,1.992,0.127,0,0,0,16.9,19.8,17.6,16.6,18,18,16.9,17.3,18,16.9,17.9,16.6,19.8,16.6,17.3,17.9,16.9,16.6,17.6,16.6,17.6,17.3,17.3,16.9,20,17.6,18,18.8,19.1,16.9,16.9,17.6,17.3,18.8,19.1,17.6,16.9,17.3,17.6,16.9,17.6,16.9,18,17.6,18,16.9,17.6,10932188,12626677,31286,36,False
Club G DR 1,ClubG-DR-1,Example League,2023/24,Club G,DR,2426,29,0.015,0.014,0.061,0.35,0.16,0.014,0.155,0.131,0.964,0.964,0.6,1.1,4.865,1.098,2.1,1.701,1.423,0.796,2.045,1.278,1.422,8.572,5.565,2.044,0.047,0,0,0,18.1,20,18.7,17.7,19.1,19.1,18.1,18.4,19.1,18.1,19.1,17.7,20,17.7,18.4,19.1,18.1,17.7,18.8,17.7,18.8,18.4,18.4,18.1,20,18.8,19.1,19.9,20,18.1,18.1,18.8,18.4,19.9,20,18.8,18.1,18.4,18.8,18.1,18.8,18.1,19.1,18.8,19.1,18.1,18.8,15474400,18259792,36290,36,False
Club G DR 2,ClubG-DR-2,Example League,2023/24,Club G,DR,823,20,0.015,0.014,0.057,0.35,0.159,0.014,0.152,0.129,0.955,0.955,0.6,1.1,4.79,1.082,2.1,1.684,1.408,0.787,1.995,1.248,1.39,8.46,5.441,2.024,0.078,0,0,0,17.6,20,18.3,17.3,18.7,18.7,17.6,18,18.7,17.6,18.6,17.3,20,17.3,18,18.6,17.6,17.3,18.3,17.3,18.3,18,18,17.6,20,18.3,18.7,19.5,19.8,17.6,17.6,18.3,18,19.5,19.8,18.3,17.6,18,18.3,17.6,18.3,17.6,18.7,18.3,18.7,17.6,18.3,14358750,16943325,33447,12,False
Club G DM 1,ClubG-DM-1,Example League,2023/24,Club G,DM,2443,30,0.072,0.068,0.116,0.667,0.303,0.065,0.16,0.136,1.18,1.18,0.7,0.8,6.1,0.725,0.15,2.25,1.45,0.82,2.13,1.266,1.409,8.516,5.621,2.1,0.057,0,0,0,17.9,18.6,17.5,17.5,18.9,18.9,17.9,18.2,18.9,20,20,17.5,20,19.7,18.2,20,17.9,17.5,20,19.7,18.6,18.2,18.2,17.9,20,20,20,19.7,17.9,17.9,17.9,18.6,18.2,17.5,20,20,17.9,18.2,18.6,17.9,18.6,17.9,18.9,18.6,18.9,17.9,18.6,14814587,15999754,35610,12,False
Club G DM 2,ClubG-DM-2,Example League,2023/24,Club G,DM,834,21,0.069,0.065,0.109,0.658,0.296,0.062,0.158,0.134,1.173,1.173,0.7,0.8,6.028,0.71,0.15,2.236,1.438,0.813,2.085,1.236,1.377,8.376,5.488,2.084,0.089,0,0,0,17.4,18.1,17,17,18.4,18.4,17.4,17.7,18.4,19.6,19.6,17,20,19.2,17.7,19.6,17.4,17,20,19.2,18.1,17.7,17.7,17.4,20,20,20,19.2,17.4,17.4,17.4,18.1,17.7,17,19.6,20,17.4,17.7,18.1,17.4,18.1,17.4,18.4,18.1,18.4,17.4,18.1,13522188,14603963,32752,18,False
Club G MC 1,ClubG-MC-1,Example League,2023/24,Club G,MC,2460,31,0.079,0.074,0.127,0.686,0.315,0.071,0.159,0.135,1.176,1.176,0.7,0.8,6.1,0.74,0.15,2.131,1.378,0.761,1.98,1.188,1.325,8.6,5.676,1.964,0.04,0,0,0,18.3,17.3,18,18,18.8,17.6,18.3,19.9,17.6,18.3,20,18,17.3,20,18.7,20,18.3,18,17.3,20,17.3,18.7,18.7,19.5,17.6,19.5,19.8,20,18.3,18.3,18.3,17.3,18.7,18,20,17.3,18.3,18.7,17.3,18.3,17.3,18.3,17.6,17.3,17.6,18.3,17.3,14169150,15656911,34931,18,False
Club G MC 2,ClubG-MC-2,Example League,2023/24,Club G,MC,845,22,0.076,0.071,0.12,0.677,0.308,0.068,0.156,0.132,1.167,1.167,0.7,0.8,6.1,0.725,0.15,2.108,1.366,0.749,1.935,1.158,1.292,8.516,5.621,1.938,0.057,0,0,0,17.9,16.8,17.5,17.5,18.3,17.2,17.9,19.4,17.2,17.9,20,17.5,16.8,19.7,18.2,20,17.9,17.5,16.8,19.7,16.8,18.2,18.2,19.1,17.2,19,19.3,19.7,17.9,17.9,17.9,16.8,18.2,17.5,20,16.8,17.9,18.2,16.8,17.9,16.8,17.9,17.2,16.8,17.2,17.9,16.8,12700000,14033500,32058,24,False
Club G AML 1,ClubG-AML-1,Example League,2023/24,Club G,AML,2477,20,0.362,0.34,0.413,2.086,0.96,0.326,0.323,0.274,1.832,1.832,5.035,4.011,4.2,2.093,1.5,1.526,1.297,0.708,1.915,1.26,1.403,9.072,5.748,1.844,-0.027,0,0,0,17.8,20,19.9,18.4,17.1,17.1,15.8,18.1,17.1,15.8,20,17.4,16.5,19.9,18.1,17.8,17.8,18.4,18.5,17.4,18.5,20,18.1,20,17.1,18.5,19.6,17.4,20,20,17.8,18.5,18.1,19.9,17.8,18.5,17.8,18.1,18.5,17.8,18.5,17.8,17.1,18.5,17.1,17.8,18.5,15218088,17196439,34393,24,False
Club G AML 2,ClubG-AML-2,Example League,2023/24,Club G,AML,856,23,0.352,0.331,0.4,2.057,0.944,0.317,0.314,0.267,1.805,1.805,4.966,3.962,4.176,2.058,1.5,1.491,1.267,0.691,1.865,1.23,1.37,8.932,5.606,1.804,-0.002,0,0,0,17.3,20,19.4,17.9,16.6,16.6,15.3,17.6,16.6,15.3,19.8,16.9,16,19.4,17.6,17.3,17.3,17.9,18,16.9,18,20,17.6,19.8,16.6,18,19.1,16.9,19.8,19.8,17.3,18,17.6,19.4,17.3,18,17.3,17.6,18,17.3,18,17.3,16.6,18,16.6,17.3,18,11892188,13438172,31366,30,False
Club G AMC 1,ClubG-AMC-1,Example League,2023/24,Club G,AMC,2494,21,0.368,0.346,0.425,2.103,0.967,0.331,0.326,0.277,1.843,1.843,5.074,4.039,4.2,2.1,1.5,1.568,1.333,0.729,1.975,1.296,1.442,9.268,5.939,1.892,-0.03,0,0,0,18.4,20,20,19.1,17.7,17.7,16.4,18.8,17.7,16.4,20,18.1,17.1,20,18.8,18.4,18.4,19.1,19.1,18.1,19.1,20,18.8,20,17.7,19.1,20,18.1,20,20,18.4,19.1,18.8,20,18.4,19.1,18.4,18.8,19.1,18.4,19.1,18.4,17.7,19.1,17.7,18.4,19.1,16914400,19536132,36410,30,False
Club G AMC 2,ClubG-AMC-2,Example League,2023/24,Club G,AMC,867,24,0.364,0.342,0.417,2.093,0.963,0.328,0.325,0.276,1.839,1.839,5.049,4.021,4.2,2.1,1.5,1.54,1.309,0.715,1.935,1.272,1.416,9.128,5.805,1.86,-0.03,0,0,0,18,20,20,18.6,17.3,17.3,16,18.3,17.3,16,20,17.6,16.7,20,18.3,18,18,18.6,18.7,17.6,18.7,20,18.3,20,17.3,18.7,19.8,17.6,20,20,18,18.7,18.3,20,18,18.7,18,18.3,18.7,18,18.7,18,17.3,18.7,17.3,18,18.7,13398750,15475556,33367,36,False
Club G AMR 1,ClubG-AMR-1,Example League,2023/24,Club G,AMR,2511,22,0.366,0.344,0.422,2.099,0.965,0.33,0.326,0.277,1.843,1.843,5.064,4.032,4.2,2.1,1.5,1.554,1.321,0.722,1.955,1.284,1.428,9.212,5.881,1.876,-0.03,0,0,0,18.2,20,20,18.9,17.5,17.5,16.2,18.6,17.5,16.2,20,17.9,16.9,20,18.6,18.2,18.2,18.9,18.9,17.9,18.9,20,18.6,20,17.5,18.9,20,17.9,20,20,18.2,18.9,18.6,20,18.2,18.9,18.2,18.6,18.9,18.2,18.9,18.2,17.5,18.9,17.5,18.2,18.9,16014587,18897213,35710,36,False
Club G AMR 2,ClubG-AMR-2,Example League,2023/24,Club G,AMR,878,25,0.362,0.34,0.413,2.086,0.96,0.326,0.322,0.274,1.83,1.83,5.035,4.011,4.2,2.093,1.5,1.519,1.291,0.705,1.905,1.254,1.396,9.072,5.737,1.836,-0.027,0,0,0,17.7,20,19.9,18.4,17,17,15.7,18.1,17,15.7,20,17.4,16.4,19.9,18.1,17.7,17.7,18.4,18.4,17.4,18.4,20,18.1,20,17,18.4,19.5,17.4,20,20,17.7,18.4,18.1,19.9,17.7,18.4,17.7,18.1,18.4,17.7,18.4,17.7,17,18.4,17,17.7,18.4,12562188,14823382,32672,12,False
Club G ST 1,ClubG-ST-1,Example League,2023/24,Club G,ST,2528,23,0.54,0.508,0.604,3.128,1.439,0.486,0.14,0.119,0.919,0.919,7.32,4.5,0.6,1.265,0.1,1.498,1.321,0.694,1.895,1.308,1.455,9.044,5.969,1.812,0.148,0,0,0,17.6,18.3,17.3,20,20,18.7,18.6,18,18.7,14.6,17.6,17.3,15.3,17.3,18,20,17.6,20,18.3,17.3,18.3,18,18,20,15.7,18.3,18.7,17.3,20,17.6,17.6,19.3,18,20,17.6,19.3,17.6,18,18.3,17.6,18.3,17.6,18.7,18.3,18.7,17.6,18.3,17852397,19280589,35238,12,False
Club G ST 2,ClubG-ST-2,Example League,2023/24,Club G,ST,889,26,0.538,0.505,0.6,3.12,1.435,0.484,0.134,0.114,0.903,0.903,7.301,4.488,0.6,1.24,0.1,1.475,1.306,0.683,1.855,1.284,1.428,8.904,5.877,1.786,0.18,0,0,0,17.2,17.9,16.8,19.8,20,18.2,18.2,17.5,18.2,14.2,17.2,16.8,14.9,16.8,17.5,20,17.2,19.8,17.9,16.8,17.9,17.5,17.5,20,15.2,17.9,18.2,16.8,20,17.2,17.2,18.9,17.5,19.8,17.2,18.9,17.2,17.5,17.9,17.2,17.9,17.2,18.2,17.9,18.2,17.2,17.9,13853200,14961456,32154,18,False
Club H GK 1,ClubH-GK-1,Example League,2023/24,Club H,GK,2340,27,0,0,0.029,0,0,0,0.005,0.004,0.02,0.02,0,0,2.1,0,0,0,0,0,0,0,0,0,0,0,0,2.448,84,0.5,14.2,14.9,15.6,15.6,15.3,15.3,14.2,14.6,15.3,14.2,14.2,15.6,14.9,15.6,14.6,20,14.2,15.6,20,20,14.9,14.6,14.6,14.2,15.3,14.9,15.3,15.6,14.2,14.2,14.2,14.9,14.6,15.6,14.2,14.9,20,20,20,17.2,20,20,20,20,20,17.2,20,11514266,13011121,34585,24,False
Club H GK 2,ClubH-GK-2,Example League,2023/24,Club H,GK,762,30,0,0,0.026,0,0,0,0.005,0.004,0.02,0.02,0,0,2.084,0,0,0,0,0,0,0,0,0,0,0,0,2.503,84,0.5,13.8,14.5,15.2,15.2,14.8,14.8,13.8,14.1,14.8,13.8,13.8,15.2,14.5,15.2,14.1,19.8,13.8,15.2,20,20,14.5,14.1,14.1,13.8,14.8,14.5,14.8,15.2,13.8,13.8,13.8,14.5,14.1,15.2,13.8,14.5,19.8,20,20,16.8,20,19.8,20,20,20,16.8,20,9335936,10549608,31653,30,False
Club H DC 1,ClubH-DC-1,Example League,2023/24,Club H,DC,2357,28,0.035,0.033,0.063,0.3,0.126,0.032,0.047,0.04,0.15,0.15,0.25,0.2,3.524,0.05,0.03,2.25,2.05,1.52,3.4,2.45,2.5,7.76,5.122,2.1,0.236,0,0,0,17.4,18.1,14,14,18.4,18.4,20,17.7,18.4,20,18.4,17,20,17,17.7,20,20,17,20,18,18.1,14.7,17.7,17.4,20,18.1,18.4,17,17.4,17.4,17.4,20,17.7,18,17.4,20,17.4,17.7,18.1,17.4,18.1,17.4,18.4,18.1,18.4,17.4,18.1,13413600,15492708,34118,30,False
Club H DC 2,ClubH-DC-2,Example League,2023/24,Club H,DC,773,31,0.035,0.033,0.059,0.3,0.125,0.032,0.046,0.039,0.15,0.15,0.25,0.2,3.469,0.05,0.03,2.247,2.047,1.518,3.395,2.45,2.5,7.62,5.02,2.096,0.271,0,0,0,16.9,17.6,13.5,13.5,17.9,17.9,19.9,17.2,17.9,19.9,17.9,16.5,20,16.5,17.2,19.9,19.9,16.5,20,17.5,17.6,14.2,17.2,16.9,20,17.6,17.9,16.5,16.9,16.9,16.9,20,17.2,17.5,16.9,20,16.9,17.2,17.6,16.9,17.6,16.9,17.9,17.6,17.9,16.9,17.6,10820350,12497504,31152,36,False
Club H DL 1,ClubH-DL-1,Example League,2023/24,Club H,DL,2374,29,0.015,0.014,0.053,0.35,0.157,0.014,0.149,0.126,0.946,0.946,0.6,1.1,4.715,1.062,2.1,1.666,1.393,0.778,1.945,1.218,1.357,8.32,5.302,2.004,0.113,0,0,0,17.1,20,17.8,16.8,18.2,18.2,17.1,17.5,18.2,17.1,18.1,16.8,20,16.8,17.5,18.1,17.1,16.8,17.8,16.8,17.8,17.5,17.5,17.1,20,17.8,18.2,19,19.3,17.1,17.1,17.8,17.5,19,19.3,17.8,17.1,17.5,17.8,17.1,17.8,17.1,18.2,17.8,18.2,17.1,17.8,12799787,15103749,33442,36,False
Club H DL 2,ClubH-DL-2,Example League,2023/24,Club H,DL,784,20,0.015,0.014,0.049,0.35,0.155,0.014,0.144,0.122,0.931,0.931,0.6,1.1,4.655,1.042,2.068,1.643,1.378,0.767,1.905,1.194,1.331,8.18,5.173,1.978,0.145,0,0,0,16.7,19.6,17.3,16.3,17.7,17.7,16.7,17,17.7,16.7,17.7,16.3,19.6,16.3,17,17.7,16.7,16.3,17.4,16.3,17.4,17,17,16.7,19.9,17.4,17.7,18.5,18.9,16.7,16.7,17.4,17,18.5,18.9,17.4,16.7,17,17.4,16.7,17.4,16.7,17.7,17.4,17.7,16.7,17.4,11949787,14100749,30621,12,False
Club H DR 1,ClubH-DR-1,Example League,2023/24,Club H,DR,2391,30,0.015,0.014,0.052,0.35,0.156,0.014,0.146,0.124,0.939,0.939,0.6,1.1,4.685,1.054,2.084,1.656,1.387,0.773,1.925,1.206,1.344,8.264,5.246,1.992,0.127,0,0,0,16.9,19.8,17.6,16.6,18,18,16.9,17.3,18,16.9,17.9,16.6,19.8,16.6,17.3,17.9,16.9,16.6,17.6,16.6,17.6,17.3,17.3,16.9,20,17.6,18,18.8,19.1,16.9,16.9,17.6,17.3,18.8,19.1,17.6,16.9,17.3,17.6,16.9,17.6,16.9,18,17.6,18,16.9,17.6,12200350,13176378,32767,12,False
Club H DR 2,ClubH-DR-2,Example League,2023/24,Club H,DR,795,21,0.015,0.014,0.048,0.35,0.154,0.014,0.14,0.119,0.921,0.921,0.6,1.1,4.61,1.034,2.044,1.624,1.363,0.757,1.875,1.176,1.312,8.124,5.108,1.956,0.162,0,0,0,16.4,19.3,17.1,16.1,17.5,17.5,16.4,16.8,17.5,16.4,17.4,16.1,19.3,16.1,16.8,17.4,16.4,16.1,17.1,16.1,17.1,16.8,16.8,16.4,19.7,17.1,17.5,18.3,18.6,16.4,16.4,17.1,16.8,18.3,18.6,17.1,16.4,16.8,17.1,16.4,17.1,16.4,17.5,17.1,17.5,16.4,17.1,11173600,12067488,29931,18,False
Club H DM 1,ClubH-DM-1,Example League,2023/24,Club H,DM,2408,31,0.07,0.066,0.112,0.661,0.299,0.063,0.159,0.135,1.176,1.176,0.7,0.8,6.064,0.716,0.15,2.243,1.444,0.817,2.105,1.248,1.39,8.432,5.545,2.092,0.075,0,0,0,17.6,18.3,17.2,17.2,18.6,18.6,17.6,17.9,18.6,19.8,19.8,17.2,20,19.4,17.9,19.8,17.6,17.2,20,19.4,18.3,17.9,17.9,17.6,20,20,20,19.4,17.6,17.6,17.6,18.3,17.9,17.2,19.8,20,17.6,17.9,18.3,17.6,18.3,17.6,18.6,18.3,18.6,17.6,18.3,14041787,15516175,34795,18,False
Club H DM 2,ClubH-DM-2,Example League,2023/24,Club H,DM,806,22,0.068,0.064,0.106,0.653,0.293,0.061,0.156,0.132,1.167,1.167,0.7,0.8,5.974,0.704,0.15,2.226,1.429,0.808,2.055,1.218,1.357,8.32,5.421,2.072,0.106,0,0,0,17.1,17.8,16.8,16.8,18.2,18.2,17.1,17.5,18.2,19.3,19.3,16.8,20,19,17.5,19.3,17.1,16.8,20,19,17.8,17.5,17.5,17.1,20,20,20,19,17.1,17.1,17.1,17.8,17.5,16.8,19.3,20,17.1,17.5,17.8,17.1,17.8,17.1,18.2,17.8,18.2,17.1,17.8,12585287,13906742,31924,24,False
Club H MC 1,ClubH-MC-1,Example League,2023/24,Club H,MC,2425,20,0.077,0.072,0.123,0.681,0.311,0.069,0.158,0.134,1.173,1.173,0.7,0.8,6.1,0.731,0.15,2.119,1.372,0.754,1.955,1.17,1.305,8.572,5.658,1.95,0.05,0,0,0,18.1,17,17.7,17.7,18.6,17.4,18.1,19.6,17.4,18.1,20,17.7,17,19.9,18.4,20,18.1,17.7,17,19.9,17,18.4,18.4,19.3,17.4,19.2,19.6,19.9,18.1,18.1,18.1,17,18.4,17.7,20,17,18.1,18.4,17,18.1,17,18.1,17.4,17,17.4,18.1,17,15093600,17055768,34258,24,False
Club H MC 2,ClubH-MC-2,Example League,2023/24,Club H,MC,817,23,0.074,0.07,0.116,0.672,0.304,0.067,0.153,0.13,1.16,1.16,0.7,0.8,6.064,0.716,0.15,2.089,1.351,0.74,1.905,1.14,1.273,8.432,5.545,1.916,0.075,0,0,0,17.6,16.5,17.2,17.2,18.1,16.9,17.6,19.1,16.9,17.6,19.8,17.2,16.5,19.4,17.9,19.8,17.6,17.2,16.5,19.4,16.5,17.9,17.9,18.8,16.9,18.7,19.1,19.4,17.6,17.6,17.6,16.5,17.9,17.2,19.8,16.5,17.6,17.9,16.5,17.6,16.5,17.6,16.9,16.5,16.9,17.6,16.5,11780350,13311796,31232,30,False
Club H AML 1,ClubH-AML-1,Example League,2023/24,Club H,AML,2442,21,0.358,0.336,0.407,2.074,0.954,0.322,0.318,0.271,1.819,1.819,5.005,3.99,4.2,2.072,1.5,1.505,1.279,0.698,1.885,1.242,1.383,8.988,5.662,1.82,-0.016,0,0,0,17.5,20,19.6,18.1,16.8,16.8,15.5,17.8,16.8,15.5,20,17.1,16.2,19.6,17.8,17.5,17.5,18.1,18.2,17.1,18.2,20,17.8,20,16.8,18.2,19.3,17.1,20,20,17.5,18.2,17.8,19.6,17.5,18.2,17.5,17.8,18.2,17.5,18.2,17.5,16.8,18.2,16.8,17.5,18.2,14239787,16446954,33562,30,False
Club H AML 2,ClubH-AML-2,Example League,2023/24,Club H,AML,828,24,0.345,0.325,0.391,2.036,0.93,0.311,0.309,0.262,1.787,1.787,4.917,3.927,4.14,2.044,1.5,1.47,1.249,0.68,1.835,1.212,1.351,8.876,5.539,1.78,0.015,0,0,0,17,20,19.2,17.7,16.3,16.3,15,17.4,16.3,15,19.5,16.7,15.7,19.2,17.4,17,17,17.7,17.7,16.7,17.7,19.9,17.4,19.5,16.3,17.7,18.8,16.7,19.5,19.5,17,17.7,17.4,19.2,17,17.7,17,17.4,17.7,17,17.7,17,16.3,17.7,16.3,17,17.7,10989787,12693204,30541,36,False
Club H AMC 1,ClubH-AMC-1,Example League,2023/24,Club H,AMC,2459,22,0.352,0.331,0.4,2.057,0.944,0.317,0.314,0.267,1.805,1.805,4.966,3.962,4.176,2.058,1.5,1.491,1.267,0.691,1.865,1.23,1.37,8.932,5.606,1.804,-0.002,0,0,0,17.3,20,19.4,17.9,16.6,16.6,15.3,17.6,16.6,15.3,19.8,16.9,16,19.4,17.6,17.3,17.3,17.9,18,16.9,18,20,17.6,19.8,16.6,18,19.1,16.9,19.8,19.8,17.3,18,17.6,19.4,17.3,18,17.3,17.6,18,17.3,18,17.3,16.6,18,16.6,17.3,18,13400350,15812413,32867,36,False
Club H AMC 2,ClubH-AMC-2,Example League,2023/24,Club H,AMC,839,25,0.338,0.318,0.382,2.015,0.915,0.304,0.304,0.258,1.772,1.772,4.868,3.892,4.116,2.023,1.5,1.456,1.237,0.673,1.815,1.2,1.338,8.792,5.465,1.764,0.033,0,0,0,16.8,20,18.9,17.4,16.1,16.1,14.8,17.1,16.1,14.8,19.3,16.4,15.5,18.9,17.1,16.8,16.8,17.4,17.5,16.4,17.5,19.6,17.1,19.3,16.1,17.5,18.6,16.4,19.3,19.3,16.8,17.5,17.1,18.9,16.8,17.5,16.8,17.1,17.5,16.8,17.5,16.8,16.1,17.5,16.1,16.8,17.5,10213600,12052048,29851,12,False
Club H AMR 1,ClubH-AMR-1,Example League,2023/24,Club H,AMR,2476,23,0.364,0.342,0.417,2.093,0.963,0.328,0.324,0.275,1.836,1.836,5.049,4.021,4.2,2.1,1.5,1.533,1.303,0.712,1.925,1.266,1.409,9.128,5.794,1.852,-0.03,0,0,0,17.9,20,20,18.6,17.2,17.2,15.9,18.3,17.2,15.9,20,17.6,16.6,20,18.3,17.9,17.9,18.6,18.6,17.6,18.6,20,18.3,20,17.2,18.6,19.7,17.6,20,20,17.9,18.6,18.3,20,17.9,18.6,17.9,18.3,18.6,17.9,18.6,17.9,17.2,18.6,17.2,17.9,18.6,15001787,16201930,34875,12,False
Club H AMR 2,ClubH-AMR-2,Example League,2023/24,Club H,AMR,850,26,0.358,0.336,0.407,2.074,0.954,0.322,0.318,0.271,1.819,1.819,5.005,3.99,4.2,2.072,1.5,1.505,1.279,0.698,1.885,1.242,1.383,8.988,5.662,1.82,-0.016,0,0,0,17.5,20,19.6,18.1,16.8,16.8,15.5,17.8,16.8,15.5,20,17.1,16.2,19.6,17.8,17.5,17.5,18.1,18.2,17.1,18.2,20,17.8,20,16.8,18.2,19.3,17.1,20,20,17.5,18.2,17.8,19.6,17.5,18.2,17.5,17.8,18.2,17.5,18.2,17.5,16.8,18.2,16.8,17.5,18.2,11625287,12555310,31844,18,False
Club H ST 1,ClubH-ST-1,Example League,2023/24,Club H,ST,2493,24,0.54,0.508,0.604,3.128,1.439,0.486,0.137,0.116,0.91,0.91,7.32,4.5,0.6,1.25,0.1,1.486,1.312,0.688,1.875,1.296,1.442,8.96,5.914,1.798,0.166,0,0,0,17.4,18.1,17,20,20,18.4,18.4,17.7,18.4,14.4,17.4,17,15.1,17,17.7,20,17.4,20,18.1,17,18.1,17.7,17.7,20,15.4,18.1,18.4,17,20,17.4,17.4,19.1,17.7,20,17.4,19.1,17.4,17.7,18.1,17.4,18.1,17.4,18.4,18.1,18.4,17.4,18.1,16677648,18428801,34390,18,False
Club H ST 2,ClubH-ST-2,Example League,2023/24,Club H,ST,861,27,0.532,0.5,0.592,3.101,1.427,0.478,0.131,0.111,0.892,0.892,7.253,4.458,0.6,1.225,0.1,1.458,1.294,0.674,1.825,1.266,1.409,8.82,5.811,1.766,0.201,0,0,0,16.9,17.6,16.5,19.5,20,17.9,17.9,17.2,17.9,13.9,16.9,16.5,14.6,16.5,17.2,19.9,16.9,19.5,17.6,16.5,17.6,17.2,17.2,19.9,14.9,17.6,17.9,16.5,19.9,16.9,16.9,18.6,17.2,19.5,16.9,18.6,16.9,17.2,17.6,16.9,17.6,16.9,17.9,17.6,17.9,16.9,17.6,12768013,14108654,31314,24,False
Club I GK 1,ClubI-GK-1,Example League,2023/24,Club I,GK,2305,28,0,0,0.02,0,0,0,0.005,0.004,0.02,0.02,0,0,2.028,0,0,0,0,0,0,0,0,0,0,0,0,2.513,83.78,0.49,13.1,13.8,14.5,14.5,14.1,14.1,13.1,13.4,14.1,13.1,13.1,14.5,13.8,14.5,13.4,19.1,13.1,14.5,19.8,20,13.8,13.4,13.4,13.1,14.1,13.8,14.1,14.5,13.1,13.1,13.1,13.8,13.4,14.5,13.1,13.8,19.1,19.4,19.8,16.1,19.8,19.1,20,19.8,20,16.1,19.8,8964394,10353875,31122,30,False
Club I GK 2,ClubI-GK-2,Example League,2023/24,Club I,GK,734,31,0,0,0.016,0,0,0,0.005,0.004,0.02,0.02,0,0,1.988,0,0,0,0,0,0,0,0,0,0,0,0,2.568,83.23,0.455,12.6,13.3,14,14,13.6,13.6,12.6,12.9,13.6,12.6,12.6,14,13.3,14,12.9,18.6,12.6,14,19.3,20,13.3,12.9,12.9,12.6,13.6,13.3,13.6,14,12.6,12.6,12.6,13.3,12.9,14,12.6,13.3,18.6,18.9,19.3,15.6,19.3,18.6,19.6,19.3,19.6,15.6,19.3,7055762,8149405,28213,36,False
Club I DC 1,ClubI-DC-1,Example League,2023/24,Club I,DC,2322,29,0.035,0.033,0.061,0.3,0.125,0.032,0.046,0.039,0.15,0.15,0.25,0.2,3.491,0.05,0.03,2.25,2.05,1.52,3.4,2.45,2.5,7.704,5.085,2.1,0.253,0,0,0,17.1,17.8,13.8,13.8,18.2,18.2,20,17.5,18.2,20,18.1,16.8,20,16.8,17.5,20,20,16.8,20,17.8,17.8,14.5,17.5,17.1,20,17.8,18.2,16.8,17.1,17.1,17.1,20,17.5,17.8,17.1,20,17.1,17.5,17.8,17.1,17.8,17.1,18.2,17.8,18.2,17.1,17.8,12678750,14960925,33307,36,False
Club I DC 2,ClubI-DC-2,Example League,2023/24,Club I,DC,745,20,0.035,0.033,0.057,0.3,0.124,0.032,0.045,0.038,0.15,0.15,0.25,0.2,3.436,0.05,0.03,2.236,2.038,1.513,3.38,2.45,2.5,7.564,4.956,2.084,0.288,0,0,0,16.6,17.3,13.3,13.3,17.7,17.7,19.6,17,17.7,19.6,17.6,16.3,20,16.3,17,19.6,19.6,16.3,20,17.3,17.3,14,17,16.6,20,17.3,17.7,16.3,16.6,16.6,16.6,20,17,17.3,16.6,20,16.6,17,17.3,16.6,17.3,16.6,17.7,17.3,17.7,16.6,17.3,11841400,13972852,30487,12,False
Club I DL 1,ClubI-DL-1,Example League,2023/24,Club I,DL,2339,30,0.015,0.014,0.051,0.35,0.156,0.014,0.146,0.124,0.939,0.939,0.6,1.1,4.685,1.05,2.084,1.656,1.387,0.773,1.925,1.206,1.344,8.236,5.228,1.992,0.131,0,0,0,16.9,19.8,17.5,16.5,17.9,17.9,16.9,17.2,17.9,16.9,17.9,16.5,19.8,16.5,17.2,17.9,16.9,16.5,17.6,16.5,17.6,17.2,17.2,16.9,20,17.6,17.9,18.7,19.1,16.9,16.9,17.6,17.2,18.7,19.1,17.6,16.9,17.2,17.6,16.9,17.6,16.9,17.9,17.6,17.9,16.9,17.6,12082188,13048763,32632,12,False
Club I DL 2,ClubI-DL-2,Example League,2023/24,Club I,DL,756,21,0.015,0.014,0.047,0.35,0.154,0.014,0.14,0.119,0.921,0.921,0.6,1.1,4.61,1.03,2.044,1.622,1.36,0.756,1.875,1.176,1.312,8.096,5.091,1.954,0.166,0,0,0,16.4,19.3,17,16,17.4,17.4,16.4,16.7,17.4,16.4,17.4,16,19.3,16,16.7,17.4,16.4,16,17.1,16,17.1,16.7,16.7,16.4,19.6,17.1,17.4,18.2,18.6,16.4,16.4,17.1,16.7,18.2,18.6,17.1,16.4,16.7,17.1,16.4,17.1,16.4,17.4,17.1,17.4,16.4,17.1,11068088,11953535,29797,18,False
Club I DR 1,ClubI-DR-1,Example League,2023/24,Club I,DR,2356,31,0.015,0.014,0.049,0.35,0.155,0.014,0.144,0.122,0.931,0.931,0.6,1.1,4.655,1.042,2.068,1.643,1.378,0.767,1.905,1.194,1.331,8.18,5.173,1.978,0.145,0,0,0,16.7,19.6,17.3,16.3,17.7,17.7,16.7,17,17.7,16.7,17.7,16.3,19.6,16.3,17,17.7,16.7,16.3,17.4,16.3,17.4,17,17,16.7,19.9,17.4,17.7,18.5,18.8,16.7,16.7,17.4,17,18.5,18.8,17.4,16.7,17,17.4,16.7,17.4,16.7,17.7,17.4,17.7,16.7,17.4,11500000,12707500,31958,18,False
Club I DR 2,ClubI-DR-2,Example League,2023/24,Club I,DR,767,22,0.015,0.014,0.045,0.35,0.153,0.014,0.138,0.117,0.913,0.913,0.6,1.1,4.58,1.022,2.028,1.608,1.348,0.749,1.855,1.164,1.299,8.04,5.036,1.938,0.18,0,0,0,16.2,19.1,16.8,15.8,17.2,17.2,16.2,16.5,17.2,16.2,17.2,15.8,19.1,15.8,16.5,17.2,16.2,15.8,16.9,15.8,16.9,16.5,16.5,16.2,19.4,16.9,17.2,18,18.4,16.2,16.2,16.9,16.5,18,18.4,16.9,16.2,16.5,16.9,16.2,16.9,16.2,17.2,16.9,17.2,16.2,16.9,10309150,11391611,29109,24,False
Club I DM 1,ClubI-DM-1,Example League,2023/24,Club I,DM,2373,20,0.064,0.06,0.096,0.641,0.282,0.057,0.15,0.127,1.149,1.149,0.7,0.8,5.848,0.683,0.15,2.184,1.399,0.787,1.985,1.176,1.312,8.124,5.225,2.024,0.155,0,0,0,16.4,17.1,16.1,16.1,17.5,17.5,16.4,16.8,17.5,18.6,18.6,16.1,19.3,18.3,16.8,18.6,16.4,16.1,19.3,18.3,17.1,16.8,16.8,16.4,19.7,19.3,19.7,18.3,16.4,16.4,16.4,17.1,16.8,16.1,18.6,19.3,16.4,16.8,17.1,16.4,17.1,16.4,17.5,17.1,17.5,16.4,17.1,12612188,14251772,31426,24,False
Club I DM 2,ClubI-DM-2,Example League,2023/24,Club I,DM,778,23,0.061,0.057,0.089,0.632,0.275,0.054,0.144,0.122,1.131,1.131,0.7,0.8,5.758,0.668,0.15,2.149,1.369,0.769,1.935,1.146,1.279,7.984,5.087,1.984,0.19,0,0,0,15.9,16.6,15.6,15.6,17,17,15.9,16.3,17,18.1,18.1,15.6,18.8,17.8,16.3,18.1,15.9,15.6,18.8,17.8,16.6,16.3,16.3,15.9,19.2,18.8,19.2,17.8,15.9,15.9,15.9,16.6,16.3,15.6,18.1,18.8,15.9,16.3,16.6,15.9,16.6,15.9,17,16.6,17,15.9,16.6,9564588,10807984,28422,30,False
Club I MC 1,ClubI-MC-1,Example League,2023/24,Club I,MC,2390,21,0.076,0.071,0.12,0.677,0.308,0.068,0.156,0.132,1.167,1.167,0.7,0.8,6.1,0.725,0.15,2.105,1.363,0.747,1.93,1.158,1.292,8.516,5.621,1.934,0.057,0,0,0,17.8,16.8,17.5,17.5,18.3,17.1,17.8,19.4,17.1,17.8,20,17.5,16.8,19.7,18.2,20,17.8,17.5,16.8,19.7,16.8,18.2,18.2,19,17.1,19,19.3,19.7,17.8,17.8,17.8,16.8,18.2,17.5,20,16.8,17.8,18.2,16.8,17.8,16.8,17.8,17.1,16.8,17.1,17.8,16.8,14118750,16307156,33427,30,False
Club I MC 2,ClubI-MC-2,Example League,2023/24,Club I,MC,789,24,0.073,0.068,0.112,0.668,0.3,0.065,0.15,0.127,1.149,1.149,0.7,0.8,6.01,0.71,0.15,2.07,1.333,0.73,1.88,1.128,1.26,8.376,5.478,1.894,0.092,0,0,0,17.3,16.3,17,17,17.8,16.6,17.3,18.9,16.6,17.3,19.5,17,16.3,19.2,17.7,19.5,17.3,17,16.3,19.2,16.3,17.7,17.7,18.5,16.6,18.5,18.8,19.2,17.3,17.3,17.3,16.3,17.7,17,19.5,16.3,17.3,17.7,16.3,17.3,16.3,17.3,16.6,16.3,16.6,17.3,16.3,10881400,12568017,30407,36,False
Club I AML 1,ClubI-AML-1,Example League,2023/24,Club I,AML,2407,22,0.351,0.33,0.398,2.053,0.942,0.316,0.313,0.266,1.801,1.801,4.956,3.955,4.164,2.058,1.5,1.484,1.261,0.687,1.855,1.224,1.364,8.932,5.595,1.796,0.001,0,0,0,17.2,20,19.4,17.9,16.5,16.5,15.2,17.6,16.5,15.2,19.7,16.9,15.9,19.4,17.6,17.2,17.2,17.9,17.9,16.9,17.9,20,17.6,19.7,16.5,17.9,19,16.9,19.7,19.7,17.2,17.9,17.6,19.4,17.2,17.9,17.2,17.6,17.9,17.2,17.9,17.2,16.5,17.9,16.5,17.2,17.9,13282188,15672982,32732,36,False
Club I AML 2,ClubI-AML-2,Example League,2023/24,Club I,AML,800,25,0.337,0.317,0.38,2.011,0.913,0.303,0.302,0.256,1.765,1.765,4.858,3.885,4.104,2.023,1.494,1.449,1.231,0.67,1.805,1.194,1.331,8.792,5.455,1.756,0.036,0,0,0,16.7,19.9,18.9,17.4,16,16,14.7,17.1,16,14.7,19.2,16.4,15.4,18.9,17.1,16.7,16.7,17.4,17.4,16.4,17.4,19.6,17.1,19.2,16,17.4,18.5,16.4,19.2,19.2,16.7,17.4,17.1,18.9,16.7,17.4,16.7,17.1,17.4,16.7,17.4,16.7,16,17.4,16,16.7,17.4,10108088,11927544,29717,12,False
Club I AMC 1,ClubI-AMC-1,Example League,2023/24,Club I,AMC,2424,23,0.345,0.325,0.391,2.036,0.93,0.311,0.309,0.262,1.787,1.787,4.917,3.927,4.14,2.044,1.5,1.47,1.249,0.68,1.835,1.212,1.351,8.876,5.539,1.78,0.015,0,0,0,17,20,19.2,17.7,16.3,16.3,15,17.4,16.3,15,19.5,16.7,15.7,19.2,17.4,17,17,17.7,17.7,16.7,17.7,19.9,17.4,19.5,16.3,17.7,18.8,16.7,19.5,19.5,17,17.7,17.4,19.2,17,17.7,17,17.4,17.7,17,17.7,17,16.3,17.7,16.3,17,17.7,12460000,13456800,32038,12,False
Club I AMC 2,ClubI-AMC-2,Example League,2023/24,Club I,AMC,811,26,0.331,0.311,0.373,1.994,0.901,0.298,0.296,0.252,1.747,1.747,4.819,3.857,4.08,2.009,1.482,1.435,1.219,0.663,1.785,1.182,1.318,8.736,5.399,1.74,0.05,0,0,0,16.5,19.7,18.7,17.2,15.8,15.8,14.5,16.9,15.8,14.5,19,16.2,15.2,18.7,16.9,16.5,16.5,17.2,17.2,16.2,17.2,19.4,16.9,19,15.8,17.2,18.3,16.2,19,19,16.5,17.2,16.9,18.7,16.5,17.2,16.5,16.9,17.2,16.5,17.2,16.5,15.8,17.2,15.8,16.5,17.2,9349150,10097082,29029,18,False
Club I AMR 1,ClubI-AMR-1,Example League,2023/24,Club I,AMR,2441,24,0.338,0.318,0.382,2.015,0.915,0.304,0.304,0.258,1.772,1.772,4.868,3.892,4.116,2.023,1.5,1.456,1.237,0.673,1.815,1.2,1.338,8.792,5.465,1.764,0.033,0,0,0,16.8,20,18.9,17.4,16.1,16.1,14.8,17.1,16.1,14.8,19.3,16.4,15.5,18.9,17.1,16.8,16.8,17.4,17.5,16.4,17.5,19.6,17.1,19.3,16.1,17.5,18.6,16.4,19.3,19.3,16.8,17.5,17.1,18.9,16.8,17.5,16.8,17.1,17.5,16.8,17.5,16.8,16.1,17.5,16.1,16.8,17.5,11652188,12875668,31346,18,False
Club I AMR 2,ClubI-AMR-2,Example League,2023/24,Club I,AMR,822,27,0.324,0.305,0.364,1.973,0.886,0.292,0.29,0.246,1.727,1.727,4.77,3.822,4.056,1.988,1.47,1.421,1.207,0.656,1.765,1.17,1.305,8.652,5.326,1.724,0.068,0,0,0,16.3,19.5,18.4,16.9,15.6,15.6,14.3,16.6,15.6,14.3,18.8,15.9,15,18.4,16.6,16.3,16.3,16.9,17,15.9,17,19.1,16.6,18.8,15.6,17,18.1,15.9,18.8,18.8,16.3,17,16.6,18.4,16.3,17,16.3,16.6,17,16.3,17,16.3,15.6,17,15.6,16.3,17,8604588,9508070,28342,24,False
Club I ST 1,ClubI-ST-1,Example League,2023/24,Club I,ST,2458,25,0.538,0.505,0.6,3.12,1.435,0.484,0.134,0.114,0.901,0.901,7.301,4.488,0.6,1.24,0.1,1.472,1.306,0.681,1.845,1.278,1.422,8.904,5.877,1.782,0.183,0,0,0,17.1,17.8,16.8,19.8,20,18.2,18.1,17.5,18.2,14.1,17.1,16.8,14.8,16.8,17.5,20,17.1,19.8,17.8,16.8,17.8,17.5,17.5,20,15.2,17.8,18.2,16.8,20,17.1,17.1,18.8,17.5,19.8,17.1,18.8,17.1,17.5,17.8,17.1,17.8,17.1,18.2,17.8,18.2,17.1,17.8,15527325,17545877,33544,24,False
Club I ST 2,ClubI-ST-2,Example League,2023/24,Club I,ST,833,28,0.522,0.491,0.58,3.07,1.412,0.47,0.128,0.109,0.883,0.883,7.176,4.41,0.6,1.215,0.1,1.439,1.279,0.664,1.795,1.248,1.39,8.764,5.742,1.744,0.218,0,0,0,16.6,17.3,16.3,19.3,20,17.7,17.6,17,17.7,13.6,16.6,16.3,14.3,16.3,17,19.6,16.6,19.3,17.3,16.3,17.3,17,17,19.6,14.7,17.3,17.7,16.3,19.6,16.6,16.6,18.3,17,19.3,16.6,18.3,16.6,17,17.3,16.6,17.3,16.6,17.7,17.3,17.7,16.6,17.3,11990452,13549211,30499,30,False
Club J GK 1,ClubJ-GK-1,Example League,2023/24,Club J,GK,2270,29,0,0,0.018,0,0,0,0.005,0.004,0.02,0.02,0,0,2.004,0,0,0,0,0,0,0,0,0,0,0,0,2.528,83.45,0.473,12.8,13.5,14.2,14.2,13.9,13.9,12.8,13.2,13.9,12.8,12.8,14.2,13.5,14.2,13.2,18.8,12.8,14.2,19.5,20,13.5,13.2,13.2,12.8,13.9,13.5,13.9,14.2,12.8,12.8,12.8,13.5,13.2,14.2,12.8,13.5,18.8,19.2,19.5,15.8,19.5,18.8,19.9,19.5,19.9,15.8,19.5,8421226,9937047,30327,36,False
Club J GK 2,ClubJ-GK-2,Example League,2023/24,Club J,GK,706,20,0,0,0.014,0,0,0,0.005,0.004,0.02,0.02,0,0,1.964,0,0,0,0,0,0,0,0,0,0,0,0,2.583,82.9,0.435,12.3,13,13.7,13.7,13.4,13.4,12.3,12.7,13.4,12.3,12.3,13.7,13,13.7,12.7,18.3,12.3,13.7,19,19.7,13,12.7,12.7,12.3,13.4,13,13.4,13.7,12.3,12.3,12.3,13,12.7,13.7,12.3,13,18.3,18.7,19,15.3,19,18.3,19.4,19,19.4,15.3,19,7952432,9383870,27538,12,False
Club J DC 1,ClubJ-DC-1,Example League,2023/24,Club J,DC,2287,30,0.034,0.032,0.051,0.3,0.122,0.031,0.044,0.037,0.15,0.15,0.25,0.2,3.359,0.05,0.03,2.205,2.017,1.497,3.325,2.426,2.474,7.368,4.766,2.048,0.338,0,0,0,15.9,16.6,12.6,12.6,17,17,18.9,16.3,17,18.9,16.9,15.6,19.6,15.6,16.3,18.9,18.9,15.6,19.6,16.6,16.6,13.3,16.3,15.9,20,16.6,17,15.6,15.9,15.9,15.9,19.6,16.3,16.6,15.9,19.6,15.9,16.3,16.6,15.9,16.6,15.9,17,16.6,17,15.9,16.6,9733600,10512288,29811,12,False
Club J DC 2,ClubJ-DC-2,Example League,2023/24,Club J,DC,717,21,0.033,0.031,0.046,0.3,0.12,0.03,0.043,0.036,0.15,0.15,0.25,0.2,3.304,0.05,0.03,2.17,1.987,1.48,3.275,2.396,2.442,7.228,4.632,2.008,0.373,0,0,0,15.4,16.1,12.1,12.1,16.5,16.5,18.4,15.8,16.5,18.4,16.4,15.1,19.1,15.1,15.8,18.4,18.4,15.1,19.1,16.1,16.1,12.8,15.8,15.4,19.5,16.1,16.5,15.1,15.4,15.4,15.4,19.1,15.8,16.1,15.4,19.1,15.4,15.8,16.1,15.4,16.1,15.4,16.5,16.1,16.5,15.4,16.1,8985150,9703962,26999,18,False
Club J DL 1,ClubJ-DL-1,Example League,2023/24,Club J,DL,2304,31,0.015,0.014,0.049,0.35,0.155,0.014,0.143,0.121,0.928,0.928,0.6,1.1,4.64,1.042,2.06,1.638,1.375,0.764,1.895,1.188,1.325,8.18,5.163,1.972,0.148,0,0,0,16.6,19.5,17.3,16.3,17.7,17.7,16.6,17,17.7,16.6,17.6,16.3,19.5,16.3,17,17.6,16.6,16.3,17.3,16.3,17.3,17,17,16.6,19.9,17.3,17.7,18.5,18.8,16.6,16.6,17.3,17,18.5,18.8,17.3,16.6,17,17.3,16.6,17.3,16.6,17.7,17.3,17.7,16.6,17.3,11385287,12580742,31824,18,False
Club J DL 2,ClubJ-DL-2,Example League,2023/24,Club J,DL,728,22,0.015,0.014,0.045,0.35,0.153,0.014,0.137,0.116,0.91,0.91,0.6,1.1,4.565,1.022,2.02,1.603,1.345,0.747,1.845,1.158,1.292,8.04,5.027,1.932,0.183,0,0,0,16.1,19,16.8,15.8,17.2,17.2,16.1,16.5,17.2,16.1,17.1,15.8,19,15.8,16.5,17.1,16.1,15.8,16.8,15.8,16.8,16.5,16.5,16.1,19.4,16.8,17.2,18,18.3,16.1,16.1,16.8,16.5,18,18.3,16.8,16.1,16.5,16.8,16.1,16.8,16.1,17.2,16.8,17.2,16.1,16.8,10207087,11278831,28976,24,False
Club J DR 1,ClubJ-DR-1,Example League,2023/24,Club J,DR,2321,20,0.015,0.014,0.047,0.35,0.154,0.014,0.14,0.119,0.921,0.921,0.6,1.1,4.61,1.03,2.044,1.622,1.36,0.756,1.875,1.176,1.312,8.096,5.091,1.954,0.166,0,0,0,16.4,19.3,17,16,17.4,17.4,16.4,16.7,17.4,16.4,17.4,16,19.3,16,16.7,17.4,16.4,16,17.1,16,17.1,16.7,16.7,16.4,19.6,17.1,17.4,18.2,18.6,16.4,16.4,17.1,16.7,18.2,18.6,17.1,16.4,16.7,17.1,16.4,17.1,16.4,17.4,17.1,17.4,16.4,17.1,12500350,14125396,31292,24,False
Club J DR 2,ClubJ-DR-2,Example League,2023/24,Club J,DR,739,23,0.015,0.014,0.043,0.35,0.152,0.014,0.134,0.114,0.903,0.903,0.6,1.1,4.535,1.01,2.004,1.587,1.33,0.739,1.825,1.146,1.279,7.956,4.955,1.914,0.201,0,0,0,15.9,18.8,16.5,15.5,16.9,16.9,15.9,16.2,16.9,15.9,16.9,15.5,18.8,15.5,16.2,16.9,15.9,15.5,16.6,15.5,16.6,16.2,16.2,15.9,19.1,16.6,16.9,17.7,18.1,15.9,15.9,16.6,16.2,17.7,18.1,16.6,15.9,16.2,16.6,15.9,16.6,15.9,16.9,16.6,16.9,15.9,16.6,9465400,10695902,28289,30,False
Club J DM 1,ClubJ-DM-1,Example League,2023/24,Club J,DM,2338,21,0.062,0.058,0.092,0.636,0.279,0.056,0.147,0.125,1.14,1.14,0.7,0.8,5.812,0.674,0.15,2.168,1.384,0.779,1.965,1.164,1.299,8.04,5.152,2.006,0.173,0,0,0,16.2,16.9,15.8,15.8,17.2,17.2,16.2,16.5,17.2,18.4,18.4,15.8,19.1,18,16.5,18.4,16.2,15.8,19.1,18,16.9,16.5,16.5,16.2,19.4,19.1,19.4,18,16.2,16.2,16.2,16.9,16.5,15.8,18.4,19.1,16.2,16.5,16.9,16.2,16.9,16.2,17.2,16.9,17.2,16.2,16.9,11709787,13524804,30601,30,False
Club J DM 2,ClubJ-DM-2,Example League,2023/24,Club J,DM,750,24,0.059,0.055,0.085,0.627,0.271,0.053,0.141,0.12,1.122,1.122,0.7,0.8,5.722,0.659,0.15,2.133,1.354,0.761,1.915,1.134,1.266,7.9,5.015,1.966,0.208,0,0,0,15.7,16.4,15.3,15.3,16.7,16.7,15.7,16,16.7,17.9,17.9,15.3,18.6,17.5,16,17.9,15.7,15.3,18.6,17.5,16.4,16,16,15.7,18.9,18.6,18.9,17.5,15.7,15.7,15.7,16.4,16,15.3,17.9,18.6,15.7,16,16.4,15.7,16.4,15.7,16.7,16.4,16.7,15.7,16.4,8738088,10092492,27603,36,False
Club J MC 1,ClubJ-MC-1,Example League,2023/24,Club J,MC,2355,22,0.068,0.064,0.103,0.655,0.29,0.061,0.141,0.12,1.124,1.124,0.7,0.8,5.884,0.689,0.15,2.021,1.291,0.705,1.81,1.086,1.214,8.18,5.281,1.838,0.141,0,0,0,16.6,15.6,16.3,16.3,17.1,15.9,16.6,18.2,15.9,16.6,18.8,16.3,15.6,18.5,17,18.8,16.6,16.3,15.6,18.5,15.6,17,17,17.8,15.9,17.8,18.1,18.5,16.6,16.6,16.6,15.6,17,16.3,18.8,15.6,16.6,17,15.6,16.6,15.6,16.6,15.9,15.6,15.9,16.6,15.6,10933600,12901648,29911,36,False
Club J MC 2,ClubJ-MC-2,Example League,2023/24,Club J,MC,761,25,0.065,0.061,0.096,0.646,0.283,0.059,0.135,0.115,1.106,1.106,0.7,0.8,5.794,0.674,0.15,1.986,1.261,0.688,1.76,1.056,1.182,8.04,5.142,1.798,0.176,0,0,0,16.1,15.1,15.8,15.8,16.6,15.4,16.1,17.7,15.4,16.1,18.3,15.8,15.1,18,16.5,18.3,16.1,15.8,15.1,18,15.1,16.5,16.5,17.3,15.4,17.3,17.6,18,16.1,16.1,16.1,15.1,16.5,15.8,18.3,15.1,16.1,16.5,15.1,16.1,15.1,16.1,15.4,15.1,15.4,16.1,15.1,8025150,9469677,26919,12,False
Club J AML 1,ClubJ-AML-1,Example League,2023/24,Club J,AML,2372,23,0.344,0.323,0.389,2.032,0.926,0.31,0.308,0.262,1.785,1.785,4.907,3.92,4.14,2.037,1.5,1.47,1.249,0.68,1.835,1.212,1.351,8.848,5.521,1.78,0.019,0,0,0,17,20,19.1,17.6,16.3,16.3,15,17.3,16.3,15,19.5,16.6,15.7,19.1,17.3,17,17,17.6,17.7,16.6,17.7,19.8,17.3,19.5,16.3,17.7,18.8,16.6,19.5,19.5,17,17.7,17.3,19.1,17,17.7,17,17.3,17.7,17,17.7,17,16.3,17.7,16.3,17,17.7,12345287,13332910,31904,12,False
Club J AML 2,ClubJ-AML-2,Example League,2023/24,Club J,AML,772,26,0.33,0.31,0.371,1.99,0.897,0.297,0.295,0.251,1.745,1.745,4.809,3.85,4.08,2.002,1.482,1.435,1.219,0.663,1.785,1.182,1.318,8.708,5.382,1.74,0.054,0,0,0,16.5,19.7,18.6,17.1,15.8,15.8,14.5,16.8,15.8,14.5,19,16.1,15.2,18.6,16.8,16.5,16.5,17.1,17.2,16.1,17.2,19.3,16.8,19,15.8,17.2,18.3,16.1,19,19,16.5,17.2,16.8,18.6,16.5,17.2,16.5,16.8,17.2,16.5,17.2,16.5,15.8,17.2,15.8,16.5,17.2,9247087,9986854,28896,18,False
Club J AMC 1,ClubJ-AMC-1,Example League,2023/24,Club J,AMC,2389,24,0.337,0.317,0.38,2.011,0.913,0.303,0.302,0.256,1.765,1.765,4.858,3.885,4.104,2.023,1.494,1.449,1.231,0.67,1.805,1.194,1.331,8.792,5.455,1.756,0.036,0,0,0,16.7,19.9,18.9,17.4,16,16,14.7,17.1,16,14.7,19.2,16.4,15.4,18.9,17.1,16.7,16.7,17.4,17.4,16.4,17.4,19.6,17.1,19.2,16,17.4,18.5,16.4,19.2,19.2,16.7,17.4,17.1,18.9,16.7,17.4,16.7,17.1,17.4,16.7,17.4,16.7,16,17.4,16,16.7,17.4,11540350,12752087,31212,18,False
Club J AMC 2,ClubJ-AMC-2,Example League,2023/24,Club J,AMC,783,27,0.323,0.304,0.362,1.969,0.884,0.291,0.288,0.244,1.72,1.72,4.76,3.815,4.044,1.988,1.464,1.414,1.201,0.652,1.755,1.164,1.299,8.652,5.316,1.716,0.072,0,0,0,16.2,19.4,18.4,16.9,15.5,15.5,14.2,16.6,15.5,14.2,18.7,15.9,14.9,18.4,16.6,16.2,16.2,16.9,16.9,15.9,16.9,19.1,16.6,18.7,15.5,16.9,18,15.9,18.7,18.7,16.2,16.9,16.6,18.4,16.2,16.9,16.2,16.6,16.9,16.2,16.9,16.2,15.5,16.9,15.5,16.2,16.9,8505400,9398467,28209,24,False
Club J AMR 1,ClubJ-AMR-1,Example League,2023/24,Club J,AMR,2406,25,0.331,0.311,0.373,1.994,0.901,0.298,0.296,0.252,1.747,1.747,4.819,3.857,4.08,2.009,1.482,1.435,1.219,0.663,1.785,1.182,1.318,8.736,5.399,1.74,0.05,0,0,0,16.5,19.7,18.7,17.2,15.8,15.8,14.5,16.9,15.8,14.5,19,16.2,15.2,18.7,16.9,16.5,16.5,17.2,17.2,16.2,17.2,19.4,16.9,19,15.8,17.2,18.3,16.2,19,19,16.5,17.2,16.9,18.7,16.5,17.2,16.5,16.9,17.2,16.5,17.2,16.5,15.8,17.2,15.8,16.5,17.2,10749787,12147259,30521,24,False
Club J AMR 2,ClubJ-AMR-2,Example League,2023/24,Club J,AMR,794,28,0.317,0.298,0.355,1.952,0.872,0.286,0.282,0.24,1.702,1.702,4.721,3.787,4.02,1.974,1.452,1.4,1.189,0.645,1.735,1.152,1.285,8.596,5.261,1.7,0.085,0,0,0,16,19.2,18.2,16.7,15.3,15.3,14,16.4,15.3,14,18.5,15.7,14.7,18.2,16.4,16,16,16.7,16.7,15.7,16.7,18.9,16.4,18.5,15.3,16.7,17.8,15.7,18.5,18.5,16,16.7,16.4,18.2,16,16.7,16,16.4,16.7,16,16.7,16,15.3,16.7,15.3,16,16.7,8018088,9060439,27543,30,False
Club J ST 1,ClubJ-ST-1,Example League,2023/24,Club J,ST,2423,26,0.497,0.467,0.55,2.99,1.375,0.447,0.119,0.101,0.858,0.858,6.974,4.284,0.6,1.18,0.1,1.39,1.237,0.64,1.725,1.206,1.344,8.568,5.542,1.688,0.267,0,0,0,15.9,16.6,15.6,18.6,20,17,16.9,16.3,17,12.9,15.9,15.6,13.6,15.6,16.3,18.9,15.9,18.6,16.6,15.6,16.6,16.3,16.3,18.9,14,16.6,17,15.6,18.9,15.9,15.9,17.6,16.3,18.6,15.9,17.6,15.9,16.3,16.6,15.9,16.6,15.9,17,16.6,17,15.9,16.6,11768848,13593019,29981,30,False
Club J ST 2,ClubJ-ST-2,Example League,2023/24,Club J,ST,805,29,0.479,0.45,0.528,2.932,1.349,0.431,0.113,0.096,0.84,0.84,6.83,4.194,0.6,1.155,0.1,1.355,1.207,0.622,1.675,1.176,1.312,8.428,5.401,1.648,0.302,0,0,0,15.4,16.1,15.1,18.1,19.5,16.5,16.4,15.8,16.5,12.4,15.4,15.1,13.1,15.1,15.8,18.4,15.4,18.1,16.1,15.1,16.1,15.8,15.8,18.4,13.5,16.1,16.5,15.1,18.4,15.4,15.4,17.1,15.8,18.1,15.4,17.1,15.4,15.8,16.1,15.4,16.1,15.4,16.5,16.1,16.5,15.4,16.1,8903277,10283285,26992,36,False
Club K GK 1,ClubK-GK-1,Example League,2023/24,Club K,GK,2235,30,0,0,0.015,0,0,0,0.005,0.004,0.02,0.02,0,0,1.98,0,0,0,0,0,0,0,0,0,0,0,0,2.543,83.12,0.45,12.5,13.2,13.9,13.9,13.6,13.6,12.5,12.9,13.6,12.5,12.5,13.9,13.2,13.9,12.9,18.5,12.5,13.9,19.2,19.9,13.2,12.9,12.9,12.5,13.6,13.2,13.6,13.9,12.5,12.5,12.5,13.2,12.9,13.9,12.5,13.2,18.5,18.9,19.2,15.5,19.2,18.5,19.6,19.2,19.6,15.5,19.2,7895032,8526635,29533,12,False
Club K GK 2,ClubK-GK-2,Example League,2023/24,Club K,GK,678,21,0,0,0.011,0,0,0,0.005,0.004,0.02,0.02,0,0,1.94,0,0,0,0,0,0,0,0,0,0,0,0,2.598,82.57,0.413,12,12.7,13.4,13.4,13.1,13.1,12,12.4,13.1,12,12,13.4,12.7,13.4,12.4,18,12,13.4,18.7,19.4,12.7,12.4,12.4,12,13.1,12.7,13.1,13.4,12,12,12,12.7,12.4,13.4,12,12.7,18,18.4,18.7,15,18.7,18,19.1,18.7,19.1,15,18.7,7291676,7875010,26733,18,False
Club K DC 1,ClubK-DC-1,Example League,2023/24,Club K,DC,2252,31,0.034,0.032,0.048,0.3,0.121,0.03,0.043,0.037,0.15,0.15,0.25,0.2,3.337,0.05,0.03,2.189,2.002,1.489,3.305,2.414,2.461,7.284,4.694,2.03,0.355,0,0,0,15.7,16.4,12.3,12.3,16.7,16.7,18.7,16,16.7,18.7,16.7,15.3,19.4,15.3,16,18.7,18.7,15.3,19.4,16.3,16.4,13,16,15.7,19.7,16.4,16.7,15.3,15.7,15.7,15.7,19.4,16,16.3,15.7,19.4,15.7,16,16.4,15.7,16.4,15.7,16.7,16.4,16.7,15.7,16.4,9109150,10065611,29009,18,False
Club K DC 2,ClubK-DC-2,Example League,2023/24,Club K,DC,689,22,0.033,0.031,0.043,0.3,0.119,0.03,0.042,0.036,0.15,0.15,0.25,0.2,3.282,0.05,0.03,2.154,1.972,1.472,3.255,2.384,2.428,7.144,4.561,1.99,0.39,0,0,0,15.2,15.9,11.8,11.8,16.2,16.2,18.2,15.5,16.2,18.2,16.2,14.8,18.9,14.8,15.5,18.2,18.2,14.8,18.9,15.8,15.9,12.5,15.5,15.2,19.2,15.9,16.2,14.8,15.2,15.2,15.2,18.9,15.5,15.8,15.2,18.9,15.2,15.5,15.9,15.2,15.9,15.2,16.2,15.9,16.2,15.2,15.9,8196600,9057243,26183,24,False
Club K DL 1,ClubK-DL-1,Example League,2023/24,Club K,DL,2269,20,0.015,0.014,0.04,0.35,0.151,0.014,0.128,0.109,0.885,0.885,0.6,1.1,4.46,0.994,1.964,1.554,1.303,0.722,1.775,1.116,1.247,7.844,4.838,1.876,0.232,0,0,0,15.4,18.3,16.1,15.1,16.5,16.5,15.4,15.8,16.5,15.4,16.4,15.1,18.3,15.1,15.8,16.4,15.4,15.1,16.1,15.1,16.1,15.8,15.8,15.4,18.7,16.1,16.5,17.3,17.6,15.4,15.4,16.1,15.8,17.3,17.6,16.1,15.4,15.8,16.1,15.4,16.1,15.4,16.5,16.1,16.5,15.4,16.1,10284588,11621584,28482,24,False
Club K DL 2,ClubK-DL-2,Example League,2023/24,Club K,DL,700,23,0.015,0.014,0.036,0.35,0.149,0.014,0.122,0.104,0.867,0.867,0.6,1.1,4.385,0.974,1.924,1.519,1.273,0.705,1.725,1.086,1.214,7.704,4.706,1.836,0.267,0,0,0,14.9,17.8,15.6,14.6,16,16,14.9,15.3,16,14.9,15.9,14.6,17.8,14.6,15.3,15.9,14.9,14.6,15.6,14.6,15.6,15.3,15.3,14.9,18.2,15.6,16,16.8,17.1,14.9,14.9,15.6,15.3,16.8,17.1,15.6,14.9,15.3,15.6,14.9,15.6,14.9,16,15.6,16,14.9,15.6,7515288,8492275,25501,30,False
Club K DR 1,ClubK-DR-1,Example League,2023/24,Club K,DR,2286,21,0.015,0.014,0.045,0.35,0.153,0.014,0.137,0.116,0.91,0.91,0.6,1.1,4.565,1.022,2.02,1.603,1.345,0.747,1.845,1.158,1.292,8.04,5.027,1.932,0.183,0,0,0,16.1,19,16.8,15.8,17.2,17.2,16.1,16.5,17.2,16.1,17.1,15.8,19,15.8,16.5,17.1,16.1,15.8,16.8,15.8,16.8,16.5,16.5,16.1,19.4,16.8,17.2,18,18.3,16.1,16.1,16.8,16.5,18,18.3,16.8,16.1,16.5,16.8,16.1,16.8,16.1,17.2,16.8,17.2,16.1,16.8,11601400,13399617,30467,30,False
Club K DR 2,ClubK-DR-2,Example League,2023/24,Club K,DR,711,24,0.015,0.014,0.041,0.35,0.152,0.014,0.131,0.111,0.892,0.892,0.6,1.1,4.49,1.002,1.98,1.568,1.315,0.729,1.795,1.128,1.26,7.9,4.892,1.892,0.218,0,0,0,15.6,18.5,16.3,15.3,16.7,16.7,15.6,16,16.7,15.6,16.6,15.3,18.5,15.3,16,16.6,15.6,15.3,16.3,15.3,16.3,16,16,15.6,18.9,16.3,16.7,17.5,17.8,15.6,15.6,16.3,16,17.5,17.8,16.3,15.6,16,16.3,15.6,16.3,15.6,16.7,16.3,16.7,15.6,16.3,8642350,9981914,27470,36,False
Club K DM 1,ClubK-DM-1,Example League,2023/24,Club K,DM,2303,22,0.06,0.057,0.088,0.631,0.274,0.054,0.143,0.122,1.13,1.13,0.7,0.8,5.758,0.665,0.15,2.147,1.366,0.768,1.935,1.146,1.279,7.956,5.07,1.982,0.194,0,0,0,15.9,16.6,15.5,15.5,16.9,16.9,15.9,16.2,16.9,18.1,18.1,15.5,18.8,17.7,16.2,18.1,15.9,15.5,18.8,17.7,16.6,16.2,16.2,15.9,19.1,18.8,19.1,17.7,15.9,15.9,15.9,16.6,16.2,15.5,18.1,18.8,15.9,16.2,16.6,15.9,16.6,15.9,16.9,16.6,16.9,15.9,16.6,10828088,12777144,29777,36,False
Club K DM 2,ClubK-DM-2,Example League,2023/24,Club K,DM,722,25,0.057,0.054,0.081,0.622,0.267,0.051,0.137,0.117,1.112,1.112,0.7,0.8,5.668,0.65,0.15,2.112,1.336,0.751,1.885,1.116,1.247,7.816,4.933,1.942,0.229,0,0,0,15.4,16.1,15,15,16.4,16.4,15.4,15.7,16.4,17.6,17.6,15,18.3,17.2,15.7,17.6,15.4,15,18.3,17.2,16.1,15.7,15.7,15.4,18.6,18.3,18.6,17.2,15.4,15.4,15.4,16.1,15.7,15,17.6,18.3,15.4,15.7,16.1,15.4,16.1,15.4,16.4,16.1,16.4,15.4,16.1,7932288,9360100,26786,12,False
Club K MC 1,ClubK-MC-1,Example League,2023/24,Club K,MC,2320,23,0.067,0.063,0.099,0.65,0.286,0.06,0.139,0.118,1.117,1.117,0.7,0.8,5.848,0.68,0.15,2.005,1.279,0.698,1.785,1.068,1.195,8.096,5.207,1.82,0.159,0,0,0,16.4,15.3,16,16,16.9,15.7,16.4,17.9,15.7,16.4,18.6,16,15.3,18.2,16.7,18.6,16.4,16,15.3,18.2,15.3,16.7,16.7,17.6,15.7,17.5,17.9,18.2,16.4,16.4,16.4,15.3,16.7,16,18.6,15.3,16.4,16.7,15.3,16.4,15.3,16.4,15.7,15.3,15.7,16.4,15.3,10069150,10874682,29089,12,False
Club K MC 2,ClubK-MC-2,Example League,2023/24,Club K,MC,733,26,0.064,0.06,0.092,0.641,0.279,0.057,0.133,0.113,1.099,1.099,0.7,0.8,5.758,0.665,0.15,1.97,1.249,0.68,1.735,1.038,1.162,7.956,5.07,1.78,0.194,0,0,0,15.9,14.8,15.5,15.5,16.4,15.2,15.9,17.4,15.2,15.9,18.1,15.5,14.8,17.7,16.2,18.1,15.9,15.5,14.8,17.7,14.8,16.2,16.2,17.1,15.2,17,17.4,17.7,15.9,15.9,15.9,14.8,16.2,15.5,18.1,14.8,15.9,16.2,14.8,15.9,14.8,15.9,15.2,14.8,15.2,15.9,14.8,7236600,7815528,26103,18,False
Club K AML 1,ClubK-AML-1,Example League,2023/24,Club K,AML,2337,24,0.31,0.292,0.346,1.931,0.857,0.279,0.276,0.234,1.682,1.682,4.672,3.752,3.996,1.953,1.44,1.386,1.177,0.638,1.715,1.14,1.273,8.512,5.189,1.684,0.103,0,0,0,15.8,19,17.9,16.4,15.1,15.1,13.8,16.1,15.1,13.8,18.3,15.4,14.5,17.9,16.1,15.8,15.8,16.4,16.5,15.4,16.5,18.6,16.1,18.3,15.1,16.5,17.6,15.4,18.3,18.3,15.8,16.5,16.1,17.9,15.8,16.5,15.8,16.1,16.5,15.8,16.5,15.8,15.1,16.5,15.1,15.8,16.5,9324588,10303670,28402,18,False
Club K AML 2,ClubK-AML-2,Example League,2023/24,Club K,AML,744,27,0.296,0.279,0.328,1.889,0.829,0.267,0.262,0.222,1.637,1.637,4.574,3.682,3.936,1.918,1.41,1.351,1.147,0.621,1.665,1.11,1.24,8.372,5.053,1.644,0.138,0,0,0,15.3,18.5,17.4,15.9,14.6,14.6,13.3,15.6,14.6,13.3,17.8,14.9,14,17.4,15.6,15.3,15.3,15.9,16,14.9,16,18.1,15.6,17.8,14.6,16,17.1,14.9,17.8,17.8,15.3,16,15.6,17.4,15.3,16,15.3,15.6,16,15.3,16,15.3,14.6,16,14.6,15.3,16,6555288,7243593,25421,24,False
Club K AMC 1,ClubK-AMC-1,Example League,2023/24,Club K,AMC,2354,25,0.33,0.31,0.371,1.99,0.897,0.297,0.295,0.251,1.745,1.745,4.809,3.85,4.08,2.002,1.482,1.435,1.219,0.663,1.785,1.182,1.318,8.708,5.382,1.74,0.054,0,0,0,16.5,19.7,18.6,17.1,15.8,15.8,14.5,16.8,15.8,14.5,19,16.1,15.2,18.6,16.8,16.5,16.5,17.1,17.2,16.1,17.2,19.3,16.8,19,15.8,17.2,18.3,16.1,19,19,16.5,17.2,16.8,18.6,16.5,17.2,16.5,16.8,17.2,16.5,17.2,16.5,15.8,17.2,15.8,16.5,17.2,10641400,12024782,30387,24,False
Club K AMC 2,ClubK-AMC-2,Example League,2023/24,Club K,AMC,755,28,0.316,0.297,0.353,1.948,0.869,0.284,0.281,0.239,1.7,1.7,4.711,3.78,4.02,1.967,1.452,1.4,1.189,0.645,1.735,1.152,1.285,8.568,5.244,1.7,0.089,0,0,0,16,19.2,18.1,16.6,15.3,15.3,14,16.3,15.3,14,18.5,15.6,14.7,18.1,16.3,16,16,16.6,16.7,15.6,16.7,18.8,16.3,18.5,15.3,16.7,17.8,15.6,18.5,18.5,16,16.7,16.3,18.1,16,16.7,16,16.3,16.7,16,16.7,16,15.3,16.7,15.3,16,16.7,7922350,8952256,27410,30,False
Club K AMR 1,ClubK-AMR-1,Example League,2023/24,Club K,AMR,2371,26,0.323,0.304,0.362,1.969,0.884,0.291,0.288,0.244,1.72,1.72,4.76,3.815,4.044,1.988,1.464,1.414,1.201,0.652,1.755,1.164,1.299,8.652,5.316,1.716,0.072,0,0,0,16.2,19.4,18.4,16.9,15.5,15.5,14.2,16.6,15.5,14.2,18.7,15.9,14.9,18.4,16.6,16.2,16.2,16.9,16.9,15.9,16.9,19.1,16.6,18.7,15.5,16.9,18,15.9,18.7,18.7,16.2,16.9,16.6,18.4,16.2,16.9,16.2,16.6,16.9,16.2,16.9,16.2,15.5,16.9,15.5,16.2,16.9,9868088,11397642,29697,30,False
Club K AMR 2,ClubK-AMR-2,Example League,2023/24,Club K,AMR,766,29,0.309,0.29,0.344,1.927,0.855,0.278,0.273,0.232,1.675,1.675,4.662,3.745,3.984,1.953,1.434,1.379,1.171,0.635,1.705,1.134,1.266,8.512,5.179,1.676,0.106,0,0,0,15.7,18.9,17.9,16.4,15,15,13.7,16.1,15,13.7,18.2,15.4,14.4,17.9,16.1,15.7,15.7,16.4,16.4,15.4,16.4,18.6,16.1,18.2,15,16.4,17.5,15.4,18.2,18.2,15.7,16.4,16.1,17.9,15.7,16.4,15.7,16.1,16.4,15.7,16.4,15.7,15,16.4,15,15.7,16.4,7452288,8607393,26746,36,False
Club K ST 1,ClubK-ST-1,Example League,2023/24,Club K,ST,2388,27,0.488,0.459,0.539,2.963,1.363,0.44,0.116,0.099,0.849,0.849,6.907,4.242,0.6,1.165,0.1,1.374,1.222,0.632,1.705,1.194,1.331,8.484,5.467,1.67,0.285,0,0,0,15.7,16.4,15.3,18.3,19.7,16.7,16.7,16,16.7,12.7,15.7,15.3,13.4,15.3,16,18.7,15.7,18.3,16.4,15.3,16.4,16,16,18.7,13.7,16.4,16.7,15.3,18.7,15.7,15.7,17.4,16,18.3,15.7,17.4,15.7,16,16.4,15.7,16.4,15.7,16.7,16.4,16.7,15.7,16.4,10748797,12683580,29146,36,False
Club K ST 2,ClubK-ST-2,Example League,2023/24,Club K,ST,777,30,0.47,0.442,0.517,2.905,1.331,0.423,0.11,0.094,0.831,0.831,6.763,4.152,0.6,1.14,0.1,1.339,1.192,0.614,1.655,1.164,1.299,8.344,5.327,1.63,0.32,0,0,0,15.2,15.9,14.8,17.8,19.2,16.2,16.2,15.5,16.2,12.2,15.2,14.8,12.9,14.8,15.5,18.2,15.2,17.8,15.9,14.8,15.9,15.5,15.5,18.2,13.2,15.9,16.2,14.8,18.2,15.2,15.2,16.9,15.5,17.8,15.2,16.9,15.2,15.5,15.9,15.2,15.9,15.2,16.2,15.9,16.2,15.2,15.9,8255988,9742066,26188,12,False
Club L GK 1,ClubL-GK-1,Example League,2023/24,Club L,GK,2200,31,0,0,0.014,0,0,0,0.005,0.004,0.02,0.02,0,0,1.964,0,0,0,0,0,0,0,0,0,0,0,0,2.558,82.9,0.433,12.3,13,13.7,13.7,13.3,13.3,12.3,12.6,13.3,12.3,12.3,13.7,13,13.7,12.6,18.3,12.3,13.7,19,19.7,13,12.6,12.6,12.3,13.3,13,13.3,13.7,12.3,12.3,12.3,13,12.6,13.7,12.3,13,18.3,18.6,19,15.3,19,18.3,19.3,19,19.3,15.3,19,7385812,8161322,28740,18,False
Club L GK 2,ClubL-GK-2,Example League,2023/24,Club L,GK,650,22,0,0,0.01,0,0,0,0.005,0.004,0.02,0.02,0,0,1.924,0,0,0,0,0,0,0,0,0,0,0,0,2.613,82.35,0.395,11.8,12.5,13.2,13.2,12.8,12.8,11.8,12.1,12.8,11.8,11.8,13.2,12.5,13.2,12.1,17.8,11.8,13.2,18.5,19.2,12.5,12.1,12.1,11.8,12.8,12.5,12.8,13.2,11.8,11.8,11.8,12.5,12.1,13.2,11.8,12.5,17.8,18.1,18.5,14.8,18.5,17.8,18.8,18.5,18.8,14.8,18.5,6647894,7345923,25929,24,False
Club L DC 1,ClubL-DC-1,Example League,2023/24,Club L,DC,2217,20,0.033,0.031,0.045,0.3,0.12,0.03,0.043,0.036,0.15,0.15,0.25,0.2,3.304,0.05,0.03,2.168,1.984,1.479,3.275,2.396,2.442,7.2,4.614,2.006,0.376,0,0,0,15.4,16.1,12,12,16.4,16.4,18.4,15.7,16.4,18.4,16.4,15,19.1,15,15.7,18.4,18.4,15,19.1,16,16.1,12.7,15.7,15.4,19.4,16.1,16.4,15,15.4,15.4,15.4,19.1,15.7,16,15.4,19.1,15.4,15.7,16.1,15.4,16.1,15.4,16.4,16.1,16.4,15.4,16.1,10185400,11509502,28349,24,False
Club L DC 2,ClubL-DC-2,Example League,2023/24,Club L,DC,661,23,0.032,0.03,0.041,0.3,0.119,0.029,0.042,0.036,0.15,0.15,0.25,0.2,3.249,0.05,0.03,2.135,1.957,1.462,3.225,2.366,2.409,7.088,4.499,1.968,0.408,0,0,0,14.9,15.6,11.6,11.6,16,16,17.9,15.3,16,17.9,15.9,14.6,18.6,14.6,15.3,17.9,17.9,14.6,18.6,15.6,15.6,12.3,15.3,14.9,19,15.6,16,14.6,14.9,14.9,14.9,18.6,15.3,15.6,14.9,18.6,14.9,15.3,15.6,14.9,15.6,14.9,16,15.6,16,14.9,15.6,7428750,8394488,25369,30,False
Club L DL 1,ClubL-DL-1,Example League,2023/24,Club L,DL,2234,21,0.015,0.014,0.037,0.35,0.15,0.014,0.126,0.107,0.877,0.877,0.6,1.1,4.43,0.982,1.948,1.538,1.288,0.714,1.755,1.104,1.234,7.76,4.768,1.858,0.25,0,0,0,15.2,18.1,15.8,14.8,16.2,16.2,15.2,15.5,16.2,15.2,16.2,14.8,18.1,14.8,15.5,16.2,15.2,14.8,15.9,14.8,15.9,15.5,15.5,15.2,18.4,15.9,16.2,17,17.4,15.2,15.2,15.9,15.5,17,17.4,15.9,15.2,15.5,15.9,15.2,15.9,15.2,16.2,15.9,16.2,15.2,15.9,9458088,10924092,27663,30,False
Club L DL 2,ClubL-DL-2,Example League,2023/24,Club L,DL,672,24,0.015,0.014,0.033,0.35,0.148,0.014,0.12,0.102,0.859,0.859,0.6,1.1,4.355,0.962,1.908,1.503,1.258,0.697,1.705,1.074,1.201,7.62,4.636,1.818,0.285,0,0,0,14.7,17.6,15.3,14.3,15.7,15.7,14.7,15,15.7,14.7,15.7,14.3,17.6,14.3,15,15.7,14.7,14.3,15.4,14.3,15.4,15,15,14.7,17.9,15.4,15.7,16.5,16.9,14.7,14.7,15.4,15,16.5,16.9,15.4,14.7,15,15.4,14.7,15.4,14.7,15.7,15.4,15.7,14.7,15.4,6764688,7813215,24689,36,False
Club L DR 1,ClubL-DR-1,Example League,2023/24,Club L,DR,2251,22,0.015,0.014,0.036,0.35,0.149,0.014,0.122,0.104,0.867,0.867,0.6,1.1,4.385,0.974,1.924,1.519,1.273,0.705,1.725,1.086,1.214,7.704,4.706,1.836,0.267,0,0,0,14.9,17.8,15.6,14.6,16,16,14.9,15.3,16,14.9,15.9,14.6,17.8,14.6,15.3,15.9,14.9,14.6,15.6,14.6,15.6,15.3,15.3,14.9,18.2,15.6,16,16.8,17.1,14.9,14.9,15.6,15.3,16.8,17.1,15.6,14.9,15.3,15.6,14.9,15.6,14.9,16,15.6,16,14.9,15.6,8745150,10319277,26979,36,False
Club L DR 2,ClubL-DR-2,Example League,2023/24,Club L,DR,683,25,0.015,0.014,0.032,0.35,0.147,0.014,0.117,0.1,0.852,0.852,0.6,1.1,4.325,0.954,1.892,1.489,1.246,0.69,1.685,1.062,1.188,7.564,4.584,1.802,0.299,0,0,0,14.5,17.4,15.1,14.1,15.5,15.5,14.5,14.8,15.5,14.5,15.5,14.1,17.4,14.1,14.8,15.5,14.5,14.1,15.2,14.1,15.2,14.8,14.8,14.5,17.7,15.2,15.5,16.3,16.7,14.5,14.5,15.2,14.8,16.3,16.7,15.2,14.5,14.8,15.2,14.5,15.2,14.5,15.5,15.2,15.5,14.5,15.2,6115000,7215700,24010,12,False
Club L DM 1,ClubL-DM-1,Example League,2023/24,Club L,DM,2268,23,0.059,0.055,0.085,0.626,0.271,0.053,0.14,0.119,1.121,1.121,0.7,0.8,5.704,0.659,0.15,2.128,1.351,0.759,1.905,1.128,1.26,7.9,5.005,1.96,0.211,0,0,0,15.6,16.3,15.3,15.3,16.7,16.7,15.6,16,16.7,17.8,17.8,15.3,18.5,17.5,16,17.8,15.6,15.3,18.5,17.5,16.3,16,16,15.6,18.9,18.5,18.9,17.5,15.6,15.6,15.6,16.3,16,15.3,17.8,18.5,15.6,16,16.3,15.6,16.3,15.6,16.7,16.3,16.7,15.6,16.3,9967087,10764454,28956,12,False
Club L DM 2,ClubL-DM-2,Example League,2023/24,Club L,DM,694,26,0.056,0.052,0.078,0.617,0.264,0.05,0.134,0.114,1.103,1.103,0.7,0.8,5.614,0.644,0.15,2.093,1.321,0.741,1.855,1.098,1.227,7.76,4.87,1.92,0.246,0,0,0,15.1,15.8,14.8,14.8,16.2,16.2,15.1,15.5,16.2,17.3,17.3,14.8,18,17,15.5,17.3,15.1,14.8,18,17,15.8,15.5,15.5,15.1,18.4,18,18.4,17,15.1,15.1,15.1,15.8,15.5,14.8,17.3,18,15.1,15.5,15.8,15.1,15.8,15.1,16.2,15.8,16.2,15.1,15.8,7147188,7718963,25971,18,False
Club L MC 1,ClubL-MC-1,Example League,2023/24,Club L,MC,2285,24,0.065,0.061,0.095,0.645,0.282,0.059,0.135,0.115,1.106,1.106,0.7,0.8,5.794,0.671,0.15,1.984,1.261,0.687,1.755,1.05,1.175,8.012,5.124,1.796,0.18,0,0,0,16.1,15,15.7,15.7,16.6,15.4,16.1,17.6,15.4,16.1,18.3,15.7,15,17.9,16.4,18.3,16.1,15.7,15,17.9,15,16.4,16.4,17.3,15.4,17.2,17.6,17.9,16.1,16.1,16.1,15,16.4,15.7,18.3,15,16.1,16.4,15,16.1,15,16.1,15.4,15,15.4,16.1,15,9225400,10194067,28269,18,False
Club L MC 2,ClubL-MC-2,Example League,2023/24,Club L,MC,705,27,0.062,0.059,0.089,0.637,0.276,0.056,0.129,0.11,1.088,1.088,0.7,0.8,5.704,0.659,0.15,1.951,1.231,0.67,1.71,1.026,1.149,7.9,5.005,1.758,0.211,0,0,0,15.6,14.6,15.3,15.3,16.1,14.9,15.6,17.2,14.9,15.6,17.8,15.3,14.6,17.5,16,17.8,15.6,15.3,14.6,17.5,14.6,16,16,16.8,14.9,16.8,17.1,17.5,15.6,15.6,15.6,14.6,16,15.3,17.8,14.6,15.6,16,14.6,15.6,14.6,15.6,14.9,14.6,14.9,15.6,14.6,6468750,7147969,25289,24,False
Club L AML 1,ClubL-AML-1,Example League,2023/24,Club L,AML,2302,25,0.303,0.285,0.337,1.91,0.844,0.273,0.268,0.228,1.657,1.657,4.623,3.717,3.96,1.939,1.422,1.365,1.159,0.628,1.685,1.122,1.253,8.456,5.124,1.66,0.12,0,0,0,15.5,18.7,17.7,16.2,14.8,14.8,13.5,15.9,14.8,13.5,18,15.2,14.2,17.7,15.9,15.5,15.5,16.2,16.2,15.2,16.2,18.4,15.9,18,14.8,16.2,17.3,15.2,18,18,15.5,16.2,15.9,17.7,15.5,16.2,15.5,15.9,16.2,15.5,16.2,15.5,14.8,16.2,14.8,15.5,16.2,8498088,9602839,27583,24,False
Club L AML 2,ClubL-AML-2,Example League,2023/24,Club L,AML,716,28,0.289,0.272,0.319,1.868,0.816,0.26,0.254,0.216,1.612,1.612,4.525,3.647,3.9,1.904,1.392,1.33,1.129,0.61,1.635,1.092,1.221,8.316,4.99,1.62,0.155,0,0,0,15,18.2,17.2,15.7,14.3,14.3,13,15.4,14.3,13,17.5,14.7,13.7,17.2,15.4,15,15,15.7,15.7,14.7,15.7,17.9,15.4,17.5,14.3,15.7,16.8,14.7,17.5,17.5,15,15.7,15.4,17.2,15,15.7,15,15.4,15.7,15,15.7,15,14.3,15.7,14.3,15,15.7,6044688,6830497,24629,30,False
Club L AMC 1,ClubL-AMC-1,Example League,2023/24,Club L,AMC,2319,26,0.296,0.279,0.328,1.889,0.829,0.267,0.262,0.222,1.637,1.637,4.574,3.682,3.936,1.918,1.41,1.351,1.147,0.621,1.665,1.11,1.24,8.372,5.053,1.644,0.138,0,0,0,15.3,18.5,17.4,15.9,14.6,14.6,13.3,15.6,14.6,13.3,17.8,14.9,14,17.4,15.6,15.3,15.3,15.9,16,14.9,16,18.1,15.6,17.8,14.6,16,17.1,14.9,17.8,17.8,15.3,16,15.6,17.4,15.3,16,15.3,15.6,16,15.3,16,15.3,14.6,16,14.6,15.3,16,7785150,8991848,26899,30,False
Club L AMC 2,ClubL-AMC-2,Example League,2023/24,Club L,AMC,727,29,0.284,0.267,0.312,1.851,0.805,0.255,0.248,0.211,1.595,1.595,4.486,3.619,3.876,1.89,1.38,1.316,1.117,0.603,1.615,1.08,1.208,8.26,4.936,1.604,0.169,0,0,0,14.8,18,17,15.5,14.1,14.1,12.8,15.2,14.1,12.8,17.3,14.5,13.5,17,15.2,14.8,14.8,15.5,15.5,14.5,15.5,17.7,15.2,17.3,14.1,15.5,16.6,14.5,17.3,17.3,14.8,15.5,15.2,17,14.8,15.5,14.8,15.2,15.5,14.8,15.5,14.8,14.1,15.5,14.1,14.8,15.5,5635000,6508425,23970,36,False
Club L AMR 1,ClubL-AMR-1,Example League,2023/24,Club L,AMR,2336,27,0.316,0.297,0.353,1.948,0.869,0.284,0.281,0.239,1.7,1.7,4.711,3.78,4.02,1.967,1.452,1.4,1.189,0.645,1.735,1.152,1.285,8.568,5.244,1.7,0.089,0,0,0,16,19.2,18.1,16.6,15.3,15.3,14,16.3,15.3,14,18.5,15.6,14.7,18.1,16.3,16,16,16.6,16.7,15.6,16.7,18.8,16.3,18.5,15.3,16.7,17.8,15.6,18.5,18.5,16,16.7,16.3,18.1,16,16.7,16,16.3,16.7,16,16.7,16,15.3,16.7,15.3,16,16.7,9007087,10628363,28876,36,False
Club L AMR 2,ClubL-AMR-2,Example League,2023/24,Club L,AMR,738,30,0.302,0.284,0.335,1.906,0.84,0.272,0.267,0.227,1.655,1.655,4.613,3.71,3.96,1.932,1.422,1.365,1.159,0.628,1.685,1.122,1.253,8.428,5.107,1.66,0.124,0,0,0,15.5,18.7,17.6,16.1,14.8,14.8,13.5,15.8,14.8,13.5,18,15.1,14.2,17.6,15.8,15.5,15.5,16.1,16.2,15.1,16.2,18.3,15.8,18,14.8,16.2,17.3,15.1,18,18,15.5,16.2,15.8,17.6,15.5,16.2,15.5,15.8,16.2,15.5,16.2,15.5,14.8,16.2,14.8,15.5,16.2,6907188,8150482,25951,12,False
Club L ST 1,ClubL-ST-1,Example League,2023/24,Club L,ST,2353,28,0.478,0.449,0.526,2.928,1.347,0.43,0.113,0.096,0.838,0.838,6.821,4.188,0.6,1.15,0.1,1.353,1.204,0.621,1.675,1.176,1.312,8.4,5.383,1.646,0.306,0,0,0,15.4,16.1,15,18,19.4,16.4,16.4,15.7,16.4,12.4,15.4,15,13.1,15,15.7,18.4,15.4,18,16.1,15,16.1,15.7,15.7,18.4,13.4,16.1,16.4,15,18.4,15.4,15.4,17.1,15.7,18,15.4,17.1,15.4,15.7,16.1,15.4,16.1,15.4,16.4,16.1,16.4,15.4,16.1,10036372,10839282,28336,12,False
Club L ST 2,ClubL-ST-2,Example League,2023/24,Club L,ST,749,31,0.461,0.433,0.506,2.875,1.311,0.415,0.107,0.091,0.822,0.822,6.686,4.104,0.6,1.13,0.1,1.32,1.177,0.605,1.625,1.146,1.279,8.288,5.261,1.608,0.337,0,0,0,14.9,15.6,14.6,17.6,19,16,15.9,15.3,16,11.9,14.9,14.6,12.6,14.6,15.3,17.9,14.9,17.6,15.6,14.6,15.6,15.3,15.3,17.9,13,15.6,16,14.6,17.9,14.9,14.9,16.6,15.3,17.6,14.9,16.6,14.9,15.3,15.6,14.9,15.6,14.9,16,15.6,16,14.9,15.6,7633125,8243775,25386,18,False
Club A GK 1,ClubA-GK-1,Example League,2024/25,Club A,GK,2585,21,0,0,0.042,0,0,0,0.005,0.004,0.02,0.02,0,0,2.1,0,0,0,0,0,0,0,0,0,0,0,0,2.293,84,0.5,17.6,18.3,17.2,17.2,18.6,18.6,17.6,17.9,18.6,17.6,17.6,17.2,18.3,17.2,17.9,20,17.6,17.2,20,20,18.3,17.9,17.9,17.6,18.6,18.3,18.6,17.2,17.6,17.6,17.6,18.3,17.9,17.2,17.6,18.3,20,20,20,20,20,20,20,20,20,20,20,20061782,21666725,43047,12,False
Club A GK 2,ClubA-GK-2,Example League,2024/25,Club A,GK,958,24,0,0,0.038,0,0,0,0.005,0.004,0.02,0.02,0,0,2.1,0,0,0,0,0,0,0,0,0,0,0,0,2.348,84,0.5,17.1,17.8,16.7,16.7,18.1,18.1,17.1,17.4,18.1,17.1,17.1,16.7,17.8,16.7,17.4,20,17.1,16.7,20,20,17.8,17.4,17.4,17.1,18.1,17.8,18.1,16.7,17.1,17.1,17.1,17.8,17.4,16.7,17.1,17.8,20,20,20,20,20,20,20,20,20,20,20,16649926,17981920,40012,18,False
Club A DC 1,ClubA-DC-1,Example League,2024/25,Club A,DC,2602,22,0.035,0.033,0.092,0.3,0.138,0.032,0.05,0.043,0.15,0.15,0.25,0.2,3.7,0.05,0.03,2.25,2.05,1.52,3.4,2.45,2.5,8.6,5.676,2.1,0.029,0,0,0,20,20,18.3,18.3,20,20,20,20,20,20,20,20,20,20,20,20,20,20,20,20,20,19,20,20,20,20,20,20,20,20,20,20,20,20,20,20,20,20,20,20,20,20,20,20,20,20,20,26731150,29537921,45478,18,False
Club A DC 2,ClubA-DC-2,Example League,2024/25,Club A,DC,969,25,0.035,0.033,0.09,0.3,0.137,0.032,0.05,0.043,0.15,0.15,0.25,0.2,3.7,0.05,0.03,2.25,2.05,1.52,3.4,2.45,2.5,8.6,5.676,2.1,0.047,0,0,0,20,20,17.8,17.8,20,20,20,20,20,20,20,20,20,20,20,20,20,20,20,20,20,18.5,20,20,20,20,20,20,20,20,20,20,20,20,20,20,20,20,20,20,20,20,20,20,20,20,20,22380600,24730563,42365,24,False
Club A DL 1,ClubA-DL-1,Example League,2024/25,Club A,DL,2619,23,0.015,0.014,0.079,0.35,0.161,0.014,0.16,0.136,0.98,0.98,0.6,1.1,5,1.15,2.1,1.75,1.45,0.82,2.2,1.35,1.5,8.6,5.676,2.1,-0.03,0,0,0,20,20,20,20,20,20,20,20,20,20,20,20,20,20,20,20,20,20,20,20,20,20,20,20,20,20,20,20,20,20,20,20,20,20,20,20,20,20,20,20,20,20,20,20,20,20,20,25641588,28974994,44762,24,False
Club A DL 2,ClubA-DL-2,Example League,2024/25,Club A,DL,980,26,0.015,0.014,0.079,0.35,0.161,0.014,0.16,0.136,0.98,0.98,0.6,1.1,5,1.15,2.1,1.75,1.45,0.82,2.2,1.35,1.5,8.6,5.676,2.1,-0.03,0,0,0,20,20,20,20,20,20,20,20,20,20,20,20,20,20,20,20,20,20,20,20,20,20,20,20,20,20,20,20,20,20,20,20,20,20,20,20,20,20,20,20,20,20,20,20,20,20,20,21354288,24130345,41655,30,False
Club A DR 1,ClubA-DR-1,Example League,2024/25,Club A,DR,2636,24,0.015,0.014,0.079,0.35,0.161,0.014,0.16,0.136,0.98,0.98,0.6,1.1,5,1.15,2.1,1.75,1.45,0.82,2.2,1.35,1.5,8.6,5.676,2.1,-0.03,0,0,0,20,20,20,20,20,20,20,20,20,20,20,20,20,20,20,20,20,20,20,20,20,20,20,20,20,20,20,20,20,20,20,20,20,20,20,20,20,20,20,20,20,20,20,20,20,20,20,24566400,28374192,44047,30,False
Club A DR 2,ClubA-DR-2,Example League,2024/25,Club A,DR,991,27,0.015,0.014,0.079,0.35,0.161,0.014,0.16,0.136,0.98,0.98,0.6,1.1,5,1.15,2.1,1.75,1.45,0.82,2.2,1.35,1.5,8.6,5.676,2.1,-0.03,0,0,0,20,20,20,20,20,20,20,20,20,20,20,20,20,20,20,20,20,20,20,20,20,20,20,20,20,20,20,20,20,20,20,20,20,20,20,20,20,20,20,20,20,20,20,20,20,20,20,20342350,23495414,40945,36,False
Club A DM 1,ClubA-DM-1,Example League,2024/25,Club A,DM,2653,25,0.086,0.081,0.15,0.708,0.326,0.077,0.16,0.136,1.18,1.18,0.7,0.8,6.1,0.8,0.15,2.25,1.45,0.82,2.2,1.35,1.5,8.6,5.676,2.1,-0.03,0,0,0,20,20,20,20,20,20,20,20,20,20,20,20,20,20,20,20,20,20,20,20,20,20,20,20,20,20,20,20,20,20,20,20,20,20,20,20,20,20,20,20,20,20,20,20,20,20,20,23505588,27736594,43334,36,False
Club A DM 2,ClubA-DM-2,Example League,2024/25,Club A,DM,1002,28,0.086,0.081,0.15,0.708,0.326,0.077,0.16,0.136,1.18,1.18,0.7,0.8,6.1,0.8,0.15,2.25,1.45,0.82,2.2,1.35,1.5,8.6,5.676,2.1,-0.03,0,0,0,20,20,20,20,19.7,19.7,20,20,19.7,20,20,20,20,20,20,20,20,20,20,20,20,20,20,20,20,20,20,20,20,20,20,20,20,20,20,20,20,20,20,20,20,20,19.7,20,19.7,20,20,19584788,23110050,40257,12,False
Club A MC 1,ClubA-MC-1,Example League,2024/25,Club A,MC,2670,26,0.086,0.081,0.15,0.708,0.326,0.077,0.16,0.136,1.18,1.18,0.7,0.8,6.1,0.8,0.15,2.25,1.45,0.82,2.2,1.35,1.5,8.6,5.676,2.1,-0.03,0,0,0,20,20,20,20,20,20,20,20,20,20,20,20,20,20,20,20,20,20,20,20,20,20,20,20,20,20,20,20,20,20,20,20,20,20,20,20,20,20,20,20,20,20,20,20,20,20,20,25771150,27832842,45398,12,False
Club A MC 2,ClubA-MC-2,Example League,2024/25,Club A,MC,1013,29,0.086,0.081,0.15,0.708,0.326,0.077,0.16,0.136,1.18,1.18,0.7,0.8,6.1,0.8,0.15,2.25,1.45,0.82,2.2,1.35,1.5,8.6,5.676,2.1,-0.03,0,0,0,20,20,20,20,20,20,20,20,20,20,20,20,20,20,20,20,20,20,20,20,20,20,20,20,20,20,20,20,20,20,20,20,20,20,20,20,20,20,20,20,20,20,20,20,20,20,20,21900600,23652648,42325,18,False
Club A AML 1,ClubA-AML-1,Example League,2024/25,Club A,AML,2687,27,0.374,0.352,0.438,2.122,0.976,0.337,0.326,0.277,1.843,1.843,5.118,4.07,4.2,2.1,1.5,1.722,1.45,0.806,2.185,1.35,1.5,9.8,6.468,2.068,-0.03,0,0,0,20,20,20,20,20,20,19.7,20,20,19.7,20,20,18.7,20,20,20,20,20,20,20,20,20,20,20,20,20,20,20,20,20,20,20,20,20,20,20,20,20,20,20,20,20,20,20,20,20,20,24681588,27273155,44682,18,False
Club A AML 2,ClubA-AML-2,Example League,2024/25,Club A,AML,1024,30,0.374,0.352,0.438,2.122,0.976,0.337,0.326,0.277,1.843,1.843,5.118,4.07,4.2,2.1,1.5,1.705,1.45,0.797,2.16,1.35,1.5,9.8,6.468,2.048,-0.03,0,0,0,20,20,20,20,20,20,19.2,20,20,19.2,20,20,18.2,20,20,20,20,20,20,20,20,20,20,20,20,20,20,20,20,20,20,20,20,20,20,20,20,20,20,20,20,20,20,20,20,20,20,21114288,23331288,41635,24,False
Club A AMC 1,ClubA-AMC-1,Example League,2024/25,Club A,AMC,2704,28,0.374,0.352,0.438,2.122,0.976,0.337,0.326,0.277,1.843,1.843,5.118,4.07,4.2,2.1,1.5,1.715,1.45,0.803,2.175,1.35,1.5,9.8,6.468,2.06,-0.03,0,0,0,20,20,20,20,20,20,19.5,20,20,19.5,20,20,18.5,20,20,20,20,20,20,20,20,20,20,20,20,20,20,20,20,20,20,20,20,20,20,20,20,20,20,20,20,20,20,20,20,20,20,23846400,26946432,43987,24,False
Club A AMC 2,ClubA-AMC-2,Example League,2024/25,Club A,AMC,1035,31,0.374,0.352,0.438,2.122,0.976,0.337,0.326,0.277,1.843,1.843,5.118,4.07,4.2,2.1,1.5,1.698,1.45,0.794,2.15,1.35,1.5,9.8,6.468,2.04,-0.03,0,0,0,20,20,20,20,20,20,19,20,20,19,20,20,18,20,20,20,20,20,20,20,20,20,20,20,20,20,20,20,20,20,20,20,20,20,20,20,20,20,20,20,20,20,20,20,20,20,20,20342350,22986856,40945,30,False
Club A AMR 1,ClubA-AMR-1,Example League,2024/25,Club A,AMR,2721,29,0.374,0.352,0.438,2.122,0.976,0.337,0.326,0.277,1.843,1.843,5.118,4.07,4.2,2.1,1.5,1.706,1.45,0.798,2.165,1.35,1.5,9.8,6.468,2.05,-0.03,0,0,0,20,20,20,20,20,20,19.3,20,20,19.3,20,20,18.2,20,20,20,20,20,20,20,20,20,20,20,20,20,20,20,20,20,20,20,20,20,20,20,20,20,20,20,20,20,20,20,20,20,20,23025588,26594554,43294,30,False
Club A AMR 2,ClubA-AMR-2,Example League,2024/25,Club A,AMR,1046,20,0.374,0.352,0.438,2.122,0.976,0.337,0.326,0.277,1.843,1.843,5.118,4.07,4.2,2.1,1.5,1.689,1.45,0.789,2.125,1.332,1.481,9.8,6.468,2.03,-0.03,0,0,0,20,20,20,20,20,20,18.8,20,20,18.8,20,20,17.7,20,20,20,20,20,19.7,20,19.7,20,20,20,20,19.7,20,20,20,20,20,19.7,20,20,20,19.7,20,20,19.7,20,19.7,20,20,19.7,20,20,19.7,21264788,24560830,40397,36,False
Club A ST 1,ClubA-ST-1,Example League,2024/25,Club A,ST,2738,30,0.54,0.508,0.604,3.128,1.439,0.486,0.162,0.138,0.986,0.986,7.32,4.5,0.6,1.4,0.1,1.677,1.387,0.783,2.13,1.35,1.5,9.8,6.468,2.016,-0.03,0,0,0,20,20,20,20,20,20,20,20,20,18.6,20,20,19.3,20,20,20,20,20,20,20,20,20,20,20,17.9,20,20,20,20,20,20,20,20,20,20,20,20,20,20,20,20,20,20,20,20,20,20,30126757,35549573,45761,36,False
Club A ST 2,ClubA-ST-2,Example League,2024/25,Club A,ST,1057,21,0.54,0.508,0.604,3.128,1.439,0.486,0.162,0.138,0.986,0.986,7.32,4.5,0.6,1.4,0.1,1.65,1.372,0.77,2.105,1.35,1.5,9.8,6.468,1.986,-0.03,0,0,0,20,20,20,20,20,20,20,20,20,18.1,20,20,18.8,20,20,20,20,20,20,20,20,20,20,20,17.4,20,20,20,20,20,20,20,20,20,20,20,20,20,20,20,20,20,20,20,20,20,20,27541908,32499451,42795,12,False
Club B GK 1,ClubB-GK-1,Example League,2024/25,Club B,GK,2550,22,0,0,0.04,0,0,0,0.005,0.004,0.02,0.02,0,0,2.1,0,0,0,0,0,0,0,0,0,0,0,0,2.308,84,0.5,17.3,18,17,17,18.4,18.4,17.3,17.7,18.4,17.3,17.3,17,18,17,17.7,20,17.3,17,20,20,18,17.7,17.7,17.3,18.4,18,18.4,17,17.3,17.3,17.3,18,17.7,17,17.3,18,20,20,20,20,20,20,20,20,20,20,20,19072862,21075513,42214,18,False
Club B GK 2,ClubB-GK-2,Example League,2024/25,Club B,GK,930,25,0,0,0.036,0,0,0,0.005,0.004,0.02,0.02,0,0,2.1,0,0,0,0,0,0,0,0,0,0,0,0,2.363,84,0.5,16.8,17.5,16.5,16.5,17.9,17.9,16.8,17.2,17.9,16.8,16.8,16.5,17.5,16.5,17.2,20,16.8,16.5,20,20,17.5,17.2,17.2,16.8,17.9,17.5,17.9,16.5,16.8,16.8,16.8,17.5,17.2,16.5,16.8,17.5,20,20,20,19.8,20,20,20,20,20,19.8,20,15723244,17374185,39185,24,False
Club B DC 1,ClubB-DC-1,Example League,2024/25,Club B,DC,2567,23,0.035,0.033,0.087,0.3,0.135,0.032,0.05,0.043,0.15,0.15,0.25,0.2,3.7,0.05,0.03,2.25,2.05,1.52,3.4,2.45,2.5,8.6,5.676,2.1,0.071,0,0,0,20,20,17.1,17.1,19.7,19.7,20,20,19.7,20,20,20,20,20,20,20,20,20,20,20,20,17.8,20,20,20,20,19.7,20,20,20,20,20,20,20,20,20,20,20,20,20,20,20,19.7,20,19.7,20,20,22230400,25120352,41853,24,False
Club B DC 2,ClubB-DC-2,Example League,2024/25,Club B,DC,941,26,0.035,0.033,0.084,0.3,0.134,0.032,0.05,0.043,0.15,0.15,0.25,0.2,3.7,0.05,0.03,2.25,2.05,1.52,3.4,2.45,2.5,8.488,5.602,2.1,0.089,0,0,0,20,20,16.6,16.6,19.3,19.3,20,20,19.3,20,20,19.6,20,19.6,20,20,20,19.6,20,20,20,17.3,20,20,20,20,19.3,19.6,20,20,20,20,20,20,20,20,20,20,20,20,20,20,19.3,20,19.3,20,20,18208750,20575888,38767,30,False
Club B DL 1,ClubB-DL-1,Example League,2024/25,Club B,DL,2584,24,0.015,0.014,0.079,0.35,0.161,0.014,0.16,0.136,0.98,0.98,0.6,1.1,5,1.15,2.1,1.75,1.45,0.82,2.2,1.35,1.5,8.6,5.676,2.1,-0.03,0,0,0,20,20,20,20,20,20,20,20,20,20,20,20,20,20,20,20,20,20,20,20,20,20,20,20,20,20,20,20,20,20,20,20,20,20,20,20,20,20,20,20,20,20,20,20,20,20,20,24401088,28183257,43908,30,False
Club B DL 2,ClubB-DL-2,Example League,2024/25,Club B,DL,952,27,0.015,0.014,0.079,0.35,0.161,0.014,0.16,0.136,0.98,0.98,0.6,1.1,5,1.15,2.1,1.75,1.45,0.82,2.2,1.35,1.5,8.6,5.676,2.1,-0.03,0,0,0,20,20,20,20,19.9,19.9,20,20,19.9,20,20,20,20,20,20,20,20,20,20,20,20,20,20,20,20,20,19.9,20,20,20,20,20,20,20,20,20,20,20,20,20,20,20,19.9,20,19.9,20,20,20189688,23319090,40807,36,False
Club B DR 1,ClubB-DR-1,Example League,2024/25,Club B,DR,2601,25,0.015,0.014,0.079,0.35,0.161,0.014,0.16,0.136,0.98,0.98,0.6,1.1,5,1.15,2.1,1.75,1.45,0.82,2.2,1.35,1.5,8.6,5.676,2.1,-0.03,0,0,0,20,20,20,20,20,20,20,20,20,20,20,20,20,20,20,20,20,20,20,20,20,20,20,20,20,20,20,20,20,20,20,20,20,20,20,20,20,20,20,20,20,20,20,20,20,20,20,23343150,27544917,43195,36,False
Club B DR 2,ClubB-DR-2,Example League,2024/25,Club B,DR,963,28,0.015,0.014,0.079,0.35,0.161,0.014,0.16,0.136,0.98,0.98,0.6,1.1,5,1.15,2.1,1.75,1.45,0.82,2.2,1.35,1.5,8.6,5.676,2.1,-0.03,0,0,0,20,20,20,20,19.7,19.7,20,20,19.7,20,20,20,20,20,20,20,20,20,20,20,20,20,20,20,20,20,19.7,20,20,20,20,20,20,20,20,20,20,20,20,20,20,20,19.7,20,19.7,20,20,19435000,22933300,40120,12,False
Club B DM 1,ClubB-DM-1,Example League,2024/25,Club B,DM,2618,26,0.086,0.081,0.15,0.708,0.326,0.077,0.16,0.136,1.18,1.18,0.7,0.8,6.1,0.8,0.15,2.25,1.45,0.82,2.2,1.35,1.5,8.6,5.676,2.1,-0.03,0,0,0,20,20,20,20,20,20,20,20,20,20,20,20,20,20,20,20,20,20,20,20,20,20,20,20,20,20,20,20,20,20,20,20,20,20,20,20,20,20,20,20,20,20,20,20,20,20,20,22299588,24083555,42483,12,False
Club B DM 2,ClubB-DM-2,Example League,2024/25,Club B,DM,974,29,0.085,0.08,0.148,0.706,0.325,0.077,0.16,0.136,1.18,1.18,0.7,0.8,6.1,0.794,0.15,2.25,1.45,0.82,2.2,1.35,1.5,8.6,5.676,2.1,-0.023,0,0,0,20,20,19.8,19.8,19.5,19.5,20,20,19.5,20,20,19.8,20,20,20,20,20,19.8,20,20,20,20,20,20,20,20,20,20,20,20,20,20,20,19.8,20,20,20,20,20,20,20,20,19.5,20,19.5,20,20,18694688,20190263,39433,18,False
Club B MC 1,ClubB-MC-1,Example League,2024/25,Club B,MC,2635,27,0.086,0.081,0.15,0.708,0.326,0.077,0.16,0.136,1.18,1.18,0.7,0.8,6.1,0.8,0.15,2.25,1.45,0.82,2.2,1.35,1.5,8.6,5.676,2.1,-0.03,0,0,0,20,20,20,20,20,20,20,20,20,20,20,20,20,20,19.7,20,20,20,20,20,20,19.7,19.7,20,20,20,20,20,20,20,20,20,19.7,20,20,20,20,19.7,20,20,20,20,20,20,20,20,20,21270400,23503792,41773,18,False
Club B MC 2,ClubB-MC-2,Example League,2024/25,Club B,MC,985,30,0.086,0.081,0.15,0.708,0.326,0.077,0.16,0.136,1.18,1.18,0.7,0.8,6.1,0.8,0.15,2.243,1.45,0.817,2.18,1.326,1.474,8.6,5.676,2.092,-0.03,0,0,0,20,19.6,20,20,20,20,20,20,20,20,20,20,19.6,20,19.3,20,20,20,19.6,20,19.6,19.3,19.3,20,20,20,20,20,20,20,20,19.6,19.3,20,20,19.6,20,19.3,19.6,20,19.6,20,20,19.6,20,20,19.6,17968750,19855469,38747,24,False
Club B AML 1,ClubB-AML-1,Example League,2024/25,Club B,AML,2652,28,0.374,0.352,0.438,2.122,0.976,0.337,0.326,0.277,1.843,1.843,5.118,4.07,4.2,2.1,1.5,1.713,1.45,0.802,2.175,1.35,1.5,9.8,6.468,2.058,-0.03,0,0,0,20,20,20,20,20,20,19.5,20,20,19.5,20,20,18.4,20,20,20,20,20,20,20,20,20,20,20,20,20,20,20,20,20,20,20,20,20,20,20,20,20,20,20,20,20,20,20,20,20,20,23681088,26759629,43848,24,False
Club B AML 2,ClubB-AML-2,Example League,2024/25,Club B,AML,996,31,0.374,0.352,0.438,2.122,0.976,0.337,0.326,0.277,1.843,1.843,5.118,4.07,4.2,2.1,1.5,1.696,1.45,0.793,2.145,1.344,1.493,9.8,6.468,2.038,-0.03,0,0,0,20,20,20,20,20,20,19,20,20,19,20,20,17.9,20,20,20,20,20,19.9,20,19.9,20,20,20,20,19.9,20,20,20,20,20,19.9,20,20,20,19.9,20,20,19.9,20,19.9,20,20,19.9,20,20,19.9,20189688,22814347,40807,30,False
Club B AMC 1,ClubB-AMC-1,Example League,2024/25,Club B,AMC,2669,29,0.374,0.352,0.438,2.122,0.976,0.337,0.326,0.277,1.843,1.843,5.118,4.07,4.2,2.1,1.5,1.705,1.45,0.797,2.16,1.35,1.5,9.8,6.468,2.048,-0.03,0,0,0,20,20,20,20,20,20,19.2,20,20,19.2,20,20,18.2,20,20,20,20,20,20,20,20,20,20,20,20,20,20,20,20,20,20,20,20,20,20,20,20,20,20,20,20,20,20,20,20,20,20,22863150,26406938,43155,30,False
Club B AMC 2,ClubB-AMC-2,Example League,2024/25,Club B,AMC,1007,20,0.374,0.352,0.438,2.122,0.976,0.337,0.326,0.277,1.843,1.843,5.118,4.07,4.2,2.1,1.5,1.689,1.45,0.789,2.125,1.332,1.481,9.8,6.468,2.03,-0.03,0,0,0,20,20,20,20,20,20,18.8,20,20,18.8,20,20,17.7,20,20,20,20,20,19.7,20,19.7,20,20,20,20,19.7,20,20,20,20,20,19.7,20,20,20,19.7,20,20,19.7,20,19.7,20,20,19.7,20,20,19.7,21115000,24387825,40260,36,False
Club B AMR 1,ClubB-AMR-1,Example League,2024/25,Club B,AMR,2686,30,0.374,0.352,0.438,2.122,0.976,0.337,0.326,0.277,1.843,1.843,5.118,4.07,4.2,2.1,1.5,1.698,1.45,0.794,2.15,1.35,1.5,9.8,6.468,2.04,-0.03,0,0,0,20,20,20,20,20,20,19,20,20,19,20,20,18,20,20,20,20,20,20,20,20,20,20,20,20,20,20,20,20,20,20,20,20,20,20,20,20,20,20,20,20,20,20,20,20,20,20,22059588,26030314,42463,36,False
Club B AMR 2,ClubB-AMR-2,Example League,2024/25,Club B,AMR,1018,21,0.374,0.352,0.438,2.122,0.976,0.337,0.326,0.277,1.843,1.843,5.118,4.07,4.2,2.1,1.5,1.676,1.444,0.783,2.1,1.32,1.468,9.8,6.468,2.016,-0.03,0,0,0,20,20,20,20,19.8,19.8,18.5,20,19.8,18.5,20,20,17.5,20,20,20,20,20,19.5,20,19.5,20,20,20,19.8,19.5,20,20,20,20,20,19.5,20,20,20,19.5,20,20,19.5,20,19.5,20,19.8,19.5,19.8,20,19.5,20134688,23758932,39553,12,False
Club B ST 1,ClubB-ST-1,Example League,2024/25,Club B,ST,2703,31,0.54,0.508,0.604,3.128,1.439,0.486,0.16,0.136,0.981,0.981,7.32,4.5,0.6,1.4,0.1,1.614,1.351,0.752,2.07,1.35,1.5,9.8,6.468,1.944,-0.03,0,0,0,20,20,20,20,20,19.7,20,20,19.7,17.4,20,20,18.1,20,20,20,20,20,20,20,20,20,20,20,16.7,20,19.7,20,20,20,20,20,20,20,20,20,20,20,20,20,20,20,19.7,20,19.7,20,20,25099072,27106998,42092,12,False
Club B ST 2,ClubB-ST-2,Example League,2024/25,Club B,ST,1029,22,0.54,0.508,0.604,3.128,1.439,0.486,0.158,0.134,0.973,0.973,7.32,4.5,0.6,1.38,0.1,1.593,1.339,0.741,2.05,1.35,1.5,9.688,6.394,1.92,-0.016,0,0,0,20,20,19.6,20,20,19.3,20,20,19.3,17,20,19.6,17.7,19.6,20,20,20,20,20,19.6,20,20,20,20,16.3,20,19.3,19.6,20,20,20,20,20,20,20,20,20,20,20,20,20,20,19.3,20,19.3,20,20,22619125,24428655,39135,18,False
Club C GK 1,ClubC-GK-1,Example League,2024/25,Club C,GK,2515,23,0,0,0.038,0,0,0,0.005,0.004,0.02,0.02,0,0,2.1,0,0,0,0,0,0,0,0,0,0,0,0,2.323,84,0.5,17,17.7,16.7,16.7,18.1,18.1,17,17.4,18.1,17,17,16.7,17.7,16.7,17.4,20,17,16.7,20,20,17.7,17.4,17.4,17,18.1,17.7,18.1,16.7,17,17,17,17.7,17.4,16.7,17,17.7,20,20,20,20,20,20,20,20,20,20,20,18100916,20454035,41383,24,False
Club C GK 2,ClubC-GK-2,Example League,2024/25,Club C,GK,902,26,0,0,0.034,0,0,0,0.005,0.004,0.02,0.02,0,0,2.1,0,0,0,0,0,0,0,0,0,0,0,0,2.378,84,0.5,16.6,17.3,16.2,16.2,17.6,17.6,16.6,16.9,17.6,16.6,16.6,16.2,17.3,16.2,16.9,20,16.6,16.2,20,20,17.3,16.9,16.9,16.6,17.6,17.3,17.6,16.2,16.6,16.6,16.6,17.3,16.9,16.2,16.6,17.3,20,20,20,19.6,20,20,20,20,20,19.6,20,14813536,16739296,38359,30,False
Club C DC 1,ClubC-DC-1,Example League,2024/25,Club C,DC,2532,24,0.035,0.033,0.085,0.3,0.134,0.032,0.05,0.043,0.15,0.15,0.25,0.2,3.7,0.05,0.03,2.25,2.05,1.52,3.4,2.45,2.5,8.544,5.639,2.1,0.082,0,0,0,20,20,16.8,16.8,19.5,19.5,20,20,19.5,20,20,19.8,20,19.8,20,20,20,19.8,20,20,20,17.5,20,20,20,20,19.5,19.8,20,20,20,20,20,20,20,20,20,20,20,20,20,20,19.5,20,19.5,20,20,21062350,24327014,41005,30,False
Club C DC 2,ClubC-DC-2,Example League,2024/25,Club C,DC,913,27,0.035,0.033,0.081,0.3,0.133,0.032,0.05,0.043,0.15,0.15,0.25,0.2,3.7,0.05,0.03,2.25,2.05,1.52,3.4,2.45,2.5,8.404,5.547,2.1,0.099,0,0,0,19.7,20,16.3,16.3,19,19,20,20,19,20,20,19.3,20,19.3,20,20,20,19.3,20,20,20,17,20,19.7,20,20,19,19.3,19.7,19.7,19.7,20,20,20,19.7,20,19.7,20,20,19.7,20,19.7,19,20,19,19.7,20,17116600,19769673,37926,36,False
Club C DL 1,ClubC-DL-1,Example League,2024/25,Club C,DL,2549,25,0.015,0.014,0.076,0.35,0.161,0.014,0.16,0.136,0.98,0.98,0.6,1.1,5,1.15,2.1,1.748,1.45,0.819,2.195,1.35,1.5,8.6,5.676,2.098,-0.03,0,0,0,19.9,20,20,19.6,19.2,19.2,19.9,20,19.2,19.9,20,19.6,20,19.6,20,20,19.9,19.6,20,19.6,20,20,20,19.9,20,20,19.2,20,20,19.9,19.9,20,20,20,20,20,19.9,20,20,19.9,20,19.9,19.2,20,19.2,19.9,20,20064787,23676449,40297,36,False
Club C DL 2,ClubC-DL-2,Example League,2024/25,Club C,DL,924,28,0.015,0.014,0.072,0.35,0.161,0.014,0.16,0.136,0.98,0.98,0.6,1.1,5,1.15,2.1,1.741,1.45,0.816,2.175,1.35,1.5,8.6,5.676,2.09,-0.03,0,0,0,19.5,20,20,19.1,18.8,18.8,19.5,19.8,18.8,19.5,20,19.1,20,19.1,19.8,20,19.5,19.1,20,19.1,20,19.8,19.8,19.5,20,20,18.8,20,20,19.5,19.5,20,19.8,20,20,20,19.5,19.8,20,19.5,20,19.5,18.8,20,18.8,19.5,20,16422287,19378299,37244,12,False
Club C DR 1,ClubC-DR-1,Example League,2024/25,Club C,DR,2566,26,0.015,0.014,0.079,0.35,0.161,0.014,0.16,0.136,0.98,0.98,0.6,1.1,5,1.15,2.1,1.75,1.45,0.82,2.2,1.35,1.5,8.6,5.676,2.1,-0.03,0,0,0,20,20,20,20,19.9,19.9,20,20,19.9,20,20,20,20,20,20,20,20,20,20,20,20,20,20,20,20,20,19.9,20,20,20,20,20,20,20,20,20,20,20,20,20,20,20,19.9,20,19.9,20,20,22140600,23911848,42345,12,False
Club C DR 2,ClubC-DR-2,Example League,2024/25,Club C,DR,935,29,0.015,0.014,0.077,0.35,0.161,0.014,0.16,0.136,0.98,0.98,0.6,1.1,5,1.15,2.1,1.75,1.45,0.82,2.2,1.35,1.5,8.6,5.676,2.1,-0.03,0,0,0,20,20,20,19.8,19.4,19.4,20,20,19.4,20,20,19.8,20,19.8,20,20,20,19.8,20,19.8,20,20,20,20,20,20,19.4,20,20,20,20,20,20,20,20,20,20,20,20,20,20,20,19.4,20,19.4,20,20,18548350,20032218,39296,18,False
Club C DM 1,ClubC-DM-1,Example League,2024/25,Club C,DM,2583,27,0.086,0.081,0.15,0.708,0.326,0.077,0.16,0.136,1.18,1.18,0.7,0.8,6.1,0.8,0.15,2.25,1.45,0.82,2.2,1.35,1.5,8.6,5.676,2.1,-0.03,0,0,0,20,20,20,20,19.7,19.7,20,20,19.7,20,20,20,20,20,20,20,20,20,20,20,20,20,20,20,20,20,20,20,20,20,20,20,20,20,20,20,20,20,20,20,20,20,19.7,20,19.7,20,20,21114287,23331287,41635,18,False
Club C DM 2,ClubC-DM-2,Example League,2024/25,Club C,DM,946,30,0.085,0.079,0.145,0.704,0.324,0.076,0.16,0.136,1.18,1.18,0.7,0.8,6.1,0.788,0.15,2.25,1.45,0.82,2.2,1.35,1.5,8.6,5.676,2.1,-0.016,0,0,0,19.9,20,19.6,19.6,19.2,19.2,19.9,20,19.2,20,20,19.6,20,20,20,20,19.9,19.6,20,20,20,20,20,19.9,20,20,20,20,19.9,19.9,19.9,20,20,19.6,20,20,19.9,20,20,19.9,20,19.9,19.2,20,19.2,19.9,20,17825287,19696942,38610,24,False
Club C MC 1,ClubC-MC-1,Example League,2024/25,Club C,MC,2600,28,0.086,0.081,0.15,0.708,0.326,0.077,0.16,0.136,1.18,1.18,0.7,0.8,6.1,0.8,0.15,2.247,1.45,0.818,2.19,1.338,1.487,8.6,5.676,2.096,-0.03,0,0,0,20,19.8,20,20,20,20,20,20,20,20,20,20,19.8,20,19.5,20,20,20,19.8,20,19.8,19.5,19.5,20,20,20,20,20,20,20,20,19.8,19.5,20,20,19.8,20,19.5,19.8,20,19.8,20,20,19.8,20,20,19.8,20342350,22986856,40945,24,False
Club C MC 2,ClubC-MC-2,Example League,2024/25,Club C,MC,957,31,0.086,0.081,0.15,0.708,0.326,0.077,0.16,0.136,1.18,1.18,0.7,0.8,6.1,0.8,0.15,2.233,1.441,0.811,2.165,1.308,1.455,8.6,5.676,2.08,-0.03,0,0,0,20,19.3,20,20,20,19.7,20,20,19.7,20,20,20,19.3,20,19,20,20,20,19.3,20,19.3,19,19,20,19.7,20,20,20,20,20,20,19.3,19,20,20,19.3,20,19,19.3,20,19.3,20,19.7,19.3,19.7,20,19.3,17116600,19341758,37926,30,False
Club C AML 1,ClubC-AML-1,Example League,2024/25,Club C,AML,2617,29,0.374,0.352,0.438,2.122,0.976,0.337,0.326,0.277,1.843,1.843,5.118,4.07,4.2,2.1,1.5,1.664,1.438,0.777,2.075,1.302,1.448,9.772,6.45,2.002,-0.03,0,0,0,20,20,20,20,19.6,19.6,18.3,20,19.6,18.3,20,19.9,17.2,20,20,20,20,20,19.2,19.9,19.2,20,20,20,19.6,19.2,20,19.9,20,20,20,19.2,20,20,20,19.2,20,20,19.2,20,19.2,20,19.6,19.2,19.6,20,19.2,19584787,22620429,40257,30,False
Club C AML 2,ClubC-AML-2,Example League,2024/25,Club C,AML,968,20,0.374,0.352,0.438,2.122,0.976,0.337,0.326,0.277,1.843,1.843,5.118,4.07,4.2,2.1,1.5,1.636,1.417,0.763,2.03,1.278,1.422,9.66,6.352,1.97,-0.03,0,0,0,19.8,20,20,20,19.1,19.1,17.8,20,19.1,17.8,20,19.5,16.8,20,20,19.8,19.8,20,18.8,19.5,18.8,20,20,20,19.1,18.8,20,19.5,20,20,19.8,18.8,20,20,19.8,18.8,19.8,20,18.8,19.8,18.8,19.8,19.1,18.8,19.1,19.8,18.8,18102288,20908143,37384,36,False
Club C AMC 1,ClubC-AMC-1,Example League,2024/25,Club C,AMC,2634,30,0.374,0.352,0.438,2.122,0.976,0.337,0.326,0.277,1.843,1.843,5.118,4.07,4.2,2.1,1.5,1.696,1.45,0.793,2.145,1.344,1.493,9.8,6.468,2.038,-0.03,0,0,0,20,20,20,20,20,20,19,20,20,19,20,20,17.9,20,20,20,20,20,19.9,20,19.9,20,20,20,20,19.9,20,20,20,20,20,19.9,20,20,20,19.9,20,20,19.9,20,19.9,20,20,19.9,20,20,19.9,21900600,25842708,42325,36,False
Club C AMC 2,ClubC-AMC-2,Example League,2024/25,Club C,AMC,979,21,0.374,0.352,0.438,2.122,0.976,0.337,0.326,0.277,1.843,1.843,5.118,4.07,4.2,2.1,1.5,1.675,1.444,0.782,2.095,1.314,1.461,9.8,6.468,2.014,-0.03,0,0,0,20,20,20,20,19.8,19.8,18.5,20,19.8,18.5,20,20,17.4,20,20,20,20,20,19.4,20,19.4,20,20,20,19.8,19.4,20,20,20,20,20,19.4,20,20,20,19.4,20,20,19.4,20,19.4,20,19.8,19.4,19.8,20,19.4,19988350,23586253,39416,12,False
Club C AMR 1,ClubC-AMR-1,Example League,2024/25,Club C,AMR,2651,31,0.374,0.352,0.438,2.122,0.976,0.337,0.326,0.277,1.843,1.843,5.118,4.07,4.2,2.1,1.5,1.687,1.45,0.789,2.12,1.332,1.481,9.8,6.468,2.028,-0.03,0,0,0,20,20,20,20,20,20,18.7,20,20,18.7,20,20,17.7,20,20,20,20,20,19.7,20,19.7,20,20,20,20,19.7,20,20,20,20,20,19.7,20,20,20,19.7,20,20,19.7,20,19.7,20,20,19.7,20,20,19.7,21114287,22803430,41635,12,False
Club C AMR 2,ClubC-AMR-2,Example League,2024/25,Club C,AMR,990,22,0.374,0.352,0.438,2.122,0.976,0.337,0.326,0.277,1.843,1.843,5.118,4.07,4.2,2.1,1.5,1.664,1.438,0.777,2.075,1.302,1.448,9.772,6.45,2.002,-0.03,0,0,0,20,20,20,20,19.6,19.6,18.3,20,19.6,18.3,20,19.9,17.2,20,20,20,20,20,19.2,19.9,19.2,20,20,20,19.6,19.2,20,19.9,20,20,20,19.2,20,20,20,19.2,20,20,19.2,20,19.2,20,19.6,19.2,19.6,20,19.2,19025287,20547310,38710,18,False
Club C ST 1,ClubC-ST-1,Example League,2024/25,Club C,ST,2668,20,0.54,0.508,0.604,3.128,1.439,0.486,0.159,0.135,0.977,0.977,7.32,4.5,0.6,1.39,0.1,1.603,1.345,0.747,2.06,1.35,1.5,9.744,6.431,1.932,-0.023,0,0,0,20,20,19.8,20,20,19.5,20,20,19.5,17.2,20,19.8,17.9,19.8,20,20,20,20,20,19.8,20,20,20,20,16.5,20,19.5,19.8,20,20,20,20,20,20,20,20,20,20,20,20,20,20,19.5,20,19.5,20,20,25986373,28714942,41416,18,False
Club C ST 2,ClubC-ST-2,Example League,2024/25,Club C,ST,1001,23,0.54,0.508,0.604,3.128,1.439,0.486,0.154,0.131,0.963,0.963,7.32,4.5,0.6,1.365,0.1,1.577,1.33,0.733,2.035,1.35,1.5,9.604,6.339,1.902,0.005,0,0,0,19.7,20,19.3,20,20,19,20,20,19,16.7,19.7,19.3,17.4,19.3,20,20,19.7,20,20,19.3,20,20,20,20,16,20,19,19.3,20,19.7,19.7,20,20,20,19.7,20,19.7,20,20,19.7,20,19.7,19,20,19,19.7,20,21330388,23570079,38278,24,False
Club D GK 1,ClubD-GK-1,Example League,2024/25,Club D,GK,2480,24,0,0,0.035,0,0,0,0.005,0.004,0.02,0.02,0,0,2.1,0,0,0,0,0,0,0,0,0,0,0,0,2.338,84,0.5,16.8,17.5,16.4,16.4,17.8,17.8,16.8,17.1,17.8,16.8,16.8,16.4,17.5,16.4,17.1,20,16.8,16.4,20,20,17.5,17.1,17.1,16.8,17.8,17.5,17.8,16.4,16.8,16.8,16.8,17.5,17.1,16.4,16.8,17.5,20,20,20,19.8,20,20,20,20,20,19.8,20,17145944,19803565,40554,30,False
Club D GK 2,ClubD-GK-2,Example League,2024/25,Club D,GK,874,27,0,0,0.031,0,0,0,0.005,0.004,0.02,0.02,0,0,2.1,0,0,0,0,0,0,0,0,0,0,0,0,2.393,84,0.5,16.3,17,15.9,15.9,17.3,17.3,16.3,16.6,17.3,16.3,16.3,15.9,17,15.9,16.6,20,16.3,15.9,20,20,17,16.6,16.6,16.3,17.3,17,17.3,15.9,16.3,16.3,16.3,17,16.6,15.9,16.3,17,20,20,20,19.3,20,20,20,20,20,19.3,20,13920802,16078526,37535,36,False
Club D DC 1,ClubD-DC-1,Example League,2024/25,Club D,DC,2497,25,0.035,0.033,0.084,0.3,0.134,0.032,0.05,0.043,0.15,0.15,0.25,0.2,3.7,0.05,0.03,2.25,2.05,1.52,3.4,2.45,2.5,8.488,5.602,2.1,0.089,0,0,0,19.9,20,16.6,16.6,19.2,19.2,20,20,19.2,20,20,19.6,20,19.6,20,20,20,19.6,20,20,20,17.3,20,19.9,20,20,19.2,19.6,19.9,19.9,19.9,20,20,20,19.9,20,19.9,20,20,19.9,20,19.9,19.2,20,19.2,19.9,20,19915000,23499700,40160,36,False
Club D DC 2,ClubD-DC-2,Example League,2024/25,Club D,DC,885,28,0.035,0.033,0.08,0.3,0.132,0.032,0.05,0.043,0.15,0.15,0.25,0.2,3.7,0.05,0.03,2.25,2.05,1.52,3.4,2.45,2.5,8.348,5.51,2.1,0.106,0,0,0,19.4,20,16.1,16.1,18.7,18.7,20,19.8,18.7,20,20,19.1,20,19.1,19.8,20,20,19.1,20,20,20,16.8,19.8,19.4,20,20,18.7,19.1,19.4,19.4,19.4,20,19.8,20,19.4,20,19.4,19.8,20,19.4,20,19.4,18.7,20,18.7,19.4,20,16285150,19216477,37107,12,False
Club D DL 1,ClubD-DL-1,Example League,2024/25,Club D,DL,2514,26,0.015,0.014,0.073,0.35,0.161,0.014,0.16,0.136,0.98,0.98,0.6,1.1,5,1.15,2.1,1.745,1.45,0.817,2.185,1.35,1.5,8.6,5.676,2.094,-0.03,0,0,0,19.7,20,20,19.3,19,19,19.7,20,19,19.7,20,19.3,20,19.3,20,20,19.7,19.3,20,19.3,20,20,20,19.7,20,20,19,20,20,19.7,19.7,20,20,20,20,20,19.7,20,20,19.7,20,19.7,19,20,19,19.7,20,18934688,20449463,39453,12,False
Club D DL 2,ClubD-DL-2,Example League,2024/25,Club D,DL,896,29,0.015,0.014,0.069,0.35,0.161,0.014,0.16,0.136,0.98,0.98,0.6,1.1,5,1.142,2.1,1.736,1.45,0.813,2.155,1.344,1.493,8.6,5.676,2.084,-0.023,0,0,0,19.2,20,19.8,18.8,18.5,18.5,19.2,19.5,18.5,19.2,20,18.8,20,18.8,19.5,20,19.2,18.8,19.9,18.8,19.9,19.5,19.5,19.2,20,19.9,18.5,20,20,19.2,19.2,19.9,19.5,20,20,19.9,19.2,19.5,19.9,19.2,19.9,19.2,18.5,19.9,18.5,19.2,19.9,15608088,16856735,36426,18,False
Club D DR 1,ClubD-DR-1,Example League,2024/25,Club D,DR,2531,27,0.015,0.014,0.072,0.35,0.161,0.014,0.16,0.136,0.98,0.98,0.6,1.1,5,1.15,2.1,1.741,1.45,0.816,2.175,1.35,1.5,8.6,5.676,2.09,-0.03,0,0,0,19.5,20,20,19.1,18.8,18.8,19.5,19.8,18.8,19.5,20,19.1,20,19.1,19.8,20,19.5,19.1,20,19.1,20,19.8,19.8,19.5,20,20,18.8,20,20,19.5,19.5,20,19.8,20,20,20,19.5,19.8,20,19.5,20,19.5,18.8,20,18.8,19.5,20,17968750,19855469,38747,18,False
Club D DR 2,ClubD-DR-2,Example League,2024/25,Club D,DR,907,30,0.015,0.014,0.068,0.35,0.161,0.014,0.16,0.136,0.98,0.98,0.6,1.1,5,1.134,2.1,1.733,1.45,0.811,2.135,1.332,1.481,8.6,5.676,2.08,-0.016,0,0,0,19,20,19.6,18.6,18.3,18.3,19,19.3,18.3,19,20,18.6,20,18.6,19.3,20,19,18.6,19.7,18.6,19.7,19.3,19.3,19,20,19.7,18.3,20,20,19,19,19.7,19.3,20,20,19.7,19,19.3,19.7,19,19.7,19,18.3,19.7,18.3,19,19.7,14945400,16514667,35745,24,False
Club D DM 1,ClubD-DM-1,Example League,2024/25,Club D,DM,2548,28,0.085,0.08,0.148,0.706,0.325,0.077,0.16,0.136,1.18,1.18,0.7,0.8,6.1,0.794,0.15,2.25,1.45,0.82,2.2,1.35,1.5,8.6,5.676,2.1,-0.023,0,0,0,20,20,19.8,19.8,19.4,19.4,20,20,19.4,20,20,19.8,20,20,20,20,20,19.8,20,20,20,20,20,20,20,20,20,20,20,20,20,20,20,19.8,20,20,20,20,20,20,20,20,19.4,20,19.4,20,20,20189688,22814347,40807,24,False
Club D DM 2,ClubD-DM-2,Example League,2024/25,Club D,DM,918,31,0.083,0.078,0.141,0.698,0.321,0.074,0.16,0.136,1.18,1.18,0.7,0.8,6.1,0.779,0.15,2.25,1.45,0.82,2.2,1.35,1.5,8.6,5.676,2.1,-0.006,0,0,0,19.6,20,19.3,19.3,18.9,18.9,19.6,20,18.9,20,20,19.3,20,20,20,20,19.6,19.3,20,20,20,20,20,19.6,20,20,20,20,19.6,19.6,19.6,20,20,19.3,20,20,19.6,20,20,19.6,20,19.6,18.9,20,18.9,19.6,20,16976588,19183544,37790,30,False
Club D MC 1,ClubD-MC-1,Example League,2024/25,Club D,MC,2565,29,0.086,0.081,0.15,0.708,0.326,0.077,0.16,0.136,1.18,1.18,0.7,0.8,6.1,0.8,0.15,2.241,1.447,0.816,2.18,1.326,1.474,8.6,5.676,2.09,-0.03,0,0,0,20,19.6,20,20,20,19.9,20,20,19.9,20,20,20,19.6,20,19.2,20,20,20,19.6,20,19.6,19.2,19.2,20,19.9,20,20,20,20,20,20,19.6,19.2,20,20,19.6,20,19.2,19.6,20,19.6,20,19.9,19.6,19.9,20,19.6,19435000,22447425,40120,30,False
Club D MC 2,ClubD-MC-2,Example League,2024/25,Club D,MC,929,20,0.085,0.08,0.148,0.706,0.325,0.077,0.16,0.136,1.18,1.18,0.7,0.8,6.1,0.794,0.15,2.224,1.432,0.807,2.155,1.296,1.442,8.6,5.676,2.07,-0.023,0,0,0,20,19.1,19.8,19.8,20,19.4,20,19.9,19.4,20,20,19.8,19.1,20,18.7,20,20,19.8,19.1,20,19.1,18.7,18.7,20,19.4,20,20,20,20,20,20,19.1,18.7,19.8,20,19.1,20,18.7,19.1,20,19.1,20,19.4,19.1,19.4,20,19.1,17965150,20749748,37247,36,False
Club D AML 1,ClubD-AML-1,Example League,2024/25,Club D,AML,2582,30,0.374,0.352,0.438,2.122,0.976,0.337,0.326,0.277,1.843,1.843,5.118,4.07,4.2,2.1,1.5,1.65,1.429,0.77,2.05,1.29,1.435,9.716,6.413,1.986,-0.03,0,0,0,20,20,20,20,19.3,19.3,18,20,19.3,18,20,19.7,17,20,20,20,20,20,19,19.7,19,20,20,20,19.3,19,20,19.7,20,20,20,19,20,20,20,19,20,20,19,20,19,20,19.3,19,19.3,20,19,18694688,22059732,39433,36,False
Club D AML 2,ClubD-AML-2,Example League,2024/25,Club D,AML,940,21,0.374,0.352,0.438,2.122,0.976,0.337,0.326,0.277,1.843,1.843,5.118,4.07,4.2,2.1,1.5,1.615,1.399,0.753,2,1.26,1.403,9.576,6.263,1.946,-0.03,0,0,0,19.5,20,20,20,18.8,18.8,17.5,19.9,18.8,17.5,20,19.2,16.5,20,19.9,19.5,19.5,20,18.5,19.2,18.5,20,19.9,20,18.8,18.5,20,19.2,20,20,19.5,18.5,19.9,20,19.5,18.5,19.5,19.9,18.5,19.5,18.5,19.5,18.8,18.5,18.8,19.5,18.5,17048088,20116744,36546,12,False
Club D AMC 1,ClubD-AMC-1,Example League,2024/25,Club D,AMC,2599,31,0.374,0.352,0.438,2.122,0.976,0.337,0.326,0.277,1.843,1.843,5.118,4.07,4.2,2.1,1.5,1.636,1.417,0.763,2.03,1.278,1.422,9.66,6.352,1.97,-0.03,0,0,0,19.8,20,20,20,19.1,19.1,17.8,20,19.1,17.8,20,19.5,16.8,20,20,19.8,19.8,20,18.8,19.5,18.8,20,20,20,19.1,18.8,20,19.5,20,20,19.8,18.8,20,20,19.8,18.8,19.8,20,18.8,19.8,18.8,19.8,19.1,18.8,19.1,19.8,18.8,17968750,19406250,38747,12,False
Club D AMC 2,ClubD-AMC-2,Example League,2024/25,Club D,AMC,951,22,0.374,0.352,0.438,2.122,0.976,0.337,0.326,0.277,1.843,1.843,5.118,4.07,4.2,2.1,1.5,1.601,1.387,0.746,1.98,1.248,1.39,9.52,6.203,1.93,-0.03,0,0,0,19.3,20,20,20,18.6,18.6,17.3,19.7,18.6,17.3,20,19,16.3,20,19.7,19.3,19.3,20,18.3,19,18.3,20,19.7,20,18.6,18.3,20,19,20,20,19.3,18.3,19.7,20,19.3,18.3,19.3,19.7,18.3,19.3,18.3,19.3,18.6,18.3,18.6,19.3,18.3,16145400,17437032,35845,18,False
Club D AMR 1,ClubD-AMR-1,Example League,2024/25,Club D,AMR,2616,20,0.374,0.352,0.438,2.122,0.976,0.337,0.326,0.277,1.843,1.843,5.118,4.07,4.2,2.1,1.5,1.675,1.444,0.782,2.095,1.314,1.461,9.8,6.468,2.014,-0.03,0,0,0,20,20,20,20,19.8,19.8,18.5,20,19.8,18.5,20,20,17.4,20,20,20,20,20,19.4,20,19.4,20,20,20,19.8,19.4,20,20,20,20,20,19.4,20,20,20,19.4,20,20,19.4,20,19.4,20,19.8,19.4,19.8,20,19.4,21869688,24166005,40947,18,False
Club D AMR 2,ClubD-AMR-2,Example League,2024/25,Club D,AMR,962,23,0.374,0.352,0.438,2.122,0.976,0.337,0.326,0.277,1.843,1.843,5.118,4.07,4.2,2.1,1.5,1.649,1.429,0.769,2.045,1.284,1.428,9.688,6.394,1.984,-0.03,0,0,0,20,20,20,20,19.3,19.3,18,20,19.3,18,20,19.6,16.9,20,20,20,20,20,18.9,19.6,18.9,20,20,20,19.3,18.9,20,19.6,20,20,20,18.9,20,20,20,18.9,20,20,18.9,20,18.9,20,19.3,18.9,19.3,20,18.9,17936588,19819930,37870,24,False
Club D ST 1,ClubD-ST-1,Example League,2024/25,Club D,ST,2633,21,0.54,0.508,0.604,3.128,1.439,0.486,0.157,0.133,0.97,0.97,7.32,4.5,0.6,1.38,0.1,1.587,1.336,0.739,2.045,1.35,1.5,9.688,6.394,1.914,-0.013,0,0,0,19.9,20,19.6,20,20,19.2,20,20,19.2,16.9,19.9,19.6,17.6,19.6,20,20,19.9,20,20,19.6,20,20,20,20,16.2,20,19.2,19.6,20,19.9,19.9,20,20,20,19.9,20,19.9,20,20,19.9,20,19.9,19.2,20,19.2,19.9,20,24632500,27834725,40553,24,False
Club D ST 2,ClubD-ST-2,Example League,2024/25,Club D,ST,973,24,0.54,0.508,0.604,3.128,1.439,0.486,0.151,0.128,0.952,0.952,7.32,4.5,0.6,1.355,0.1,1.561,1.321,0.726,2.02,1.35,1.5,9.548,6.302,1.884,0.022,0,0,0,19.4,20,19.1,20,20,18.7,20,19.8,18.7,16.4,19.4,19.1,17.1,19.1,19.8,20,19.4,20,20,19.1,20,19.8,19.8,20,15.7,20,18.7,19.1,20,19.4,19.4,20,19.8,20,19.4,20,19.4,19.8,20,19.4,20,19.4,18.7,20,18.7,19.4,20,20066077,22674667,37422,30,False
Club E GK 1,ClubE-GK-1,Example League,2024/25,Club E,GK,2445,25,0,0,0.026,0,0,0,0.005,0.004,0.02,0.02,0,0,2.1,0,0,0,0,0,0,0,0,0,0,0,0,2.403,84,0.5,15.6,16.3,15.3,15.3,16.7,16.7,15.6,16,16.7,15.6,15.6,15.3,16.3,15.3,16,20,15.6,15.3,20,20,16.3,16,16,15.6,16.7,16.3,16.7,15.3,15.6,15.6,15.6,16.3,16,15.3,15.6,16.3,20,20,20,18.6,20,20,20,20,20,18.6,20,13859876,16354654,37030,36,False
Club E GK 2,ClubE-GK-2,Example League,2024/25,Club E,GK,846,28,0,0,0.022,0,0,0,0.005,0.004,0.02,0.02,0,0,2.1,0,0,0,0,0,0,0,0,0,0,0,0,2.458,84,0.5,15.1,15.8,14.8,14.8,16.2,16.2,15.1,15.5,16.2,15.1,15.1,14.8,15.8,14.8,15.5,20,15.1,14.8,20,20,15.8,15.5,15.5,15.1,16.2,15.8,16.2,14.8,15.1,15.1,15.1,15.8,15.5,14.8,15.1,15.8,20,20,20,18.1,20,20,20,20,20,18.1,20,11101232,13099454,34050,12,False
Club E DC 1,ClubE-DC-1,Example League,2024/25,Club E,DC,2462,26,0.035,0.033,0.081,0.3,0.133,0.032,0.05,0.043,0.15,0.15,0.25,0.2,3.7,0.05,0.03,2.25,2.05,1.52,3.4,2.45,2.5,8.404,5.547,2.1,0.099,0,0,0,19.6,20,16.3,16.3,18.9,18.9,20,20,18.9,20,20,19.3,20,19.3,20,20,20,19.3,20,20,20,17,20,19.6,20,20,18.9,19.3,19.6,19.6,19.6,20,20,20,19.6,20,19.6,20,20,19.6,20,19.6,18.9,20,18.9,19.6,20,18788350,20291418,39316,12,False
Club E DC 2,ClubE-DC-2,Example League,2024/25,Club E,DC,857,29,0.035,0.033,0.077,0.3,0.131,0.032,0.05,0.043,0.15,0.15,0.25,0.2,3.7,0.05,0.03,2.25,2.05,1.52,3.4,2.45,2.5,8.264,5.454,2.1,0.117,0,0,0,19.1,19.8,15.8,15.8,18.4,18.4,20,19.5,18.4,20,20,18.8,20,18.8,19.5,20,20,18.8,20,19.8,19.8,16.5,19.5,19.1,20,19.8,18.4,18.8,19.1,19.1,19.1,20,19.5,19.8,19.1,20,19.1,19.5,19.8,19.1,19.8,19.1,18.4,19.8,18.4,19.1,19.8,15474400,16712352,36290,18,False
Club E DL 1,ClubE-DL-1,Example League,2024/25,Club E,DL,2479,27,0.015,0.014,0.072,0.35,0.161,0.014,0.16,0.136,0.98,0.98,0.6,1.1,5,1.15,2.1,1.74,1.45,0.815,2.17,1.35,1.5,8.6,5.676,2.088,-0.03,0,0,0,19.4,20,20,19.1,18.7,18.7,19.4,19.8,18.7,19.4,20,19.1,20,19.1,19.8,20,19.4,19.1,20,19.1,20,19.8,19.8,19.4,20,20,18.7,20,20,19.4,19.4,20,19.8,20,20,20,19.4,19.8,20,19.4,20,19.4,18.7,20,18.7,19.4,20,17825288,19696943,38610,18,False
Club E DL 2,ClubE-DL-2,Example League,2024/25,Club E,DL,868,30,0.015,0.014,0.068,0.35,0.161,0.014,0.159,0.135,0.978,0.978,0.6,1.1,4.985,1.134,2.1,1.729,1.447,0.81,2.125,1.326,1.474,8.6,5.666,2.076,-0.013,0,0,0,18.9,20,19.6,18.6,18.2,18.2,18.9,19.3,18.2,18.9,19.9,18.6,20,18.6,19.3,19.9,18.9,18.6,19.6,18.6,19.6,19.3,19.3,18.9,20,19.6,18.2,20,20,18.9,18.9,19.6,19.3,20,20,19.6,18.9,19.3,19.6,18.9,19.6,18.9,18.2,19.6,18.2,18.9,19.6,14814588,16370120,35610,24,False
Club E DR 1,ClubE-DR-1,Example League,2024/25,Club E,DR,2496,28,0.015,0.014,0.069,0.35,0.161,0.014,0.16,0.136,0.98,0.98,0.6,1.1,5,1.142,2.1,1.736,1.45,0.813,2.155,1.344,1.493,8.6,5.676,2.084,-0.023,0,0,0,19.2,20,19.8,18.8,18.5,18.5,19.2,19.5,18.5,19.2,20,18.8,20,18.8,19.5,20,19.2,18.8,19.9,18.8,19.9,19.5,19.5,19.2,20,19.9,18.5,20,20,19.2,19.2,19.9,19.5,20,20,19.9,19.2,19.5,19.9,19.2,19.9,19.2,18.5,19.9,18.5,19.2,19.9,17116600,19341758,37926,24,False
Club E DR 2,ClubE-DR-2,Example League,2024/25,Club E,DR,879,31,0.015,0.014,0.065,0.35,0.161,0.014,0.158,0.134,0.975,0.975,0.6,1.1,4.955,1.122,2.1,1.722,1.441,0.806,2.105,1.314,1.461,8.6,5.645,2.068,0.005,0,0,0,18.7,20,19.3,18.3,18,18,18.7,19,18,18.7,19.7,18.3,20,18.3,19,19.7,18.7,18.3,19.4,18.3,19.4,19,19,18.7,20,19.4,18,20,20,18.7,18.7,19.4,19,20,20,19.4,18.7,19,19.4,18.7,19.4,18.7,18,19.4,18,18.7,19.4,14169150,16011140,34931,30,False
Club E DM 1,ClubE-DM-1,Example League,2024/25,Club E,DM,2513,29,0.079,0.074,0.132,0.686,0.316,0.071,0.16,0.136,1.18,1.18,0.7,0.8,6.1,0.758,0.15,2.25,1.45,0.82,2.185,1.332,1.481,8.6,5.676,2.1,0.019,0,0,0,19,19.7,18.6,18.6,18.3,18.3,19,19.3,18.3,20,20,18.6,20,20,19.3,20,19,18.6,20,20,19.7,19.3,19.3,19,20,20,20,20,19,19,19,19.7,19.3,18.6,20,20,19,19.3,19.7,19,19.7,19,18.3,19.7,18.3,19,19.7,16422288,18967743,37244,30,False
Club E DM 2,ClubE-DM-2,Example League,2024/25,Club E,DM,890,20,0.076,0.071,0.125,0.677,0.312,0.068,0.16,0.136,1.18,1.18,0.7,0.8,6.1,0.743,0.15,2.25,1.45,0.82,2.16,1.302,1.448,8.6,5.676,2.1,0.036,0,0,0,18.5,19.2,18.1,18.1,17.8,17.8,18.5,18.8,17.8,20,20,18.1,20,20,18.8,20,18.5,18.1,20,20,19.2,18.8,18.8,18.5,20,20,20,20,18.5,18.5,18.5,19.2,18.8,18.1,20,20,18.5,18.8,19.2,18.5,19.2,18.5,17.8,19.2,17.8,18.5,19.2,15218088,17576892,34393,36,False
Club E MC 1,ClubE-MC-1,Example League,2024/25,Club E,MC,2530,30,0.086,0.081,0.15,0.708,0.326,0.077,0.16,0.136,1.18,1.18,0.7,0.8,6.1,0.8,0.15,2.231,1.438,0.81,2.165,1.308,1.455,8.6,5.676,2.078,-0.03,0,0,0,20,19.3,20,20,20,19.6,20,20,19.6,20,20,20,19.3,20,18.9,20,20,20,19.3,20,19.3,18.9,18.9,20,19.6,20,20,20,20,20,20,19.3,18.9,20,20,19.3,20,18.9,19.3,20,19.3,20,19.6,19.3,19.6,20,19.3,18548350,21887053,39296,36,False
Club E MC 2,ClubE-MC-2,Example League,2024/25,Club E,MC,901,21,0.085,0.079,0.145,0.704,0.324,0.076,0.16,0.136,1.18,1.18,0.7,0.8,6.1,0.785,0.15,2.21,1.423,0.8,2.13,1.278,1.422,8.6,5.676,2.054,-0.013,0,0,0,19.8,18.8,19.5,19.5,20,19.1,19.8,19.6,19.1,19.8,20,19.5,18.8,20,18.4,20,19.8,19.5,18.8,20,18.8,18.4,18.4,20,19.1,20,20,20,19.8,19.8,19.8,18.8,18.4,19.5,20,18.8,19.8,18.4,18.8,19.8,18.8,19.8,19.1,18.8,19.1,19.8,18.8,16914400,19958992,36410,12,False
Club E AML 1,ClubE-AML-1,Example League,2024/25,Club E,AML,2547,31,0.374,0.352,0.438,2.122,0.976,0.337,0.326,0.277,1.843,1.843,5.118,4.07,4.2,2.1,1.5,1.635,1.417,0.762,2.025,1.272,1.416,9.632,6.334,1.968,-0.03,0,0,0,19.8,20,20,20,19.1,19.1,17.8,20,19.1,17.8,20,19.4,16.7,20,20,19.8,19.8,20,18.7,19.4,18.7,20,20,20,19.1,18.7,20,19.4,20,20,19.8,18.7,20,20,19.8,18.7,19.8,20,18.7,19.8,18.7,19.8,19.1,18.7,19.1,19.8,18.7,17825288,19251311,38610,12,False
Club E AML 2,ClubE-AML-2,Example League,2024/25,Club E,AML,912,22,0.373,0.351,0.437,2.12,0.975,0.336,0.326,0.277,1.843,1.843,5.113,4.067,4.2,2.1,1.5,1.6,1.387,0.745,1.975,1.242,1.383,9.492,6.185,1.928,-0.03,0,0,0,19.3,20,20,19.9,18.6,18.6,17.3,19.6,18.6,17.3,20,18.9,16.2,20,19.6,19.3,19.3,19.9,18.2,18.9,18.2,20,19.6,20,18.6,18.2,20,18.9,20,20,19.3,18.2,19.6,20,19.3,18.2,19.3,19.6,18.2,19.3,18.2,19.3,18.6,18.2,18.6,19.3,18.2,16014588,17295755,35710,18,False
Club E AMC 1,ClubE-AMC-1,Example League,2024/25,Club E,AMC,2564,20,0.374,0.352,0.438,2.122,0.976,0.337,0.326,0.277,1.843,1.843,5.118,4.07,4.2,2.1,1.5,1.615,1.399,0.753,2,1.26,1.403,9.576,6.263,1.946,-0.03,0,0,0,19.5,20,20,20,18.8,18.8,17.5,19.9,18.8,17.5,20,19.2,16.5,20,19.9,19.5,19.5,20,18.5,19.2,18.5,20,19.9,20,18.8,18.5,20,19.2,20,20,19.5,18.5,19.9,20,19.5,18.5,19.5,19.9,18.5,19.5,18.5,19.5,18.8,18.5,18.8,19.5,18.5,18796600,20770243,38066,18,False
Club E AMC 2,ClubE-AMC-2,Example League,2024/25,Club E,AMC,923,23,0.372,0.35,0.434,2.116,0.973,0.335,0.326,0.277,1.843,1.843,5.103,4.06,4.2,2.1,1.5,1.58,1.369,0.735,1.95,1.23,1.37,9.436,6.115,1.906,-0.03,0,0,0,19,20,20,19.7,18.3,18.3,17,19.4,18.3,17,20,18.7,16,20,19.4,19,19,19.7,18,18.7,18,20,19.4,20,18.3,18,20,18.7,20,20,19,18,19.4,20,19,18,19,19.4,18,19,18,19,18.3,18,18.3,19,18,15129150,16717711,35011,24,False
Club E AMR 1,ClubE-AMR-1,Example League,2024/25,Club E,AMR,2581,21,0.374,0.352,0.438,2.122,0.976,0.337,0.326,0.277,1.843,1.843,5.118,4.07,4.2,2.1,1.5,1.601,1.387,0.746,1.98,1.248,1.39,9.52,6.203,1.93,-0.03,0,0,0,19.3,20,20,20,18.6,18.6,17.3,19.7,18.6,17.3,20,19,16.3,20,19.7,19.3,19.3,20,18.3,19,18.3,20,19.7,20,18.6,18.3,20,19,20,20,19.3,18.3,19.7,20,19.3,18.3,19.3,19.7,18.3,19.3,18.3,19.3,18.6,18.3,18.6,19.3,18.3,17862288,20184385,37364,24,False
Club E AMR 2,ClubE-AMR-2,Example League,2024/25,Club E,AMR,934,24,0.371,0.348,0.431,2.112,0.971,0.333,0.326,0.277,1.843,1.843,5.094,4.053,4.2,2.1,1.5,1.566,1.357,0.728,1.93,1.218,1.357,9.38,6.056,1.89,-0.03,0,0,0,18.8,20,20,19.5,18.1,18.1,16.8,19.2,18.1,16.8,20,18.5,15.8,20,19.2,18.8,18.8,19.5,17.8,18.5,17.8,20,19.2,20,18.1,17.8,20,18.5,20,20,18.8,17.8,19.2,20,18.8,17.8,18.8,19.2,17.8,18.8,17.8,18.8,18.1,17.8,18.1,18.8,17.8,14258088,16111639,34313,30,False
Club E ST 1,ClubE-ST-1,Example League,2024/25,Club E,ST,2598,22,0.54,0.508,0.604,3.128,1.439,0.486,0.153,0.13,0.959,0.959,7.32,4.5,0.6,1.365,0.1,1.572,1.327,0.731,2.03,1.35,1.5,9.604,6.339,1.896,0.008,0,0,0,19.6,20,19.3,20,20,18.9,20,20,18.9,16.6,19.6,19.3,17.3,19.3,20,20,19.6,20,20,19.3,20,20,20,20,15.9,20,18.9,19.3,20,19.6,19.6,20,20,20,19.6,20,19.6,20,20,19.6,20,19.6,18.9,20,18.9,19.6,20,23303053,26915026,39692,30,False
Club E ST 2,ClubE-ST-2,Example League,2024/25,Club E,ST,945,25,0.54,0.508,0.604,3.128,1.439,0.486,0.147,0.125,0.941,0.941,7.32,4.5,0.6,1.34,0.1,1.545,1.312,0.718,2.005,1.35,1.5,9.464,6.246,1.866,0.043,0,0,0,19.1,19.8,18.8,20,20,18.4,20,19.5,18.4,16.1,19.1,18.8,16.8,18.8,19.5,20,19.1,20,19.8,18.8,19.8,19.5,19.5,20,15.4,19.8,18.4,18.8,20,19.1,19.1,20,19.5,20,19.1,20,19.1,19.5,19.8,19.1,19.8,19.1,18.4,19.8,18.4,19.1,19.8,18826192,21744252,36569,36,False
Club F GK 1,ClubF-GK-1,Example League,2024/25,Club F,GK,2410,26,0,0,0.024,0,0,0,0.005,0.004,0.02,0.02,0,0,2.1,0,0,0,0,0,0,0,0,0,0,0,0,2.418,84,0.5,15.3,16,15,15,16.4,16.4,15.3,15.7,16.4,15.3,15.3,15,16,15,15.7,20,15.3,15,20,20,16,15.7,15.7,15.3,16.4,16,16.4,15,15.3,15.3,15.3,16,15.7,15,15.3,16,20,20,20,18.3,20,20,20,20,20,18.3,20,12995432,14035067,36208,12,False
Club F GK 2,ClubF-GK-2,Example League,2024/25,Club F,GK,818,29,0,0,0.02,0,0,0,0.005,0.004,0.02,0.02,0,0,2.1,0,0,0,0,0,0,0,0,0,0,0,0,2.473,84,0.5,14.8,15.5,14.5,14.5,15.9,15.9,14.8,15.2,15.9,14.8,14.8,14.5,15.5,14.5,15.2,20,14.8,14.5,20,20,15.5,15.2,15.2,14.8,15.9,15.5,15.9,14.5,14.8,14.8,14.8,15.5,15.2,14.5,14.8,15.5,20,20,20,17.8,20,20,20,20,20,17.8,20,10495826,11335492,33250,18,False
Club F DC 1,ClubF-DC-1,Example League,2024/25,Club F,DC,2427,27,0.035,0.033,0.072,0.3,0.129,0.032,0.049,0.042,0.15,0.15,0.25,0.2,3.645,0.05,0.03,2.25,2.05,1.52,3.4,2.45,2.5,8.068,5.325,2.1,0.159,0,0,0,18.5,19.2,15.1,15.1,17.8,17.8,20,18.8,17.8,20,19.5,18.1,20,18.1,18.8,20,20,18.1,20,19.1,19.2,15.8,18.8,18.5,20,19.2,17.8,18.1,18.5,18.5,18.5,20,18.8,19.1,18.5,20,18.5,18.8,19.2,18.5,19.2,18.5,17.8,19.2,17.8,18.5,19.2,14945400,16514667,35745,18,False
Club F DC 2,ClubF-DC-2,Example League,2024/25,Club F,DC,829,30,0.035,0.033,0.068,0.3,0.128,0.032,0.048,0.041,0.15,0.15,0.25,0.2,3.59,0.05,0.03,2.25,2.05,1.52,3.4,2.45,2.5,7.928,5.232,2.1,0.194,0,0,0,18,18.7,14.6,14.6,17.3,17.3,20,18.3,17.3,20,19,17.6,20,17.6,18.3,20,20,17.6,20,18.6,18.7,15.3,18.3,18,20,18.7,17.3,17.6,18,18,18,20,18.3,18.6,18,20,18,18.3,18.7,18,18.7,18,17.3,18.7,17.3,18,18.7,12200350,13481387,32767,24,False
Club F DL 1,ClubF-DL-1,Example League,2024/25,Club F,DL,2444,28,0.015,0.014,0.069,0.35,0.161,0.014,0.16,0.136,0.98,0.98,0.6,1.1,5,1.142,2.1,1.734,1.45,0.812,2.145,1.338,1.487,8.6,5.676,2.082,-0.023,0,0,0,19.1,20,19.8,18.8,18.4,18.4,19.1,19.5,18.4,19.1,20,18.8,20,18.8,19.5,20,19.1,18.8,19.8,18.8,19.8,19.5,19.5,19.1,20,19.8,18.4,20,20,19.1,19.1,19.8,19.5,20,20,19.8,19.1,19.5,19.8,19.1,19.8,19.1,18.4,19.8,18.4,19.1,19.8,16976588,19183544,37790,24,False
Club F DL 2,ClubF-DL-2,Example League,2024/25,Club F,DL,840,31,0.015,0.014,0.065,0.35,0.161,0.014,0.158,0.134,0.973,0.973,0.6,1.1,4.94,1.122,2.1,1.719,1.438,0.804,2.095,1.308,1.455,8.6,5.635,2.064,0.008,0,0,0,18.6,20,19.3,18.3,17.9,17.9,18.6,19,17.9,18.6,19.6,18.3,20,18.3,19,19.6,18.6,18.3,19.3,18.3,19.3,19,19,18.6,20,19.3,17.9,20,20,18.6,18.6,19.3,19,20,20,19.3,18.6,19,19.3,18.6,19.3,18.6,17.9,19.3,17.9,18.6,19.3,14041788,15867220,34795,30,False
Club F DR 1,ClubF-DR-1,Example League,2024/25,Club F,DR,2461,29,0.015,0.014,0.068,0.35,0.161,0.014,0.159,0.135,0.978,0.978,0.6,1.1,4.985,1.134,2.1,1.729,1.447,0.81,2.125,1.326,1.474,8.6,5.666,2.076,-0.013,0,0,0,18.9,20,19.6,18.6,18.2,18.2,18.9,19.3,18.2,18.9,19.9,18.6,20,18.6,19.3,19.9,18.9,18.6,19.6,18.6,19.6,19.3,19.3,18.9,20,19.6,18.2,20,20,18.9,18.9,19.6,19.3,20,20,19.6,18.9,19.3,19.6,18.9,19.6,18.9,18.2,19.6,18.2,18.9,19.6,16285150,18809348,37107,30,False
Club F DR 2,ClubF-DR-2,Example League,2024/25,Club F,DR,851,20,0.015,0.014,0.064,0.35,0.161,0.014,0.156,0.133,0.969,0.969,0.6,1.1,4.91,1.114,2.1,1.71,1.429,0.8,2.075,1.296,1.442,8.6,5.614,2.054,0.022,0,0,0,18.4,20,19.1,18.1,17.7,17.7,18.4,18.8,17.7,18.4,19.4,18.1,20,18.1,18.8,19.4,18.4,18.1,19.1,18.1,19.1,18.8,18.8,18.4,19.9,19.1,17.7,20,20,18.4,18.4,19.1,18.8,20,20,19.1,18.4,18.8,19.1,18.4,19.1,18.4,17.7,19.1,17.7,18.4,19.1,15093600,17433108,34258,36,False
Club F DM 1,ClubF-DM-1,Example League,2024/25,Club F,DM,2478,30,0.077,0.072,0.127,0.681,0.313,0.069,0.16,0.136,1.18,1.18,0.7,0.8,6.1,0.749,0.15,2.25,1.45,0.82,2.17,1.314,1.461,8.6,5.676,2.1,0.029,0,0,0,18.7,19.4,18.3,18.3,18,18,18.7,19,18,20,20,18.3,20,20,19,20,18.7,18.3,20,20,19.4,19,19,18.7,20,20,20,20,18.7,18.7,18.7,19.4,19,18.3,20,20,18.7,19,19.4,18.7,19.4,18.7,18,19.4,18,18.7,19.4,15608088,18417544,36426,36,False
Club F DM 2,ClubF-DM-2,Example League,2024/25,Club F,DM,862,21,0.074,0.07,0.12,0.672,0.308,0.067,0.158,0.134,1.175,1.175,0.7,0.8,6.1,0.734,0.15,2.245,1.441,0.817,2.145,1.284,1.428,8.6,5.676,2.094,0.047,0,0,0,18.2,18.9,17.8,17.8,17.5,17.5,18.2,18.5,17.5,20,20,17.8,20,20,18.5,20,18.2,17.8,20,20,18.9,18.5,18.5,18.2,19.7,20,19.7,20,18.2,18.2,18.2,18.9,18.5,17.8,20,20,18.2,18.5,18.9,18.2,18.9,18.2,17.5,18.9,17.5,18.2,18.9,14239788,16802950,33562,12,False
Club F MC 1,ClubF-MC-1,Example League,2024/25,Club F,MC,2495,31,0.082,0.077,0.137,0.697,0.321,0.074,0.16,0.136,1.18,1.18,0.7,0.8,6.1,0.764,0.15,2.177,1.405,0.783,2.065,1.236,1.377,8.6,5.676,2.016,0.012,0,0,0,19.2,18.1,18.8,18.8,19.7,18.5,19.2,19,18.5,19.2,20,18.8,18.1,20,17.8,20,19.2,18.8,18.1,20,18.1,17.8,17.8,20,18.5,20,20,20,19.2,19.2,19.2,18.1,17.8,18.8,20,18.1,19.2,17.8,18.1,19.2,18.1,19.2,18.5,18.1,18.5,19.2,18.1,14945400,16141032,35745,12,False
Club F MC 2,ClubF-MC-2,Example League,2024/25,Club F,MC,873,22,0.081,0.076,0.131,0.692,0.318,0.073,0.16,0.136,1.18,1.18,0.7,0.8,6.1,0.749,0.15,2.15,1.39,0.77,2.015,1.206,1.344,8.6,5.676,1.986,0.029,0,0,0,18.7,17.6,18.3,18.3,19.2,18,18.7,18.5,18,18.7,20,18.3,17.6,20,17.3,20,18.7,18.3,17.6,20,17.6,17.3,17.3,19.9,18,19.8,20,20,18.7,18.7,18.7,17.6,17.3,18.3,20,17.6,18.7,17.3,17.6,18.7,17.6,18.7,18,17.6,18,18.7,17.6,13400350,14472378,32867,18,False
Club F AML 1,ClubF-AML-1,Example League,2024/25,Club F,AML,2512,20,0.374,0.352,0.438,2.122,0.976,0.337,0.326,0.277,1.843,1.843,5.118,4.07,4.2,2.1,1.5,1.614,1.399,0.752,1.995,1.254,1.396,9.548,6.244,1.944,-0.03,0,0,0,19.5,20,20,20,18.8,18.8,17.5,19.8,18.8,17.5,20,19.1,16.4,20,19.8,19.5,19.5,20,18.4,19.1,18.4,20,19.8,20,18.8,18.4,20,19.1,20,20,19.5,18.4,19.8,20,19.5,18.4,19.5,19.8,18.4,19.5,18.4,19.5,18.8,18.4,18.8,19.5,18.4,18656588,20615530,37930,18,False
Club F AML 2,ClubF-AML-2,Example League,2024/25,Club F,AML,884,23,0.371,0.349,0.432,2.114,0.972,0.334,0.326,0.277,1.843,1.843,5.098,4.056,4.2,2.1,1.5,1.579,1.369,0.734,1.945,1.224,1.364,9.408,6.096,1.904,-0.03,0,0,0,19,20,20,19.6,18.3,18.3,17,19.3,18.3,17,20,18.6,15.9,20,19.3,19,19,19.6,17.9,18.6,17.9,20,19.3,20,18.3,17.9,20,18.6,20,20,19,17.9,19.3,20,19,17.9,19,19.3,17.9,19,17.9,19,18.3,17.9,18.3,19,17.9,15001788,16576976,34875,24,False
Club F AMC 1,ClubF-AMC-1,Example League,2024/25,Club F,AMC,2529,21,0.373,0.351,0.437,2.12,0.975,0.336,0.326,0.277,1.843,1.843,5.113,4.067,4.2,2.1,1.5,1.6,1.387,0.745,1.975,1.242,1.383,9.492,6.185,1.928,-0.03,0,0,0,19.3,20,20,19.9,18.6,18.6,17.3,19.6,18.6,17.3,20,18.9,16.2,20,19.6,19.3,19.3,19.9,18.2,18.9,18.2,20,19.6,20,18.6,18.2,20,18.9,20,20,19.3,18.2,19.6,20,19.3,18.2,19.3,19.6,18.2,19.3,18.2,19.3,18.6,18.2,18.6,19.3,18.2,17725150,20029420,37227,24,False
Club F AMC 2,ClubF-AMC-2,Example League,2024/25,Club F,AMC,895,24,0.37,0.348,0.429,2.109,0.97,0.333,0.326,0.277,1.843,1.843,5.089,4.049,4.2,2.1,1.5,1.565,1.357,0.727,1.925,1.212,1.351,9.352,6.038,1.888,-0.03,0,0,0,18.8,20,20,19.4,18.1,18.1,16.8,19.1,18.1,16.8,20,18.4,15.7,20,19.1,18.8,18.8,19.4,17.7,18.4,17.7,20,19.1,20,18.1,17.7,20,18.4,20,20,18.8,17.7,19.1,20,18.8,17.7,18.8,19.1,17.7,18.8,17.7,18.8,18.1,17.7,18.1,18.8,17.7,14133600,15970968,34178,30,False
Club F AMR 1,ClubF-AMR-1,Example League,2024/25,Club F,AMR,2546,22,0.372,0.35,0.434,2.116,0.973,0.335,0.326,0.277,1.843,1.843,5.103,4.06,4.2,2.1,1.5,1.58,1.369,0.735,1.95,1.23,1.37,9.436,6.115,1.906,-0.03,0,0,0,19,20,20,19.7,18.3,18.3,17,19.4,18.3,17,20,18.7,16,20,19.4,19,19,19.7,18,18.7,18,20,19.4,20,18.3,18,20,18.7,20,20,19,18,19.4,20,19,18,19,19.4,18,19,18,19,18.3,18,18.3,19,18,16808088,19413342,36526,30,False
Club F AMR 2,ClubF-AMR-2,Example League,2024/25,Club F,AMR,906,25,0.368,0.346,0.426,2.105,0.968,0.332,0.326,0.277,1.843,1.843,5.079,4.042,4.2,2.1,1.5,1.545,1.339,0.718,1.9,1.2,1.338,9.296,5.968,1.866,-0.03,0,0,0,18.5,20,20,19.2,17.8,17.8,16.5,18.9,17.8,16.5,20,18.2,15.5,20,18.9,18.5,18.5,19.2,17.5,18.2,17.5,20,18.9,20,17.8,17.5,20,18.2,20,20,18.5,17.5,18.9,20,18.5,17.5,18.5,18.9,17.5,18.5,17.5,18.5,17.8,17.5,17.8,18.5,17.5,13279788,15338155,33482,36,False
Club F ST 1,ClubF-ST-1,Example League,2024/25,Club F,ST,2563,23,0.54,0.508,0.604,3.128,1.439,0.486,0.14,0.119,0.919,0.919,7.32,4.5,0.6,1.305,0.1,1.514,1.294,0.702,1.975,1.35,1.5,9.268,6.117,1.83,0.089,0,0,0,18.5,19.2,18.1,20,20,17.8,19.5,18.8,17.8,15.5,18.5,18.1,16.2,18.1,18.8,20,18.5,20,19.2,18.1,19.2,18.8,18.8,20,14.8,19.2,17.8,18.1,20,18.5,18.5,20,18.8,20,18.5,20,18.5,18.8,19.2,18.5,19.2,18.5,17.8,19.2,17.8,18.5,19.2,18768372,22146679,36064,36,False
Club F ST 2,ClubF-ST-2,Example League,2024/25,Club F,ST,917,26,0.54,0.508,0.604,3.128,1.439,0.486,0.134,0.114,0.901,0.901,7.32,4.5,0.6,1.28,0.1,1.488,1.279,0.689,1.935,1.332,1.481,9.128,6.024,1.8,0.124,0,0,0,18,18.7,17.6,20,20,17.3,19,18.3,17.3,15,18,17.6,15.7,17.6,18.3,20,18,20,18.7,17.6,18.7,18.3,18.3,20,14.3,18.7,17.3,17.6,20,18,18,19.7,18.3,20,18,19.7,18,18.3,18.7,18,18.7,18,17.3,18.7,17.3,18,18.7,14679613,17321943,32973,12,False
Club G GK 1,ClubG-GK-1,Example League,2024/25,Club G,GK,2375,27,0,0,0.022,0,0,0,0.005,0.004,0.02,0.02,0,0,2.1,0,0,0,0,0,0,0,0,0,0,0,0,2.433,84,0.5,15.1,15.8,14.7,14.7,16.1,16.1,15.1,15.4,16.1,15.1,15.1,14.7,15.8,14.7,15.4,20,15.1,14.7,20,20,15.8,15.4,15.4,15.1,16.1,15.8,16.1,14.7,15.1,15.1,15.1,15.8,15.4,14.7,15.1,15.8,20,20,20,18.1,20,20,20,20,20,18.1,20,12147962,13423498,35387,18,False
Club G GK 2,ClubG-GK-2,Example League,2024/25,Club G,GK,790,30,0,0,0.018,0,0,0,0.005,0.004,0.02,0.02,0,0,2.1,0,0,0,0,0,0,0,0,0,0,0,0,2.488,84,0.5,14.6,15.3,14.2,14.2,15.6,15.6,14.6,14.9,15.6,14.6,14.6,14.2,15.3,14.2,14.9,20,14.6,14.2,20,20,15.3,14.9,14.9,14.6,15.6,15.3,15.6,14.2,14.6,14.6,14.6,15.3,14.9,14.2,14.6,15.3,20,20,20,17.6,20,20,20,20,20,17.6,20,9907394,10947670,32451,24,False
Club G DC 1,ClubG-DC-1,Example League,2024/25,Club G,DC,2392,28,0.035,0.033,0.069,0.3,0.128,0.032,0.048,0.041,0.15,0.15,0.25,0.2,3.612,0.05,0.03,2.25,2.05,1.52,3.4,2.45,2.5,7.984,5.269,2.1,0.18,0,0,0,18.2,18.9,14.8,14.8,17.5,17.5,20,18.5,17.5,20,19.2,17.8,20,17.8,18.5,20,20,17.8,20,18.8,18.9,15.5,18.5,18.2,20,18.9,17.5,17.8,18.2,18.2,18.2,20,18.5,18.8,18.2,20,18.2,18.5,18.9,18.2,18.9,18.2,17.5,18.9,17.5,18.2,18.9,14169150,16011140,34931,24,False
Club G DC 2,ClubG-DC-2,Example League,2024/25,Club G,DC,801,31,0.035,0.033,0.066,0.3,0.127,0.032,0.047,0.04,0.15,0.15,0.25,0.2,3.557,0.05,0.03,2.25,2.05,1.52,3.4,2.45,2.5,7.844,5.177,2.1,0.211,0,0,0,17.7,18.4,14.4,14.4,17,17,20,18.1,17,20,18.7,17.3,20,17.3,18.1,20,20,17.3,20,18.3,18.4,15.1,18.1,17.7,20,18.4,17,17.3,17.7,17.7,17.7,20,18.1,18.3,17.7,20,17.7,18.1,18.4,17.7,18.4,17.7,17,18.4,17,17.7,18.4,11500000,12995000,31958,30,False
Club G DL 1,ClubG-DL-1,Example League,2024/25,Club G,DL,2409,29,0.015,0.014,0.06,0.35,0.16,0.014,0.154,0.131,0.962,0.962,0.6,1.1,4.85,1.094,2.1,1.689,1.405,0.789,2.035,1.272,1.416,8.544,5.537,2.03,0.054,0,0,0,18,20,18.6,17.6,17.3,17.3,18,18.3,17.3,18,19,17.6,20,17.6,18.3,19,18,17.6,18.7,17.6,18.7,18.3,18.3,18,19.5,18.7,17.3,19.8,20,18,18,18.7,18.3,19.8,20,18.7,18,18.3,18.7,18,18.7,18,17.3,18.7,17.3,18,18.7,13538088,15636492,34253,30,False
Club G DL 2,ClubG-DL-2,Example League,2024/25,Club G,DL,812,20,0.015,0.014,0.056,0.35,0.158,0.014,0.151,0.128,0.953,0.953,0.6,1.1,4.775,1.074,2.1,1.663,1.375,0.776,1.985,1.242,1.383,8.404,5.395,2,0.089,0,0,0,17.5,20,18.1,17.1,16.8,16.8,17.5,17.8,16.8,17.5,18.5,17.1,20,17.1,17.8,18.5,17.5,17.1,18.2,17.1,18.2,17.8,17.8,17.5,19,18.2,16.8,19.3,19.7,17.5,17.5,18.2,17.8,19.3,19.7,18.2,17.5,17.8,18.2,17.5,18.2,17.5,16.8,18.2,16.8,17.5,18.2,12612188,14567077,31426,36,False
Club G DR 1,ClubG-DR-1,Example League,2024/25,Club G,DR,2426,30,0.015,0.014,0.065,0.35,0.161,0.014,0.158,0.134,0.973,0.973,0.6,1.1,4.94,1.122,2.1,1.719,1.438,0.804,2.095,1.308,1.455,8.6,5.635,2.064,0.008,0,0,0,18.6,20,19.3,18.3,17.9,17.9,18.6,19,17.9,18.6,19.6,18.3,20,18.3,19,19.6,18.6,18.3,19.3,18.3,19.3,19,19,18.6,20,19.3,17.9,20,20,18.6,18.6,19.3,19,20,20,19.3,18.6,19,19.3,18.6,19.3,18.6,17.9,19.3,17.9,18.6,19.3,15474400,18259792,36290,36,False
Club G DR 2,ClubG-DR-2,Example League,2024/25,Club G,DR,823,21,0.015,0.014,0.061,0.35,0.16,0.014,0.155,0.132,0.966,0.966,0.6,1.1,4.88,1.102,2.1,1.699,1.417,0.795,2.055,1.284,1.428,8.6,5.593,2.042,0.04,0,0,0,18.2,20,18.8,17.8,17.5,17.5,18.2,18.5,17.5,18.2,19.2,17.8,20,17.8,18.5,19.2,18.2,17.8,18.9,17.8,18.9,18.5,18.5,18.2,19.7,18.9,17.5,20,20,18.2,18.2,18.9,18.5,20,20,18.9,18.2,18.5,18.9,18.2,18.9,18.2,17.5,18.9,17.5,18.2,18.9,14118750,16660125,33427,12,False
Club G DM 1,ClubG-DM-1,Example League,2024/25,Club G,DM,2443,31,0.076,0.071,0.124,0.677,0.311,0.068,0.159,0.135,1.178,1.178,0.7,0.8,6.1,0.743,0.15,2.248,1.447,0.819,2.155,1.296,1.442,8.6,5.676,2.098,0.036,0,0,0,18.4,19.1,18.1,18.1,17.7,17.7,18.4,18.8,17.7,20,20,18.1,20,20,18.8,20,18.4,18.1,20,20,19.1,18.8,18.8,18.4,19.9,20,19.9,20,18.4,18.4,18.4,19.1,18.8,18.1,20,20,18.4,18.8,19.1,18.4,19.1,18.4,17.7,19.1,17.7,18.4,19.1,14814587,15999754,35610,12,False
Club G DM 2,ClubG-DM-2,Example League,2024/25,Club G,DM,834,22,0.073,0.068,0.117,0.668,0.304,0.065,0.156,0.133,1.169,1.169,0.7,0.8,6.1,0.728,0.15,2.24,1.432,0.815,2.13,1.266,1.409,8.544,5.639,2.088,0.054,0,0,0,17.9,18.6,17.6,17.6,17.2,17.2,17.9,18.3,17.2,20,20,17.6,20,19.8,18.3,20,17.9,17.6,20,19.8,18.6,18.3,18.3,17.9,19.4,20,19.4,19.8,17.9,17.9,17.9,18.6,18.3,17.6,20,20,17.9,18.3,18.6,17.9,18.6,17.9,17.2,18.6,17.2,17.9,18.6,13282188,14344763,32732,18,False
Club G MC 1,ClubG-MC-1,Example League,2024/25,Club G,MC,2460,20,0.082,0.077,0.134,0.695,0.319,0.073,0.16,0.136,1.18,1.18,0.7,0.8,6.1,0.755,0.15,2.161,1.396,0.775,2.035,1.218,1.357,8.6,5.676,1.998,0.022,0,0,0,18.9,17.8,18.5,18.5,19.4,18.2,18.9,18.7,18.2,18.9,20,18.5,17.8,20,17.5,20,18.9,18.5,17.8,20,17.8,17.5,17.5,20,18.2,20,20,20,18.9,18.9,18.9,17.8,17.5,18.5,20,17.8,18.9,17.5,17.8,18.9,17.8,18.9,18.2,17.8,18.2,18.9,17.8,15849150,17513311,35071,18,False
Club G MC 2,ClubG-MC-2,Example League,2024/25,Club G,MC,845,23,0.079,0.074,0.128,0.687,0.316,0.071,0.159,0.135,1.178,1.178,0.7,0.8,6.1,0.743,0.15,2.135,1.381,0.762,1.985,1.188,1.325,8.6,5.676,1.968,0.036,0,0,0,18.4,17.3,18.1,18.1,18.9,17.7,18.4,18.2,17.7,18.4,20,18.1,17.3,20,17,20,18.4,18.1,17.3,20,17.3,17,17,19.6,17.7,19.5,19.9,20,18.4,18.4,18.4,17.3,17,18.1,20,17.3,18.4,17,17.3,18.4,17.3,18.4,17.7,17.3,17.7,18.4,17.3,12460000,13768300,32038,24,False
Club G AML 1,ClubG-AML-1,Example League,2024/25,Club G,AML,2477,21,0.367,0.345,0.423,2.101,0.966,0.33,0.325,0.276,1.839,1.839,5.069,4.035,4.2,2.1,1.488,1.531,1.327,0.711,1.88,1.188,1.325,9.24,5.91,1.85,-0.03,0,0,0,18.3,19.8,20,19,17.6,17.6,16.3,18.7,17.6,16.3,20,18,15.3,20,18.7,18.3,18.3,19,17.3,18,17.3,20,18.7,20,17.6,17.3,20,18,20,20,18.3,17.3,18.7,20,18.3,17.3,18.3,18.7,17.3,18.3,17.3,18.3,17.6,17.3,17.6,18.3,17.3,14978088,16925239,34373,24,False
Club G AML 2,ClubG-AML-2,Example League,2024/25,Club G,AML,856,24,0.364,0.342,0.416,2.091,0.962,0.327,0.318,0.271,1.819,1.819,5.045,4.018,4.2,2.1,1.458,1.496,1.297,0.693,1.83,1.158,1.292,9.1,5.766,1.81,-0.03,0,0,0,17.8,19.3,20,18.5,17.1,17.1,15.8,18.2,17.1,15.8,20,17.5,14.8,20,18.2,17.8,17.8,18.5,16.8,17.5,16.8,20,18.2,20,17.1,16.8,19.6,17.5,20,20,17.8,16.8,18.2,20,17.8,16.8,17.8,18.2,16.8,17.8,16.8,17.8,17.1,16.8,17.1,17.8,16.8,11652188,13166972,31346,30,False
Club G AMC 1,ClubG-AMC-1,Example League,2024/25,Club G,AMC,2494,22,0.371,0.349,0.432,2.114,0.972,0.334,0.326,0.277,1.843,1.843,5.098,4.056,4.2,2.1,1.5,1.579,1.369,0.734,1.945,1.224,1.364,9.408,6.096,1.904,-0.03,0,0,0,19,20,20,19.6,18.3,18.3,17,19.3,18.3,17,20,18.6,15.9,20,19.3,19,19,19.6,17.9,18.6,17.9,20,19.3,20,18.3,17.9,20,18.6,20,20,19,17.9,19.3,20,19,17.9,19,19.3,17.9,19,17.9,19,18.3,17.9,18.3,19,17.9,16674400,19258932,36390,30,False
Club G AMC 2,ClubG-AMC-2,Example League,2024/25,Club G,AMC,867,25,0.368,0.346,0.426,2.105,0.968,0.332,0.326,0.277,1.843,1.843,5.079,4.042,4.2,2.1,1.5,1.545,1.339,0.718,1.9,1.2,1.338,9.296,5.968,1.866,-0.03,0,0,0,18.5,20,20,19.2,17.8,17.8,16.5,18.9,17.8,16.5,20,18.2,15.5,20,18.9,18.5,18.5,19.2,17.5,18.2,17.5,20,18.9,20,17.8,17.5,20,18.2,20,20,18.5,17.5,18.9,20,18.5,17.5,18.5,18.9,17.5,18.5,17.5,18.5,17.8,17.5,17.8,18.5,17.5,13158750,15198356,33347,36,False
Club G AMR 1,ClubG-AMR-1,Example League,2024/25,Club G,AMR,2511,23,0.37,0.348,0.429,2.109,0.97,0.333,0.326,0.277,1.843,1.843,5.089,4.049,4.2,2.1,1.5,1.565,1.357,0.727,1.925,1.212,1.351,9.352,6.038,1.888,-0.03,0,0,0,18.8,20,20,19.4,18.1,18.1,16.8,19.1,18.1,16.8,20,18.4,15.7,20,19.1,18.8,18.8,19.4,17.7,18.4,17.7,20,19.1,20,18.1,17.7,20,18.4,20,20,18.8,17.7,19.1,20,18.8,17.7,18.8,19.1,17.7,18.8,17.7,18.8,18.1,17.7,18.1,18.8,17.7,15774587,18614013,35690,36,False
Club G AMR 2,ClubG-AMR-2,Example League,2024/25,Club G,AMR,878,26,0.366,0.344,0.422,2.099,0.965,0.33,0.324,0.275,1.836,1.836,5.064,4.032,4.2,2.1,1.482,1.53,1.327,0.71,1.875,1.182,1.318,9.212,5.892,1.848,-0.03,0,0,0,18.3,19.7,20,18.9,17.6,17.6,16.3,18.6,17.6,16.3,20,17.9,15.2,20,18.6,18.3,18.3,18.9,17.2,17.9,17.2,20,18.6,20,17.6,17.2,20,17.9,20,20,18.3,17.2,18.6,20,18.3,17.2,18.3,18.6,17.2,18.3,17.2,18.3,17.6,17.2,17.6,18.3,17.2,12322188,14540182,32652,12,False
Club G ST 1,ClubG-ST-1,Example League,2024/25,Club G,ST,2528,24,0.54,0.508,0.604,3.128,1.439,0.486,0.136,0.116,0.909,0.909,7.32,4.5,0.6,1.29,0.1,1.498,1.285,0.694,1.955,1.344,1.493,9.184,6.061,1.812,0.11,0,0,0,18.2,18.9,17.8,20,20,17.5,19.2,18.5,17.5,15.2,18.2,17.8,15.9,17.8,18.5,20,18.2,20,18.9,17.8,18.9,18.5,18.5,20,14.5,18.9,17.5,17.8,20,18.2,18.2,19.9,18.5,20,18.2,19.9,18.2,18.5,18.9,18.2,18.9,18.2,17.5,18.9,17.5,18.2,18.9,17569197,18974733,35214,12,False
Club G ST 2,ClubG-ST-2,Example League,2024/25,Club G,ST,889,27,0.54,0.508,0.604,3.128,1.439,0.486,0.13,0.111,0.891,0.891,7.32,4.5,0.6,1.265,0.1,1.472,1.27,0.681,1.905,1.314,1.461,9.044,5.969,1.782,0.145,0,0,0,17.7,18.4,17.3,20,20,17,18.7,18.1,17,14.7,17.7,17.3,15.4,17.3,18.1,20,17.7,20,18.4,17.3,18.4,18.1,18.1,20,14,18.4,17,17.3,20,17.7,17.7,19.4,18.1,20,17.7,19.4,17.7,18.1,18.4,17.7,18.4,17.7,17,18.4,17,17.7,18.4,13570000,14655600,32131,18,False
Club H GK 1,ClubH-GK-1,Example League,2024/25,Club H,GK,2340,28,0,0,0.019,0,0,0,0.005,0.004,0.02,0.02,0,0,2.1,0,0,0,0,0,0,0,0,0,0,0,0,2.448,84,0.5,14.8,15.5,14.4,14.4,15.8,15.8,14.8,15.1,15.8,14.8,14.8,14.4,15.5,14.4,15.1,20,14.8,14.4,20,20,15.5,15.1,15.1,14.8,15.8,15.5,15.8,14.4,14.8,14.8,14.8,15.5,15.1,14.4,14.8,15.5,20,20,20,17.8,20,20,20,20,20,17.8,20,11514266,13011121,34585,24,False
Club H GK 2,ClubH-GK-2,Example League,2024/25,Club H,GK,762,31,0,0,0.016,0,0,0,0.005,0.004,0.02,0.02,0,0,2.1,0,0,0,0,0,0,0,0,0,0,0,0,2.503,84,0.5,14.3,15,14,14,15.4,15.4,14.3,14.7,15.4,14.3,14.3,14,15,14,14.7,20,14.3,14,20,20,15,14.7,14.7,14.3,15.4,15,15.4,14,14.3,14.3,14.3,15,14.7,14,14.3,15,20,20,20,17.3,20,20,20,20,20,17.3,20,9335936,10549608,31653,30,False
Club H DC 1,ClubH-DC-1,Example League,2024/25,Club H,DC,2357,29,0.035,0.033,0.068,0.3,0.128,0.032,0.048,0.041,0.15,0.15,0.25,0.2,3.579,0.05,0.03,2.25,2.05,1.52,3.4,2.45,2.5,7.928,5.232,2.1,0.198,0,0,0,17.9,18.6,14.6,14.6,17.2,17.2,20,18.3,17.2,20,18.9,17.6,20,17.6,18.3,20,20,17.6,20,18.6,18.6,15.3,18.3,17.9,20,18.6,17.2,17.6,17.9,17.9,17.9,20,18.3,18.6,17.9,20,17.9,18.3,18.6,17.9,18.6,17.9,17.2,18.6,17.2,17.9,18.6,13413600,15492708,34118,30,False
Club H DC 2,ClubH-DC-2,Example League,2024/25,Club H,DC,773,20,0.035,0.033,0.064,0.3,0.126,0.032,0.047,0.04,0.15,0.15,0.25,0.2,3.524,0.05,0.03,2.245,2.041,1.517,3.4,2.45,2.5,7.788,5.14,2.094,0.232,0,0,0,17.4,18.1,14.1,14.1,16.7,16.7,20,17.8,16.7,20,18.4,17.1,20,17.1,17.8,20,20,17.1,20,18.1,18.1,14.8,17.8,17.4,19.7,18.1,16.7,17.1,17.4,17.4,17.4,20,17.8,18.1,17.4,20,17.4,17.8,18.1,17.4,18.1,17.4,16.7,18.1,16.7,17.4,18.1,12500350,14437904,31292,36,False
Club H DL 1,ClubH-DL-1,Example League,2024/25,Club H,DL,2374,30,0.015,0.014,0.057,0.35,0.159,0.014,0.152,0.129,0.957,0.957,0.6,1.1,4.805,1.082,2.1,1.673,1.387,0.782,2.005,1.254,1.396,8.46,5.452,2.012,0.075,0,0,0,17.7,20,18.3,17.3,17,17,17.7,18,17,17.7,18.7,17.3,20,17.3,18,18.7,17.7,17.3,18.4,17.3,18.4,18,18,17.7,19.2,18.4,17,19.5,19.9,17.7,17.7,18.4,18,19.5,19.9,18.4,17.7,18,18.4,17.7,18.4,17.7,17,18.4,17,17.7,18.4,12799787,15103749,33442,36,False
Club H DL 2,ClubH-DL-2,Example League,2024/25,Club H,DL,784,21,0.015,0.014,0.054,0.35,0.157,0.014,0.149,0.127,0.948,0.948,0.6,1.1,4.73,1.066,2.1,1.647,1.357,0.768,1.955,1.224,1.364,8.348,5.329,1.982,0.106,0,0,0,17.2,20,17.9,16.9,16.5,16.5,17.2,17.6,16.5,17.2,18.2,16.9,20,16.9,17.6,18.2,17.2,16.9,17.9,16.9,17.9,17.6,17.6,17.2,18.7,17.9,16.5,19.1,19.4,17.2,17.2,17.9,17.6,19.1,19.4,17.9,17.2,17.6,17.9,17.2,17.9,17.2,16.5,17.9,16.5,17.2,17.9,11709787,13817549,30601,12,False
Club H DR 1,ClubH-DR-1,Example League,2024/25,Club H,DR,2391,31,0.015,0.014,0.056,0.35,0.158,0.014,0.151,0.128,0.953,0.953,0.6,1.1,4.775,1.074,2.1,1.663,1.375,0.776,1.985,1.242,1.383,8.404,5.395,2,0.089,0,0,0,17.5,20,18.1,17.1,16.8,16.8,17.5,17.8,16.8,17.5,18.5,17.1,20,17.1,17.8,18.5,17.5,17.1,18.2,17.1,18.2,17.8,17.8,17.5,19,18.2,16.8,19.3,19.7,17.5,17.5,18.2,17.8,19.3,19.7,18.2,17.5,17.8,18.2,17.5,18.2,17.5,16.8,18.2,16.8,17.5,18.2,12200350,13176378,32767,12,False
Club H DR 2,ClubH-DR-2,Example League,2024/25,Club H,DR,795,22,0.015,0.014,0.052,0.35,0.156,0.014,0.147,0.125,0.942,0.942,0.6,1.1,4.7,1.054,2.092,1.635,1.345,0.762,1.935,1.212,1.351,8.264,5.256,1.968,0.124,0,0,0,17,19.9,17.6,16.6,16.3,16.3,17,17.3,16.3,17,18,16.6,19.9,16.6,17.3,18,17,16.6,17.7,16.6,17.7,17.3,17.3,17,18.5,17.7,16.3,18.8,19.2,17,17,17.7,17.3,18.8,19.2,17.7,17,17.3,17.7,17,17.7,17,16.3,17.7,16.3,17,17.7,10933600,11808288,29911,18,False
Club H DM 1,ClubH-DM-1,Example League,2024/25,Club H,DM,2408,20,0.074,0.069,0.12,0.671,0.307,0.066,0.158,0.134,1.173,1.173,0.7,0.8,6.1,0.734,0.15,2.243,1.438,0.817,2.14,1.278,1.422,8.6,5.676,2.092,0.047,0,0,0,18.1,18.8,17.8,17.8,17.4,17.4,18.1,18.5,17.4,20,20,17.8,20,20,18.5,20,18.1,17.8,20,20,18.8,18.5,18.5,18.1,19.6,20,19.6,20,18.1,18.1,18.1,18.8,18.5,17.8,20,20,18.1,18.5,18.8,18.1,18.8,18.1,17.4,18.8,17.4,18.1,18.8,15721787,17372575,34935,18,False
Club H DM 2,ClubH-DM-2,Example League,2024/25,Club H,DM,806,23,0.071,0.067,0.113,0.663,0.3,0.064,0.155,0.131,1.164,1.164,0.7,0.8,6.082,0.719,0.15,2.233,1.423,0.811,2.115,1.254,1.396,8.46,5.573,2.08,0.068,0,0,0,17.7,18.4,17.3,17.3,17,17,17.7,18,17,19.9,19.9,17.3,20,19.5,18,19.9,17.7,17.3,20,19.5,18.4,18,18,17.7,19.2,20,19.2,19.5,17.7,17.7,17.7,18.4,18,17.3,19.9,20,17.7,18,18.4,17.7,18.4,17.7,17,18.4,17,17.7,18.4,12345287,13641542,31904,24,False
Club H MC 1,ClubH-MC-1,Example League,2024/25,Club H,MC,2425,21,0.08,0.075,0.131,0.691,0.318,0.072,0.16,0.136,1.18,1.18,0.7,0.8,6.1,0.749,0.15,2.147,1.387,0.768,2.01,1.206,1.344,8.6,5.676,1.982,0.029,0,0,0,18.6,17.6,18.3,18.3,19.1,17.9,18.6,18.4,17.9,18.6,20,18.3,17.6,20,17.2,20,18.6,18.3,17.6,20,17.6,17.2,17.2,19.8,17.9,19.8,20,20,18.6,18.6,18.6,17.6,17.2,18.3,20,17.6,18.6,17.2,17.6,18.6,17.6,18.6,17.9,17.6,17.9,18.6,17.6,14853600,16784568,34238,24,False
Club H MC 2,ClubH-MC-2,Example League,2024/25,Club H,MC,817,24,0.077,0.073,0.124,0.682,0.312,0.07,0.158,0.134,1.173,1.173,0.7,0.8,6.1,0.734,0.15,2.121,1.372,0.755,1.96,1.176,1.312,8.6,5.676,1.952,0.047,0,0,0,18.1,17.1,17.8,17.8,18.6,17.4,18.1,17.9,17.4,18.1,20,17.8,17.1,20,16.7,20,18.1,17.8,17.1,20,17.1,16.7,16.7,19.3,17.4,19.3,19.6,20,18.1,18.1,18.1,17.1,16.7,17.8,20,17.1,18.1,16.7,17.1,18.1,17.1,18.1,17.4,17.1,17.4,18.1,17.1,11540350,13040596,31212,30,False
Club H AML 1,ClubH-AML-1,Example League,2024/25,Club H,AML,2442,22,0.365,0.343,0.419,2.095,0.964,0.328,0.321,0.273,1.828,1.828,5.054,4.025,4.2,2.1,1.47,1.51,1.309,0.7,1.85,1.17,1.305,9.156,5.823,1.826,-0.03,0,0,0,18,19.5,20,18.7,17.3,17.3,16,18.4,17.3,16,20,17.7,15,20,18.4,18,18,18.7,17,17.7,17,20,18.4,20,17.3,17,19.8,17.7,20,20,18,17,18.4,20,18,17,18,18.4,17,18,17,18,17.3,17,17.3,18,17,13999787,16169754,33542,30,False
Club H AML 2,ClubH-AML-2,Example League,2024/25,Club H,AML,828,25,0.359,0.338,0.409,2.078,0.956,0.323,0.313,0.266,1.801,1.801,5.015,3.997,4.2,2.079,1.44,1.481,1.285,0.685,1.805,1.14,1.273,9.016,5.691,1.792,-0.02,0,0,0,17.6,19,19.7,18.2,16.9,16.9,15.6,17.9,16.9,15.6,20,17.2,14.5,19.7,17.9,17.6,17.6,18.2,16.5,17.2,16.5,20,17.9,20,16.9,16.5,19.4,17.2,20,20,17.6,16.5,17.9,19.7,17.6,16.5,17.6,17.9,16.5,17.6,16.5,17.6,16.9,16.5,16.9,17.6,16.5,10749787,12416004,30521,36,False
Club H AMC 1,ClubH-AMC-1,Example League,2024/25,Club H,AMC,2459,23,0.364,0.342,0.416,2.091,0.962,0.327,0.318,0.271,1.819,1.819,5.045,4.018,4.2,2.1,1.458,1.496,1.297,0.693,1.83,1.158,1.292,9.1,5.766,1.81,-0.03,0,0,0,17.8,19.3,20,18.5,17.1,17.1,15.8,18.2,17.1,15.8,20,17.5,14.8,20,18.2,17.8,17.8,18.5,16.8,17.5,16.8,20,18.2,20,17.1,16.8,19.6,17.5,20,20,17.8,16.8,18.2,20,17.8,16.8,17.8,18.2,16.8,17.8,16.8,17.8,17.1,16.8,17.1,17.8,16.8,13160350,15529213,32847,36,False
Club H AMC 2,ClubH-AMC-2,Example League,2024/25,Club H,AMC,839,26,0.354,0.332,0.402,2.061,0.948,0.318,0.306,0.26,1.78,1.78,4.976,3.968,4.176,2.065,1.428,1.461,1.267,0.676,1.78,1.128,1.26,8.96,5.623,1.77,-0.006,0,0,0,17.3,18.8,19.5,18,16.6,16.6,15.3,17.7,16.6,15.3,19.8,17,14.3,19.5,17.7,17.3,17.3,18,16.3,17,16.3,20,17.7,19.8,16.6,16.3,19.1,17,19.8,19.8,17.3,16.3,17.7,19.5,17.3,16.3,17.3,17.7,16.3,17.3,16.3,17.3,16.6,16.3,16.6,17.3,16.3,9973600,11768848,29831,12,False
Club H AMR 1,ClubH-AMR-1,Example League,2024/25,Club H,AMR,2476,24,0.368,0.346,0.425,2.103,0.967,0.331,0.325,0.277,1.841,1.841,5.074,4.039,4.2,2.1,1.494,1.544,1.339,0.717,1.895,1.194,1.331,9.268,5.95,1.864,-0.03,0,0,0,18.5,19.9,20,19.1,17.8,17.8,16.5,18.8,17.8,16.5,20,18.1,15.4,20,18.8,18.5,18.5,19.1,17.4,18.1,17.4,20,18.8,20,17.8,17.4,20,18.1,20,20,18.5,17.4,18.8,20,18.5,17.4,18.5,18.8,17.4,18.5,17.4,18.5,17.8,17.4,17.8,18.5,17.4,14761787,15942730,34855,12,False
Club H AMR 2,ClubH-AMR-2,Example League,2024/25,Club H,AMR,850,27,0.365,0.343,0.419,2.095,0.964,0.328,0.321,0.273,1.828,1.828,5.054,4.025,4.2,2.1,1.47,1.51,1.309,0.7,1.85,1.17,1.305,9.156,5.823,1.826,-0.03,0,0,0,18,19.5,20,18.7,17.3,17.3,16,18.4,17.3,16,20,17.7,15,20,18.4,18,18,18.7,17,17.7,17,20,18.4,20,17.3,17,19.8,17.7,20,20,18,17,18.4,20,18,17,18,18.4,17,18,17,18,17.3,17,17.3,18,17,11385287,12296110,31824,18,False
Club H ST 1,ClubH-ST-1,Example League,2024/25,Club H,ST,2493,25,0.54,0.508,0.604,3.128,1.439,0.486,0.133,0.113,0.898,0.898,7.32,4.5,0.6,1.28,0.1,1.482,1.276,0.686,1.925,1.326,1.474,9.128,6.024,1.794,0.127,0,0,0,17.9,18.6,17.6,20,20,17.2,18.9,18.3,17.2,14.9,17.9,17.6,15.6,17.6,18.3,20,17.9,20,18.6,17.6,18.6,18.3,18.3,20,14.2,18.6,17.2,17.6,20,17.9,17.9,19.6,18.3,20,17.9,19.6,17.9,18.3,18.6,17.9,18.6,17.9,17.2,18.6,17.2,17.9,18.6,16394448,18115865,34366,18,False
Club H ST 2,ClubH-ST-2,Example League,2024/25,Club H,ST,861,28,0.54,0.508,0.604,3.128,1.439,0.486,0.127,0.108,0.88,0.88,7.32,4.5,0.6,1.255,0.1,1.456,1.261,0.673,1.875,1.296,1.442,8.988,5.932,1.764,0.162,0,0,0,17.4,18.1,17.1,20,19.7,16.7,18.4,17.8,16.7,14.4,17.4,17.1,15.1,17.1,17.8,20,17.4,20,18.1,17.1,18.1,17.8,17.8,20,13.7,18.1,16.7,17.1,20,17.4,17.4,19.1,17.8,20,17.4,19.1,17.4,17.8,18.1,17.4,18.1,17.4,16.7,18.1,16.7,17.4,18.1,12768013,14108654,31314,24,False
Club I GK 1,ClubI-GK-1,Example League,2024/25,Club I,GK,2305,29,0,0,0.01,0,0,0,0.005,0.004,0.02,0.02,0,0,2.068,0,0,0,0,0,0,0,0,0,0,0,0,2.513,84,0.5,13.6,14.3,13.3,13.3,14.7,14.7,13.6,14,14.7,13.6,13.6,13.3,14.3,13.3,14,19.6,13.6,13.3,20,19.3,14.3,14,14,13.6,14.7,14.3,14.7,13.3,13.6,13.6,13.6,14.3,14,13.3,13.6,14.3,19.6,20,20,16.6,20,19.6,20,20,20,16.6,20,8964394,10353875,31122,30,False
Club I GK 2,ClubI-GK-2,Example League,2024/25,Club I,GK,734,20,0,0,0.006,0,0,0,0.005,0.004,0.02,0.02,0,0,2.028,0,0,0,0,0,0,0,0,0,0,0,0,2.568,83.78,0.49,13.1,13.8,12.8,12.8,14.2,14.2,13.1,13.5,14.2,13.1,13.1,12.8,13.8,12.8,13.5,19.1,13.1,12.8,19.8,18.8,13.8,13.5,13.5,13.1,14.2,13.8,14.2,12.8,13.1,13.1,13.1,13.8,13.5,12.8,13.1,13.8,19.1,19.5,19.8,16.1,19.8,19.1,20,19.8,20,16.1,19.8,8433362,9740533,28328,36,False
Club I DC 1,ClubI-DC-1,Example League,2024/25,Club I,DC,2322,30,0.035,0.033,0.065,0.3,0.127,0.032,0.047,0.04,0.15,0.15,0.25,0.2,3.557,0.05,0.03,2.25,2.05,1.52,3.4,2.45,2.5,7.844,5.177,2.1,0.215,0,0,0,17.7,18.4,14.3,14.3,17,17,20,18,17,20,18.7,17.3,20,17.3,18,20,20,17.3,20,18.3,18.4,15,18,17.7,20,18.4,17,17.3,17.7,17.7,17.7,20,18,18.3,17.7,20,17.7,18,18.4,17.7,18.4,17.7,17,18.4,17,17.7,18.4,12678750,14960925,33307,36,False
Club I DC 2,ClubI-DC-2,Example League,2024/25,Club I,DC,745,21,0.035,0.033,0.061,0.3,0.125,0.032,0.046,0.039,0.15,0.15,0.25,0.2,3.502,0.05,0.03,2.241,2.035,1.516,3.4,2.45,2.5,7.704,5.085,2.09,0.25,0,0,0,17.2,17.9,13.8,13.8,16.5,16.5,20,17.5,16.5,20,18.2,16.8,20,16.8,17.5,20,20,16.8,20,17.8,17.9,14.5,17.5,17.2,19.5,17.9,16.5,16.8,17.2,17.2,17.2,20,17.5,17.8,17.2,20,17.2,17.5,17.9,17.2,17.9,17.2,16.5,17.9,16.5,17.2,17.9,11601400,13689652,30467,12,False
Club I DL 1,ClubI-DL-1,Example League,2024/25,Club I,DL,2339,31,0.015,0.014,0.056,0.35,0.158,0.014,0.15,0.128,0.951,0.951,0.6,1.1,4.76,1.074,2.1,1.657,1.369,0.774,1.975,1.236,1.377,8.404,5.385,1.994,0.092,0,0,0,17.4,20,18.1,17.1,16.7,16.7,17.4,17.8,16.7,17.4,18.4,17.1,20,17.1,17.8,18.4,17.4,17.1,18.1,17.1,18.1,17.8,17.8,17.4,18.9,18.1,16.7,19.3,19.6,17.4,17.4,18.1,17.8,19.3,19.6,18.1,17.4,17.8,18.1,17.4,18.1,17.4,16.7,18.1,16.7,17.4,18.1,12082188,13048763,32632,12,False
Club I DL 2,ClubI-DL-2,Example League,2024/25,Club I,DL,756,22,0.015,0.014,0.052,0.35,0.156,0.014,0.146,0.124,0.939,0.939,0.6,1.1,4.685,1.054,2.084,1.628,1.339,0.759,1.925,1.206,1.344,8.264,5.246,1.96,0.127,0,0,0,16.9,19.8,17.6,16.6,16.2,16.2,16.9,17.3,16.2,16.9,17.9,16.6,19.8,16.6,17.3,17.9,16.9,16.6,17.6,16.6,17.6,17.3,17.3,16.9,18.4,17.6,16.2,18.8,19.1,16.9,16.9,17.6,17.3,18.8,19.1,17.6,16.9,17.3,17.6,16.9,17.6,16.9,16.2,17.6,16.2,16.9,17.6,10828088,11694335,29777,18,False
Club I DR 1,ClubI-DR-1,Example League,2024/25,Club I,DR,2356,20,0.015,0.014,0.053,0.35,0.157,0.014,0.149,0.127,0.948,0.948,0.6,1.1,4.73,1.062,2.1,1.647,1.357,0.768,1.955,1.224,1.364,8.32,5.311,1.982,0.11,0,0,0,17.2,20,17.8,16.8,16.5,16.5,17.2,17.6,16.5,17.2,18.2,16.8,20,16.8,17.6,18.2,17.2,16.8,17.9,16.8,17.9,17.6,17.6,17.2,18.7,17.9,16.5,19,19.4,17.2,17.2,17.9,17.6,19,19.4,17.9,17.2,17.6,17.9,17.2,17.9,17.2,16.5,17.9,16.5,17.2,17.9,13180000,14563900,32098,18,False
Club I DR 2,ClubI-DR-2,Example League,2024/25,Club I,DR,767,23,0.015,0.014,0.05,0.35,0.155,0.014,0.144,0.122,0.931,0.931,0.6,1.1,4.655,1.046,2.068,1.614,1.327,0.752,1.905,1.194,1.331,8.208,5.191,1.944,0.142,0,0,0,16.7,19.6,17.4,16.4,16,16,16.7,17.1,16,16.7,17.7,16.4,19.6,16.4,17.1,17.7,16.7,16.4,17.4,16.4,17.4,17.1,17.1,16.7,18.2,17.4,16,18.6,18.9,16.7,16.7,17.4,17.1,18.6,18.9,17.4,16.7,17.1,17.4,16.7,17.4,16.7,16,17.4,16,16.7,17.4,10069150,11126411,29089,24,False
Club I DM 1,ClubI-DM-1,Example League,2024/25,Club I,DM,2373,21,0.067,0.063,0.104,0.65,0.29,0.06,0.146,0.124,1.139,1.139,0.7,0.8,5.956,0.698,0.15,2.194,1.381,0.792,2.045,1.212,1.351,8.264,5.375,2.036,0.117,0,0,0,17,17.7,16.6,16.6,16.3,16.3,17,17.3,16.3,19.2,19.2,16.6,19.9,18.8,17.3,19.2,17,16.6,19.9,18.8,17.7,17.3,17.3,17,18.5,19.9,18.5,18.8,17,17,17,17.7,17.3,16.6,19.2,19.9,17,17.3,17.7,17,17.7,17,16.3,17.7,16.3,17,17.7,12372188,13980572,31406,24,False
Club I DM 2,ClubI-DM-2,Example League,2024/25,Club I,DM,778,24,0.064,0.06,0.097,0.641,0.283,0.057,0.14,0.119,1.121,1.121,0.7,0.8,5.866,0.683,0.15,2.159,1.351,0.775,1.995,1.182,1.318,8.124,5.235,1.996,0.152,0,0,0,16.5,17.2,16.1,16.1,15.8,15.8,16.5,16.8,15.8,18.7,18.7,16.1,19.4,18.3,16.8,18.7,16.5,16.1,19.4,18.3,17.2,16.8,16.8,16.5,18,19.4,18,18.3,16.5,16.5,16.5,17.2,16.8,16.1,18.7,19.4,16.5,16.8,17.2,16.5,17.2,16.5,15.8,17.2,15.8,16.5,17.2,9324588,10536784,28402,30,False
Club I MC 1,ClubI-MC-1,Example League,2024/25,Club I,MC,2390,22,0.079,0.074,0.127,0.686,0.316,0.071,0.159,0.135,1.178,1.178,0.7,0.8,6.1,0.74,0.15,2.135,1.381,0.762,1.985,1.188,1.325,8.6,5.676,1.968,0.04,0,0,0,18.4,17.3,18,18,18.9,17.7,18.4,18.2,17.7,18.4,20,18,17.3,20,17,20,18.4,18,17.3,20,17.3,17,17,19.6,17.7,19.5,19.9,20,18.4,18.4,18.4,17.3,17,18,20,17.3,18.4,17,17.3,18.4,17.3,18.4,17.7,17.3,17.7,18.4,17.3,13878750,16029956,33407,30,False
Club I MC 2,ClubI-MC-2,Example League,2024/25,Club I,MC,789,25,0.076,0.071,0.12,0.677,0.308,0.068,0.156,0.133,1.169,1.169,0.7,0.8,6.1,0.725,0.15,2.108,1.366,0.749,1.935,1.158,1.292,8.516,5.621,1.938,0.057,0,0,0,17.9,16.8,17.5,17.5,18.4,17.2,17.9,17.7,17.2,17.9,20,17.5,16.8,19.7,16.5,20,17.9,17.5,16.8,19.7,16.8,16.5,16.5,19.1,17.2,19,19.4,19.7,17.9,17.9,17.9,16.8,16.5,17.5,20,16.8,17.9,16.5,16.8,17.9,16.8,17.9,17.2,16.8,17.2,17.9,16.8,10641400,12290817,30387,36,False
Club I AML 1,ClubI-AML-1,Example League,2024/25,Club I,AML,2407,23,0.362,0.34,0.413,2.086,0.96,0.326,0.317,0.269,1.814,1.814,5.035,4.011,4.2,2.093,1.452,1.495,1.297,0.692,1.825,1.152,1.285,9.072,5.748,1.808,-0.027,0,0,0,17.8,19.2,19.9,18.4,17.1,17.1,15.8,18.1,17.1,15.8,20,17.4,14.7,19.9,18.1,17.8,17.8,18.4,16.7,17.4,16.7,20,18.1,20,17.1,16.7,19.6,17.4,20,20,17.8,16.7,18.1,19.9,17.8,16.7,17.8,18.1,16.7,17.8,16.7,17.8,17.1,16.7,17.1,17.8,16.7,13042188,15389782,32712,36,False
Club I AML 2,ClubI-AML-2,Example League,2024/25,Club I,AML,800,26,0.352,0.331,0.4,2.057,0.944,0.317,0.305,0.259,1.776,1.776,4.966,3.962,4.176,2.058,1.422,1.46,1.267,0.675,1.775,1.122,1.253,8.932,5.606,1.768,-0.002,0,0,0,17.3,18.7,19.4,17.9,16.6,16.6,15.3,17.6,16.6,15.3,19.8,16.9,14.2,19.4,17.6,17.3,17.3,17.9,16.2,16.9,16.2,20,17.6,19.8,16.6,16.2,19.1,16.9,19.8,19.8,17.3,16.2,17.6,19.4,17.3,16.2,17.3,17.6,16.2,17.3,16.2,17.3,16.6,16.2,16.6,17.3,16.2,9868088,11644344,29697,12,False
Club I AMC 1,ClubI-AMC-1,Example League,2024/25,Club I,AMC,2424,24,0.359,0.338,0.409,2.078,0.956,0.323,0.312,0.265,1.798,1.798,5.015,3.997,4.2,2.079,1.44,1.479,1.282,0.684,1.805,1.14,1.273,9.016,5.691,1.79,-0.02,0,0,0,17.6,19,19.7,18.2,16.8,16.8,15.6,17.9,16.8,15.6,20,17.2,14.5,19.7,17.9,17.6,17.6,18.2,16.5,17.2,16.5,20,17.9,20,16.8,16.5,19.3,17.2,20,20,17.6,16.5,17.9,19.7,17.6,16.5,17.6,17.9,16.5,17.6,16.5,17.6,16.8,16.5,16.8,17.6,16.5,12220000,13197600,32018,12,False
Club I AMC 2,ClubI-AMC-2,Example League,2024/25,Club I,AMC,811,27,0.347,0.326,0.392,2.04,0.932,0.312,0.299,0.254,1.758,1.758,4.927,3.934,4.152,2.044,1.41,1.446,1.255,0.668,1.755,1.11,1.24,8.876,5.549,1.752,0.012,0,0,0,17.1,18.5,19.2,17.7,16.4,16.4,15.1,17.4,16.4,15.1,19.6,16.7,14,19.2,17.4,17.1,17.1,17.7,16,16.7,16,19.9,17.4,19.6,16.4,16,18.9,16.7,19.6,19.6,17.1,16,17.4,19.2,17.1,16,17.1,17.4,16,17.1,16,17.1,16.4,16,16.4,17.1,16,9109150,9837882,29009,18,False
Club I AMR 1,ClubI-AMR-1,Example League,2024/25,Club I,AMR,2441,25,0.354,0.332,0.402,2.061,0.948,0.318,0.306,0.26,1.78,1.78,4.976,3.968,4.176,2.065,1.428,1.461,1.267,0.676,1.78,1.128,1.26,8.96,5.623,1.77,-0.006,0,0,0,17.3,18.8,19.5,18,16.6,16.6,15.3,17.7,16.6,15.3,19.8,17,14.3,19.5,17.7,17.3,17.3,18,16.3,17,16.3,20,17.7,19.8,16.6,16.3,19.1,17,19.8,19.8,17.3,16.3,17.7,19.5,17.3,16.3,17.3,17.7,16.3,17.3,16.3,17.3,16.6,16.3,16.6,17.3,16.3,11412188,12610468,31326,18,False
Club I AMR 2,ClubI-AMR-2,Example League,2024/25,Club I,AMR,822,28,0.34,0.319,0.384,2.019,0.919,0.306,0.292,0.249,1.736,1.736,4.878,3.899,4.116,2.03,1.398,1.426,1.237,0.658,1.73,1.098,1.227,8.82,5.483,1.73,0.029,0,0,0,16.8,18.3,19,17.5,16.1,16.1,14.8,17.2,16.1,14.8,19.3,16.5,13.8,19,17.2,16.8,16.8,17.5,15.8,16.5,15.8,19.7,17.2,19.3,16.1,15.8,18.6,16.5,19.3,19.3,16.8,15.8,17.2,19,16.8,15.8,16.8,17.2,15.8,16.8,15.8,16.8,16.1,15.8,16.1,16.8,15.8,8604588,9508070,28342,24,False
Club I ST 1,ClubI-ST-1,Example League,2024/25,Club I,ST,2458,26,0.54,0.508,0.604,3.128,1.439,0.486,0.13,0.111,0.891,0.891,7.32,4.5,0.6,1.265,0.1,1.472,1.27,0.681,1.905,1.314,1.461,9.044,5.969,1.782,0.145,0,0,0,17.7,18.4,17.3,20,20,17,18.7,18,17,14.7,17.7,17.3,15.4,17.3,18,20,17.7,20,18.4,17.3,18.4,18,18,20,14,18.4,17,17.3,20,17.7,17.7,19.4,18,20,17.7,19.4,17.7,18,18.4,17.7,18.4,17.7,17,18.4,17,17.7,18.4,15244125,17225861,33520,24,False
Club I ST 2,ClubI-ST-2,Example League,2024/25,Club I,ST,833,29,0.538,0.505,0.6,3.12,1.435,0.484,0.124,0.106,0.873,0.873,7.301,4.488,0.6,1.24,0.1,1.446,1.255,0.668,1.855,1.284,1.428,8.904,5.877,1.752,0.18,0,0,0,17.2,17.9,16.8,19.8,19.5,16.5,18.2,17.5,16.5,14.2,17.2,16.8,14.9,16.8,17.5,20,17.2,19.8,17.9,16.8,17.9,17.5,17.5,20,13.5,17.9,16.5,16.8,20,17.2,17.2,18.9,17.5,19.8,17.2,18.9,17.2,17.5,17.9,17.2,17.9,17.2,16.5,17.9,16.5,17.2,17.9,11990452,13549211,30499,30,False
Club J GK 1,ClubJ-GK-1,Example League,2024/25,Club J,GK,2270,30,0,0,0.008,0,0,0,0.005,0.004,0.02,0.02,0,0,2.052,0,0,0,0,0,0,0,0,0,0,0,0,2.528,84,0.5,13.4,14.1,13,13,14.4,14.4,13.4,13.7,14.4,13.4,13.4,13,14.1,13,13.7,19.4,13.4,13,20,19,14.1,13.7,13.7,13.4,14.4,14.1,14.4,13,13.4,13.4,13.4,14.1,13.7,13,13.4,14.1,19.4,19.7,20,16.4,20,19.4,20,20,20,16.4,20,8421226,9937047,30327,36,False
Club J GK 2,ClubJ-GK-2,Example League,2024/25,Club J,GK,706,21,0,0,0.004,0,0,0,0.005,0.004,0.02,0.02,0,0,2.012,0,0,0,0,0,0,0,0,0,0,0,0,2.583,83.56,0.478,12.9,13.6,12.5,12.5,13.9,13.9,12.9,13.2,13.9,12.9,12.9,12.5,13.6,12.5,13.2,18.9,12.9,12.5,19.6,18.5,13.6,13.2,13.2,12.9,13.9,13.6,13.9,12.5,12.9,12.9,12.9,13.6,13.2,12.5,12.9,13.6,18.9,19.2,19.6,15.9,19.6,18.9,19.9,19.6,19.9,15.9,19.6,7755632,9151646,27521,12,False
Club J DC 1,ClubJ-DC-1,Example League,2024/25,Club J,DC,2287,31,0.035,0.033,0.056,0.3,0.123,0.032,0.045,0.038,0.15,0.15,0.25,0.2,3.425,0.05,0.03,2.212,1.999,1.501,3.375,2.45,2.5,7.508,4.91,2.056,0.299,0,0,0,16.5,17.2,13.1,13.1,15.8,15.8,19.5,16.8,15.8,19.5,17.5,16.1,20,16.1,16.8,19.5,19.5,16.1,20,17.1,17.2,13.8,16.8,16.5,18.8,17.2,15.8,16.1,16.5,16.5,16.5,20,16.8,17.1,16.5,20,16.5,16.8,17.2,16.5,17.2,16.5,15.8,17.2,15.8,16.5,17.2,9733600,10512288,29811,12,False
Club J DC 2,ClubJ-DC-2,Example League,2024/25,Club J,DC,717,22,0.034,0.032,0.051,0.3,0.122,0.031,0.044,0.037,0.15,0.15,0.25,0.2,3.37,0.05,0.03,2.18,1.969,1.485,3.335,2.432,2.481,7.368,4.774,2.02,0.334,0,0,0,16,16.7,12.6,12.6,15.3,15.3,19,16.3,15.3,19,17,15.6,19.7,15.6,16.3,19,19,15.6,19.7,16.6,16.7,13.3,16.3,16,18.3,16.7,15.3,15.6,16,16,16,19.7,16.3,16.6,16,19.7,16,16.3,16.7,16,16.7,16,15.3,16.7,15.3,16,16.7,8745150,9444762,26979,18,False
Club J DL 1,ClubJ-DL-1,Example League,2024/25,Club J,DL,2304,20,0.015,0.014,0.053,0.35,0.157,0.014,0.149,0.127,0.948,0.948,0.6,1.1,4.73,1.062,2.1,1.647,1.357,0.768,1.955,1.224,1.364,8.32,5.311,1.982,0.11,0,0,0,17.2,20,17.8,16.8,16.5,16.5,17.2,17.5,16.5,17.2,18.2,16.8,20,16.8,17.5,18.2,17.2,16.8,17.9,16.8,17.9,17.5,17.5,17.2,18.7,17.9,16.5,19,19.4,17.2,17.2,17.9,17.5,19,19.4,17.9,17.2,17.5,17.9,17.2,17.9,17.2,16.5,17.9,16.5,17.2,17.9,13065287,14437142,31964,18,False
Club J DL 2,ClubJ-DL-2,Example League,2024/25,Club J,DL,728,23,0.015,0.014,0.049,0.35,0.155,0.014,0.144,0.122,0.931,0.931,0.6,1.1,4.655,1.042,2.068,1.614,1.327,0.752,1.905,1.194,1.331,8.18,5.173,1.944,0.145,0,0,0,16.7,19.6,17.3,16.3,16,16,16.7,17,16,16.7,17.7,16.3,19.6,16.3,17,17.7,16.7,16.3,17.4,16.3,17.4,17,17,16.7,18.2,17.4,16,18.5,18.9,16.7,16.7,17.4,17,18.5,18.9,17.4,16.7,17,17.4,16.7,17.4,16.7,16,17.4,16,16.7,17.4,9967087,11013631,28956,24,False
Club J DR 1,ClubJ-DR-1,Example League,2024/25,Club J,DR,2321,21,0.015,0.014,0.052,0.35,0.156,0.014,0.146,0.124,0.939,0.939,0.6,1.1,4.685,1.054,2.084,1.628,1.339,0.759,1.925,1.206,1.344,8.264,5.246,1.96,0.127,0,0,0,16.9,19.8,17.6,16.6,16.2,16.2,16.9,17.3,16.2,16.9,17.9,16.6,19.8,16.6,17.3,17.9,16.9,16.6,17.6,16.6,17.6,17.3,17.3,16.9,18.4,17.6,16.2,18.8,19.1,16.9,16.9,17.6,17.3,18.8,19.1,17.6,16.9,17.3,17.6,16.9,17.6,16.9,16.2,17.6,16.2,16.9,17.6,12260350,13854196,31272,24,False
Club J DR 2,ClubJ-DR-2,Example League,2024/25,Club J,DR,739,24,0.015,0.014,0.048,0.35,0.154,0.014,0.14,0.119,0.921,0.921,0.6,1.1,4.61,1.034,2.044,1.593,1.309,0.741,1.875,1.176,1.312,8.124,5.108,1.92,0.162,0,0,0,16.4,19.3,17.1,16.1,15.7,15.7,16.4,16.8,15.7,16.4,17.4,16.1,19.3,16.1,16.8,17.4,16.4,16.1,17.1,16.1,17.1,16.8,16.8,16.4,17.9,17.1,15.7,18.3,18.6,16.4,16.4,17.1,16.8,18.3,18.6,17.1,16.4,16.8,17.1,16.4,17.1,16.4,15.7,17.1,15.7,16.4,17.1,9225400,10424702,28269,30,False
Club J DM 1,ClubJ-DM-1,Example League,2024/25,Club J,DM,2338,22,0.065,0.061,0.1,0.646,0.287,0.059,0.143,0.121,1.128,1.128,0.7,0.8,5.902,0.692,0.15,2.173,1.363,0.782,2.015,1.194,1.331,8.208,5.309,2.012,0.135,0,0,0,16.7,17.4,16.4,16.4,16,16,16.7,17.1,16,18.9,18.9,16.4,19.6,18.6,17.1,18.9,16.7,16.4,19.6,18.6,17.4,17.1,17.1,16.7,18.2,19.6,18.2,18.6,16.7,16.7,16.7,17.4,17.1,16.4,18.9,19.6,16.7,17.1,17.4,16.7,17.4,16.7,16,17.4,16,16.7,17.4,11469787,13247604,30581,30,False
Club J DM 2,ClubJ-DM-2,Example League,2024/25,Club J,DM,750,25,0.062,0.059,0.094,0.637,0.28,0.056,0.137,0.116,1.11,1.11,0.7,0.8,5.812,0.677,0.15,2.138,1.333,0.764,1.965,1.164,1.299,8.068,5.17,1.972,0.169,0,0,0,16.2,16.9,15.9,15.9,15.5,15.5,16.2,16.6,15.5,18.4,18.4,15.9,19.1,18.1,16.6,18.4,16.2,15.9,19.1,18.1,16.9,16.6,16.6,16.2,17.7,19.1,17.7,18.1,16.2,16.2,16.2,16.9,16.6,15.9,18.4,19.1,16.2,16.6,16.9,16.2,16.9,16.2,15.5,16.9,15.5,16.2,16.9,8498088,9815292,27583,36,False
Club J MC 1,ClubJ-MC-1,Example League,2024/25,Club J,MC,2355,23,0.072,0.067,0.11,0.665,0.298,0.064,0.149,0.126,1.146,1.146,0.7,0.8,5.992,0.704,0.15,2.061,1.327,0.725,1.865,1.116,1.247,8.32,5.431,1.884,0.103,0,0,0,17.2,16.1,16.8,16.8,17.7,16.5,17.2,17,16.5,17.2,19.4,16.8,16.1,19,15.8,19.4,17.2,16.8,16.1,19,16.1,15.8,15.8,18.4,16.5,18.3,18.7,19,17.2,17.2,17.2,16.1,15.8,16.8,19.4,16.1,17.2,15.8,16.1,17.2,16.1,17.2,16.5,16.1,16.5,17.2,16.1,10693600,12618448,29891,36,False
Club J MC 2,ClubJ-MC-2,Example League,2024/25,Club J,MC,761,26,0.069,0.064,0.103,0.656,0.291,0.062,0.143,0.121,1.128,1.128,0.7,0.8,5.902,0.689,0.15,2.026,1.297,0.708,1.815,1.086,1.214,8.18,5.291,1.844,0.138,0,0,0,16.7,15.6,16.3,16.3,17.2,16,16.7,16.5,16,16.7,18.9,16.3,15.6,18.5,15.3,18.9,16.7,16.3,15.6,18.5,15.6,15.3,15.3,17.9,16,17.8,18.2,18.5,16.7,16.7,16.7,15.6,15.3,16.3,18.9,15.6,16.7,15.3,15.6,16.7,15.6,16.7,16,15.6,16,16.7,15.6,7785150,9186477,26899,12,False
Club J AML 1,ClubJ-AML-1,Example League,2024/25,Club J,AML,2372,24,0.359,0.338,0.409,2.078,0.956,0.323,0.312,0.265,1.798,1.798,5.015,3.997,4.2,2.079,1.44,1.475,1.279,0.683,1.8,1.14,1.273,9.016,5.68,1.786,-0.02,0,0,0,17.5,19,19.7,18.2,16.8,16.8,15.5,17.9,16.8,15.5,20,17.2,14.5,19.7,17.9,17.5,17.5,18.2,16.5,17.2,16.5,20,17.9,20,16.8,16.5,19.3,17.2,20,20,17.5,16.5,17.9,19.7,17.5,16.5,17.5,17.9,16.5,17.5,16.5,17.5,16.8,16.5,16.8,17.5,16.5,12105287,13073710,31884,12,False
Club J AML 2,ClubJ-AML-2,Example League,2024/25,Club J,AML,772,27,0.345,0.325,0.391,2.036,0.93,0.311,0.298,0.253,1.754,1.754,4.917,3.927,4.14,2.044,1.41,1.44,1.249,0.665,1.75,1.11,1.24,8.876,5.539,1.746,0.015,0,0,0,17,18.5,19.2,17.7,16.3,16.3,15,17.4,16.3,15,19.5,16.7,14,19.2,17.4,17,17,17.7,16,16.7,16,19.9,17.4,19.5,16.3,16,18.8,16.7,19.5,19.5,17,16,17.4,19.2,17,16,17,17.4,16,17,16,17,16.3,16,16.3,17,16,9007087,9727654,28876,18,False
Club J AMC 1,ClubJ-AMC-1,Example League,2024/25,Club J,AMC,2389,25,0.352,0.331,0.4,2.057,0.944,0.317,0.305,0.259,1.776,1.776,4.966,3.962,4.176,2.058,1.422,1.46,1.267,0.675,1.775,1.122,1.253,8.932,5.606,1.768,-0.002,0,0,0,17.3,18.7,19.4,17.9,16.6,16.6,15.3,17.6,16.6,15.3,19.8,16.9,14.2,19.4,17.6,17.3,17.3,17.9,16.2,16.9,16.2,20,17.6,19.8,16.6,16.2,19.1,16.9,19.8,19.8,17.3,16.2,17.6,19.4,17.3,16.2,17.3,17.6,16.2,17.3,16.2,17.3,16.6,16.2,16.6,17.3,16.2,11300350,12486887,31192,18,False
Club J AMC 2,ClubJ-AMC-2,Example League,2024/25,Club J,AMC,783,28,0.338,0.318,0.382,2.015,0.915,0.304,0.291,0.247,1.731,1.731,4.868,3.892,4.116,2.023,1.392,1.425,1.237,0.657,1.725,1.092,1.221,8.792,5.465,1.728,0.033,0,0,0,16.8,18.2,18.9,17.4,16.1,16.1,14.8,17.1,16.1,14.8,19.3,16.4,13.7,18.9,17.1,16.8,16.8,17.4,15.7,16.4,15.7,19.6,17.1,19.3,16.1,15.7,18.6,16.4,19.3,19.3,16.8,15.7,17.1,18.9,16.8,15.7,16.8,17.1,15.7,16.8,15.7,16.8,16.1,15.7,16.1,16.8,15.7,8505400,9398467,28209,24,False
Club J AMR 1,ClubJ-AMR-1,Example League,2024/25,Club J,AMR,2406,26,0.347,0.326,0.392,2.04,0.932,0.312,0.299,0.254,1.758,1.758,4.927,3.934,4.152,2.044,1.41,1.446,1.255,0.668,1.755,1.11,1.24,8.876,5.549,1.752,0.012,0,0,0,17.1,18.5,19.2,17.7,16.4,16.4,15.1,17.4,16.4,15.1,19.6,16.7,14,19.2,17.4,17.1,17.1,17.7,16,16.7,16,19.9,17.4,19.6,16.4,16,18.9,16.7,19.6,19.6,17.1,16,17.4,19.2,17.1,16,17.1,17.4,16,17.1,16,17.1,16.4,16,16.4,17.1,16,10509787,11876059,30501,24,False
Club J AMR 2,ClubJ-AMR-2,Example League,2024/25,Club J,AMR,794,29,0.333,0.313,0.374,1.998,0.903,0.299,0.285,0.243,1.713,1.713,4.829,3.864,4.092,2.009,1.38,1.411,1.225,0.65,1.705,1.08,1.208,8.736,5.409,1.712,0.047,0,0,0,16.6,18,18.7,17.2,15.9,15.9,14.6,16.9,15.9,14.6,19.1,16.2,13.5,18.7,16.9,16.6,16.6,17.2,15.5,16.2,15.5,19.4,16.9,19.1,15.9,15.5,18.4,16.2,19.1,19.1,16.6,15.5,16.9,18.7,16.6,15.5,16.6,16.9,15.5,16.6,15.5,16.6,15.9,15.5,15.9,16.6,15.5,8018088,9060439,27543,30,False
Club J ST 1,ClubJ-ST-1,Example League,2024/25,Club J,ST,2423,27,0.517,0.486,0.574,3.055,1.405,0.465,0.116,0.098,0.847,0.847,7.138,4.386,0.6,1.205,0.1,1.4,1.219,0.645,1.785,1.242,1.383,8.708,5.695,1.7,0.229,0,0,0,16.5,17.2,16.1,19.1,18.8,15.8,17.5,16.8,15.8,13.5,16.5,16.1,14.2,16.1,16.8,19.5,16.5,19.1,17.2,16.1,17.2,16.8,16.8,19.5,12.8,17.2,15.8,16.1,19.5,16.5,16.5,18.2,16.8,19.1,16.5,18.2,16.5,16.8,17.2,16.5,17.2,16.5,15.8,17.2,15.8,16.5,17.2,11485648,13265923,29957,30,False
Club J ST 2,ClubJ-ST-2,Example League,2024/25,Club J,ST,805,30,0.499,0.469,0.552,2.997,1.379,0.449,0.11,0.093,0.829,0.829,6.994,4.296,0.6,1.18,0.1,1.365,1.189,0.628,1.735,1.212,1.351,8.568,5.552,1.66,0.264,0,0,0,16,16.7,15.6,18.6,18.3,15.3,17,16.3,15.3,13,16,15.6,13.7,15.6,16.3,19,16,18.6,16.7,15.6,16.7,16.3,16.3,19,12.3,16.7,15.3,15.6,19,16,16,17.7,16.3,18.6,16,17.7,16,16.3,16.7,16,16.7,16,15.3,16.7,15.3,16,16.7,8903277,10283285,26992,36,False
Club K GK 1,ClubK-GK-1,Example League,2024/25,Club K,GK,2235,31,0,0,0.006,0,0,0,0.005,0.004,0.02,0.02,0,0,2.028,0,0,0,0,0,0,0,0,0,0,0,0,2.543,83.78,0.49,13.1,13.8,12.7,12.7,14.1,14.1,13.1,13.4,14.1,13.1,13.1,12.7,13.8,12.7,13.4,19.1,13.1,12.7,19.8,18.7,13.8,13.4,13.4,13.1,14.1,13.8,14.1,12.7,13.1,13.1,13.1,13.8,13.4,12.7,13.1,13.8,19.1,19.4,19.8,16.1,19.8,19.1,20,19.8,20,16.1,19.8,7895032,8526635,29533,12,False
Club K GK 2,ClubK-GK-2,Example League,2024/25,Club K,GK,678,22,0,0,0.002,0,0,0,0.005,0.004,0.02,0.02,0,0,1.988,0,0,0,0,0,0,0,0,0,0,0,0,2.598,83.23,0.455,12.6,13.3,12.2,12.2,13.6,13.6,12.6,12.9,13.6,12.6,12.6,12.2,13.3,12.2,12.9,18.6,12.6,12.2,19.3,18.2,13.3,12.9,12.9,12.6,13.6,13.3,13.6,12.2,12.6,12.6,12.6,13.3,12.9,12.2,12.6,13.3,18.6,18.9,19.3,15.6,19.3,18.6,19.6,19.3,19.6,15.6,19.3,7094876,7662466,26716,18,False
Club K DC 1,ClubK-DC-1,Example League,2024/25,Club K,DC,2252,20,0.035,0.033,0.054,0.3,0.123,0.031,0.044,0.038,0.15,0.15,0.25,0.2,3.392,0.05,0.03,2.194,1.981,1.492,3.355,2.444,2.494,7.452,4.847,2.036,0.316,0,0,0,16.2,16.9,12.9,12.9,15.5,15.5,19.2,16.6,15.5,19.2,17.2,15.9,19.9,15.9,16.6,19.2,19.2,15.9,19.9,16.9,16.9,13.6,16.6,16.2,18.5,16.9,15.5,15.9,16.2,16.2,16.2,19.9,16.6,16.9,16.2,19.9,16.2,16.6,16.9,16.2,16.9,16.2,15.5,16.9,15.5,16.2,16.9,10789150,11922011,29149,18,False
Club K DC 2,ClubK-DC-2,Example League,2024/25,Club K,DC,689,23,0.034,0.032,0.049,0.3,0.121,0.03,0.043,0.037,0.15,0.15,0.25,0.2,3.337,0.05,0.03,2.159,1.951,1.475,3.305,2.414,2.461,7.312,4.712,1.996,0.352,0,0,0,15.7,16.4,12.4,12.4,15,15,18.7,16.1,15,18.7,16.7,15.4,19.4,15.4,16.1,18.7,18.7,15.4,19.4,16.4,16.4,13.1,16.1,15.7,18,16.4,15,15.4,15.7,15.7,15.7,19.4,16.1,16.4,15.7,19.4,15.7,16.1,16.4,15.7,16.4,15.7,15,16.4,15,15.7,16.4,7956600,8792043,26163,24,False
Club K DL 1,ClubK-DL-1,Example League,2024/25,Club K,DL,2269,21,0.015,0.014,0.044,0.35,0.153,0.014,0.135,0.115,0.906,0.906,0.6,1.1,4.55,1.014,2.012,1.565,1.285,0.727,1.835,1.152,1.285,7.984,4.982,1.888,0.194,0,0,0,16,18.9,16.6,15.6,15.3,15.3,16,16.3,15.3,16,17,15.6,18.9,15.6,16.3,17,16,15.6,16.7,15.6,16.7,16.3,16.3,16,17.5,16.7,15.3,17.8,18.2,16,16,16.7,16.3,17.8,18.2,16.7,16,16.3,16.7,16,16.7,16,15.3,16.7,15.3,16,16.7,10044588,11350384,28462,24,False
Club K DL 2,ClubK-DL-2,Example League,2024/25,Club K,DL,700,24,0.015,0.014,0.04,0.35,0.151,0.014,0.129,0.11,0.888,0.888,0.6,1.1,4.475,0.994,1.972,1.53,1.255,0.71,1.785,1.122,1.253,7.844,4.848,1.848,0.229,0,0,0,15.5,18.4,16.1,15.1,14.8,14.8,15.5,15.8,14.8,15.5,16.5,15.1,18.4,15.1,15.8,16.5,15.5,15.1,16.2,15.1,16.2,15.8,15.8,15.5,17,16.2,14.8,17.3,17.7,15.5,15.5,16.2,15.8,17.3,17.7,16.2,15.5,15.8,16.2,15.5,16.2,15.5,14.8,16.2,14.8,15.5,16.2,7275288,8221075,25481,30,False
Club K DR 1,ClubK-DR-1,Example League,2024/25,Club K,DR,2286,22,0.015,0.014,0.049,0.35,0.155,0.014,0.144,0.122,0.931,0.931,0.6,1.1,4.655,1.042,2.068,1.614,1.327,0.752,1.905,1.194,1.331,8.18,5.173,1.944,0.145,0,0,0,16.7,19.6,17.3,16.3,16,16,16.7,17,16,16.7,17.7,16.3,19.6,16.3,17,17.7,16.7,16.3,17.4,16.3,17.4,17,17,16.7,18.2,17.4,16,18.5,18.9,16.7,16.7,17.4,17,18.5,18.9,17.4,16.7,17,17.4,16.7,17.4,16.7,16,17.4,16,16.7,17.4,11361400,13122417,30447,30,False
Club K DR 2,ClubK-DR-2,Example League,2024/25,Club K,DR,711,25,0.015,0.014,0.045,0.35,0.153,0.014,0.138,0.117,0.913,0.913,0.6,1.1,4.58,1.022,2.028,1.579,1.297,0.734,1.855,1.164,1.299,8.04,5.036,1.904,0.18,0,0,0,16.2,19.1,16.8,15.8,15.5,15.5,16.2,16.5,15.5,16.2,17.2,15.8,19.1,15.8,16.5,17.2,16.2,15.8,16.9,15.8,16.9,16.5,16.5,16.2,17.7,16.9,15.5,18,18.4,16.2,16.2,16.9,16.5,18,18.4,16.9,16.2,16.5,16.9,16.2,16.9,16.2,15.5,16.9,15.5,16.2,16.9,8402350,9704714,27450,36,False
Club K DM 1,ClubK-DM-1,Example League,2024/25,Club K,DM,2303,23,0.064,0.06,0.096,0.641,0.282,0.057,0.139,0.118,1.117,1.117,0.7,0.8,5.848,0.683,0.15,2.152,1.345,0.771,1.985,1.176,1.312,8.124,5.225,1.988,0.155,0,0,0,16.4,17.1,16.1,16.1,15.7,15.7,16.4,16.8,15.7,18.6,18.6,16.1,19.3,18.3,16.8,18.6,16.4,16.1,19.3,18.3,17.1,16.8,16.8,16.4,17.9,19.3,17.9,18.3,16.4,16.4,16.4,17.1,16.8,16.1,18.6,19.3,16.4,16.8,17.1,16.4,17.1,16.4,15.7,17.1,15.7,16.4,17.1,10588088,12493944,29757,36,False
Club K DM 2,ClubK-DM-2,Example League,2024/25,Club K,DM,722,26,0.061,0.057,0.089,0.632,0.275,0.054,0.133,0.113,1.099,1.099,0.7,0.8,5.758,0.668,0.15,2.117,1.315,0.754,1.935,1.146,1.279,7.984,5.087,1.948,0.19,0,0,0,15.9,16.6,15.6,15.6,15.2,15.2,15.9,16.3,15.2,18.1,18.1,15.6,18.8,17.8,16.3,18.1,15.9,15.6,18.8,17.8,16.6,16.3,16.3,15.9,17.4,18.8,17.4,17.8,15.9,15.9,15.9,16.6,16.3,15.6,18.1,18.8,15.9,16.3,16.6,15.9,16.6,15.9,15.2,16.6,15.2,15.9,16.6,7692288,9076900,26766,12,False
Club K MC 1,ClubK-MC-1,Example League,2024/25,Club K,MC,2320,24,0.07,0.066,0.107,0.66,0.294,0.063,0.145,0.123,1.135,1.135,0.7,0.8,5.938,0.698,0.15,2.042,1.309,0.716,1.84,1.104,1.234,8.264,5.365,1.862,0.12,0,0,0,16.9,15.9,16.6,16.6,17.4,16.2,16.9,16.7,16.2,16.9,19.1,16.6,15.9,18.8,15.5,19.1,16.9,16.6,15.9,18.8,15.9,15.5,15.5,18.1,16.2,18.1,18.4,18.8,16.9,16.9,16.9,15.9,15.5,16.6,19.1,15.9,16.9,15.5,15.9,16.9,15.9,16.9,16.2,15.9,16.2,16.9,15.9,9829150,10615482,29069,12,False
Club K MC 2,ClubK-MC-2,Example League,2024/25,Club K,MC,733,27,0.067,0.063,0.1,0.651,0.287,0.06,0.139,0.118,1.117,1.117,0.7,0.8,5.848,0.683,0.15,2.007,1.279,0.698,1.79,1.074,1.201,8.124,5.225,1.822,0.155,0,0,0,16.4,15.4,16.1,16.1,16.9,15.7,16.4,16.2,15.7,16.4,18.6,16.1,15.4,18.3,15,18.6,16.4,16.1,15.4,18.3,15.4,15,15,17.6,15.7,17.6,17.9,18.3,16.4,16.4,16.4,15.4,15,16.1,18.6,15.4,16.4,15,15.4,16.4,15.4,16.4,15.7,15.4,15.7,16.4,15.4,6996600,7556328,26083,18,False
Club K AML 1,ClubK-AML-1,Example League,2024/25,Club K,AML,2337,25,0.326,0.306,0.366,1.977,0.89,0.293,0.278,0.237,1.691,1.691,4.78,3.829,4.056,1.995,1.368,1.391,1.207,0.641,1.68,1.068,1.195,8.68,5.343,1.69,0.064,0,0,0,16.3,17.8,18.5,17,15.6,15.6,14.3,16.7,15.6,14.3,18.8,16,13.3,18.5,16.7,16.3,16.3,17,15.3,16,15.3,19.2,16.7,18.8,15.6,15.3,18.1,16,18.8,18.8,16.3,15.3,16.7,18.5,16.3,15.3,16.3,16.7,15.3,16.3,15.3,16.3,15.6,15.3,15.6,16.3,15.3,9084588,10038470,28382,18,False
Club K AML 2,ClubK-AML-2,Example League,2024/25,Club K,AML,744,28,0.312,0.293,0.348,1.935,0.861,0.281,0.264,0.225,1.646,1.646,4.682,3.759,3.996,1.96,1.338,1.356,1.177,0.623,1.63,1.038,1.162,8.54,5.206,1.65,0.099,0,0,0,15.8,17.3,18,16.5,15.1,15.1,13.8,16.2,15.1,13.8,18.3,15.5,12.8,18,16.2,15.8,15.8,16.5,14.8,15.5,14.8,18.7,16.2,18.3,15.1,14.8,17.6,15.5,18.3,18.3,15.8,14.8,16.2,18,15.8,14.8,15.8,16.2,14.8,15.8,14.8,15.8,15.1,14.8,15.1,15.8,14.8,6555288,7243593,25421,24,False
Club K AMC 1,ClubK-AMC-1,Example League,2024/25,Club K,AMC,2354,26,0.345,0.325,0.391,2.036,0.93,0.311,0.298,0.253,1.754,1.754,4.917,3.927,4.14,2.044,1.41,1.44,1.249,0.665,1.75,1.11,1.24,8.876,5.539,1.746,0.015,0,0,0,17,18.5,19.2,17.7,16.3,16.3,15,17.4,16.3,15,19.5,16.7,14,19.2,17.4,17,17,17.7,16,16.7,16,19.9,17.4,19.5,16.3,16,18.8,16.7,19.5,19.5,17,16,17.4,19.2,17,16,17,17.4,16,17,16,17,16.3,16,16.3,17,16,10401400,11753582,30367,24,False
Club K AMC 2,ClubK-AMC-2,Example League,2024/25,Club K,AMC,755,29,0.331,0.311,0.373,1.994,0.901,0.298,0.284,0.241,1.709,1.709,4.819,3.857,4.08,2.009,1.38,1.405,1.219,0.648,1.7,1.08,1.208,8.736,5.399,1.706,0.05,0,0,0,16.5,18,18.7,17.2,15.8,15.8,14.5,16.9,15.8,14.5,19,16.2,13.5,18.7,16.9,16.5,16.5,17.2,15.5,16.2,15.5,19.4,16.9,19,15.8,15.5,18.3,16.2,19,19,16.5,15.5,16.9,18.7,16.5,15.5,16.5,16.9,15.5,16.5,15.5,16.5,15.8,15.5,15.8,16.5,15.5,7922350,8952256,27410,30,False
Club K AMR 1,ClubK-AMR-1,Example League,2024/25,Club K,AMR,2371,27,0.338,0.318,0.382,2.015,0.915,0.304,0.291,0.247,1.731,1.731,4.868,3.892,4.116,2.023,1.392,1.425,1.237,0.657,1.725,1.092,1.221,8.792,5.465,1.728,0.033,0,0,0,16.8,18.2,18.9,17.4,16.1,16.1,14.8,17.1,16.1,14.8,19.3,16.4,13.7,18.9,17.1,16.8,16.8,17.4,15.7,16.4,15.7,19.6,17.1,19.3,16.1,15.7,18.6,16.4,19.3,19.3,16.8,15.7,17.1,18.9,16.8,15.7,16.8,17.1,15.7,16.8,15.7,16.8,16.1,15.7,16.1,16.8,15.7,9628088,11120442,29677,30,False
Club K AMR 2,ClubK-AMR-2,Example League,2024/25,Club K,AMR,766,30,0.324,0.305,0.364,1.973,0.886,0.292,0.277,0.235,1.686,1.686,4.77,3.822,4.056,1.988,1.362,1.39,1.207,0.64,1.675,1.062,1.188,8.652,5.326,1.688,0.068,0,0,0,16.3,17.7,18.4,16.9,15.6,15.6,14.3,16.6,15.6,14.3,18.8,15.9,13.2,18.4,16.6,16.3,16.3,16.9,15.2,15.9,15.2,19.1,16.6,18.8,15.6,15.2,18.1,15.9,18.8,18.8,16.3,15.2,16.6,18.4,16.3,15.2,16.3,16.6,15.2,16.3,15.2,16.3,15.6,15.2,15.6,16.3,15.2,7452288,8607393,26746,36,False
Club K ST 1,ClubK-ST-1,Example League,2024/25,Club K,ST,2388,28,0.508,0.477,0.563,3.024,1.391,0.457,0.112,0.095,0.837,0.837,7.061,4.338,0.6,1.195,0.1,1.379,1.201,0.635,1.755,1.224,1.364,8.652,5.627,1.676,0.246,0,0,0,16.2,16.9,15.9,18.9,18.5,15.5,17.2,16.6,15.5,13.2,16.2,15.9,13.9,15.9,16.6,19.2,16.2,18.9,16.9,15.9,16.9,16.6,16.6,19.2,12.5,16.9,15.5,15.9,19.2,16.2,16.2,17.9,16.6,18.9,16.2,17.9,16.2,16.6,16.9,16.2,16.9,16.2,15.5,16.9,15.5,16.2,16.9,10748797,12683580,29146,36,False
Club K ST 2,ClubK-ST-2,Example League,2024/25,Club K,ST,777,31,0.49,0.46,0.541,2.967,1.365,0.441,0.106,0.09,0.819,0.819,6.917,4.248,0.6,1.17,0.1,1.344,1.171,0.617,1.705,1.194,1.331,8.512,5.485,1.636,0.282,0,0,0,15.7,16.4,15.4,18.4,18,15,16.7,16.1,15,12.7,15.7,15.4,13.4,15.4,16.1,18.7,15.7,18.4,16.4,15.4,16.4,16.1,16.1,18.7,12,16.4,15,15.4,18.7,15.7,15.7,17.4,16.1,18.4,15.7,17.4,15.7,16.1,16.4,15.7,16.4,15.7,15,16.4,15,15.7,16.4,8255988,9742066,26188,12,False
Club L GK 1,ClubL-GK-1,Example League,2024/25,Club L,GK,2200,20,0,0,0.004,0,0,0,0.005,0.004,0.02,0.02,0,0,2.004,0,0,0,0,0,0,0,0,0,0,0,0,2.558,83.45,0.473,12.8,13.5,12.5,12.5,13.9,13.9,12.8,13.2,13.9,12.8,12.8,12.5,13.5,12.5,13.2,18.8,12.8,12.5,19.5,18.5,13.5,13.2,13.2,12.8,13.9,13.5,13.9,12.5,12.8,12.8,12.8,13.5,13.2,12.5,12.8,13.5,18.8,19.2,19.5,15.8,19.5,18.8,19.9,19.5,19.9,15.8,19.5,8763412,9683570,28855,18,False
Club L GK 2,ClubL-GK-2,Example League,2024/25,Club L,GK,650,23,0,0,0,0,0,0,0.005,0.004,0.02,0.02,0,0,1.964,0,0,0,0,0,0,0,0,0,0,0,0,2.613,82.9,0.435,12.3,13,12,12,13.4,13.4,12.3,12.7,13.4,12.3,12.3,12,13,12,12.7,18.3,12.3,12,19,18,13,12.7,12.7,12.3,13.4,13,13.4,12,12.3,12.3,12.3,13,12.7,12,12.3,13,18.3,18.7,19,15.3,19,18.3,19.4,19,19.4,15.3,19,6451094,7128459,25913,24,False
Club L DC 1,ClubL-DC-1,Example League,2024/25,Club L,DC,2217,21,0.034,0.032,0.051,0.3,0.122,0.031,0.044,0.037,0.15,0.15,0.25,0.2,3.359,0.05,0.03,2.173,1.963,1.482,3.325,2.426,2.474,7.368,4.766,2.012,0.338,0,0,0,15.9,16.6,12.6,12.6,15.2,15.2,18.9,16.3,15.2,18.9,16.9,15.6,19.6,15.6,16.3,18.9,18.9,15.6,19.6,16.6,16.6,13.3,16.3,15.9,18.2,16.6,15.2,15.6,15.9,15.9,15.9,19.6,16.3,16.6,15.9,19.6,15.9,16.3,16.6,15.9,16.6,15.9,15.2,16.6,15.2,15.9,16.6,9945400,11238302,28329,24,False
Club L DC 2,ClubL-DC-2,Example League,2024/25,Club L,DC,661,24,0.033,0.031,0.046,0.3,0.12,0.03,0.043,0.037,0.15,0.15,0.25,0.2,3.315,0.05,0.03,2.145,1.939,1.468,3.285,2.402,2.448,7.228,4.64,1.98,0.369,0,0,0,15.5,16.2,12.1,12.1,14.8,14.8,18.5,15.8,14.8,18.5,16.5,15.1,19.2,15.1,15.8,18.5,18.5,15.1,19.2,16.1,16.2,12.8,15.8,15.5,17.8,16.2,14.8,15.1,15.5,15.5,15.5,19.2,15.8,16.1,15.5,19.2,15.5,15.8,16.2,15.5,16.2,15.5,14.8,16.2,14.8,15.5,16.2,7188750,8123288,25349,30,False
Club L DL 1,ClubL-DL-1,Example League,2024/25,Club L,DL,2234,22,0.015,0.014,0.042,0.35,0.152,0.014,0.132,0.112,0.895,0.895,0.6,1.1,4.505,1.006,1.988,1.544,1.267,0.717,1.805,1.134,1.266,7.928,4.919,1.864,0.212,0,0,0,15.7,18.6,16.4,15.4,15,15,15.7,16.1,15,15.7,16.7,15.4,18.6,15.4,16.1,16.7,15.7,15.4,16.4,15.4,16.4,16.1,16.1,15.7,17.2,16.4,15,17.6,17.9,15.7,15.7,16.4,16.1,17.6,17.9,16.4,15.7,16.1,16.4,15.7,16.4,15.7,15,16.4,15,15.7,16.4,9218088,10646892,27643,30,False
Club L DL 2,ClubL-DL-2,Example League,2024/25,Club L,DL,672,25,0.015,0.014,0.038,0.35,0.15,0.014,0.126,0.107,0.877,0.877,0.6,1.1,4.43,0.986,1.948,1.509,1.237,0.699,1.755,1.104,1.234,7.788,4.785,1.824,0.246,0,0,0,15.2,18.1,15.9,14.9,14.5,14.5,15.2,15.6,14.5,15.2,16.2,14.9,18.1,14.9,15.6,16.2,15.2,14.9,15.9,14.9,15.9,15.6,15.6,15.2,16.7,15.9,14.5,17.1,17.4,15.2,15.2,15.9,15.6,17.1,17.4,15.9,15.2,15.6,15.9,15.2,15.9,15.2,14.5,15.9,14.5,15.2,15.9,6524688,7536015,24669,36,False
Club L DR 1,ClubL-DR-1,Example League,2024/25,Club L,DR,2251,23,0.015,0.014,0.04,0.35,0.151,0.014,0.129,0.11,0.888,0.888,0.6,1.1,4.475,0.994,1.972,1.53,1.255,0.71,1.785,1.122,1.253,7.844,4.848,1.848,0.229,0,0,0,15.5,18.4,16.1,15.1,14.8,14.8,15.5,15.8,14.8,15.5,16.5,15.1,18.4,15.1,15.8,16.5,15.5,15.1,16.2,15.1,16.2,15.8,15.8,15.5,17,16.2,14.8,17.3,17.7,15.5,15.5,16.2,15.8,17.3,17.7,16.2,15.5,15.8,16.2,15.5,16.2,15.5,14.8,16.2,14.8,15.5,16.2,8505150,10036077,26959,36,False
Club L DR 2,ClubL-DR-2,Example League,2024/25,Club L,DR,683,26,0.015,0.014,0.037,0.35,0.149,0.014,0.123,0.105,0.87,0.87,0.6,1.1,4.4,0.978,1.932,1.495,1.225,0.692,1.735,1.092,1.221,7.704,4.715,1.808,0.26,0,0,0,15,17.9,15.7,14.7,14.3,14.3,15,15.4,14.3,15,16,14.7,17.9,14.7,15.4,16,15,14.7,15.7,14.7,15.7,15.4,15.4,15,16.5,15.7,14.3,16.8,17.2,15,15,15.7,15.4,16.8,17.2,15.7,15,15.4,15.7,15,15.7,15,14.3,15.7,14.3,15,15.7,5875000,6932500,23990,12,False
Club L DM 1,ClubL-DM-1,Example League,2024/25,Club L,DM,2268,24,0.062,0.058,0.092,0.636,0.279,0.056,0.137,0.116,1.11,1.11,0.7,0.8,5.812,0.674,0.15,2.138,1.333,0.764,1.965,1.164,1.299,8.04,5.152,1.972,0.173,0,0,0,16.2,16.9,15.8,15.8,15.5,15.5,16.2,16.5,15.5,18.4,18.4,15.8,19.1,18,16.5,18.4,16.2,15.8,19.1,18,16.9,16.5,16.5,16.2,17.7,19.1,17.7,18,16.2,16.2,16.2,16.9,16.5,15.8,18.4,19.1,16.2,16.5,16.9,16.2,16.9,16.2,15.5,16.9,15.5,16.2,16.9,9727087,10505254,28936,12,False
Club L DM 2,ClubL-DM-2,Example League,2024/25,Club L,DM,694,27,0.059,0.055,0.085,0.627,0.271,0.053,0.131,0.111,1.092,1.092,0.7,0.8,5.722,0.659,0.15,2.103,1.303,0.747,1.915,1.134,1.266,7.9,5.015,1.932,0.208,0,0,0,15.7,16.4,15.3,15.3,15,15,15.7,16,15,17.9,17.9,15.3,18.6,17.5,16,17.9,15.7,15.3,18.6,17.5,16.4,16,16,15.7,17.2,18.6,17.2,17.5,15.7,15.7,15.7,16.4,16,15.3,17.9,18.6,15.7,16,16.4,15.7,16.4,15.7,15,16.4,15,15.7,16.4,6907188,7459763,25951,18,False
Club L MC 1,ClubL-MC-1,Example League,2024/25,Club L,MC,2285,25,0.068,0.064,0.103,0.655,0.29,0.061,0.141,0.12,1.124,1.124,0.7,0.8,5.884,0.689,0.15,2.021,1.291,0.705,1.81,1.086,1.214,8.18,5.281,1.838,0.141,0,0,0,16.6,15.6,16.3,16.3,17.1,15.9,16.6,16.4,15.9,16.6,18.8,16.3,15.6,18.5,15.2,18.8,16.6,16.3,15.6,18.5,15.6,15.2,15.2,17.8,15.9,17.8,18.1,18.5,16.6,16.6,16.6,15.6,15.2,16.3,18.8,15.6,16.6,15.2,15.6,16.6,15.6,16.6,15.9,15.6,15.9,16.6,15.6,8985400,9928867,28249,18,False
Club L MC 2,ClubL-MC-2,Example League,2024/25,Club L,MC,705,28,0.065,0.061,0.096,0.646,0.283,0.059,0.136,0.116,1.108,1.108,0.7,0.8,5.794,0.674,0.15,1.989,1.264,0.69,1.765,1.056,1.182,8.04,5.142,1.802,0.176,0,0,0,16.2,15.1,15.8,15.8,16.7,15.5,16.2,16,15.5,16.2,18.3,15.8,15.1,18,14.8,18.3,16.2,15.8,15.1,18,15.1,14.8,14.8,17.3,15.5,17.3,17.7,18,16.2,16.2,16.2,15.1,14.8,15.8,18.3,15.1,16.2,14.8,15.1,16.2,15.1,16.2,15.5,15.1,15.5,16.2,15.1,6468750,7147969,25289,24,False
Club L AML 1,ClubL-AML-1,Example League,2024/25,Club L,AML,2302,26,0.319,0.3,0.356,1.956,0.874,0.287,0.271,0.231,1.668,1.668,4.731,3.794,4.032,1.974,1.35,1.376,1.195,0.633,1.655,1.05,1.175,8.596,5.271,1.672,0.082,0,0,0,16.1,17.5,18.2,16.7,15.4,15.4,14.1,16.4,15.4,14.1,18.6,15.7,13,18.2,16.4,16.1,16.1,16.7,15,15.7,15,18.9,16.4,18.6,15.4,15,17.9,15.7,18.6,18.6,16.1,15,16.4,18.2,16.1,15,16.1,16.4,15,16.1,15,16.1,15.4,15,15.4,16.1,15,8258088,9331639,27563,24,False
Club L AML 2,ClubL-AML-2,Example League,2024/25,Club L,AML,716,29,0.305,0.286,0.338,1.914,0.846,0.274,0.257,0.219,1.624,1.624,4.633,3.724,3.972,1.939,1.32,1.341,1.165,0.615,1.605,1.02,1.143,8.456,5.134,1.632,0.117,0,0,0,15.6,17,17.7,16.2,14.9,14.9,13.6,15.9,14.9,13.6,18.1,15.2,12.5,17.7,15.9,15.6,15.6,16.2,14.5,15.2,14.5,18.4,15.9,18.1,14.9,14.5,17.4,15.2,18.1,18.1,15.6,14.5,15.9,17.7,15.6,14.5,15.6,15.9,14.5,15.6,14.5,15.6,14.9,14.5,14.9,15.6,14.5,6044688,6830497,24629,30,False
Club L AMC 1,ClubL-AMC-1,Example League,2024/25,Club L,AMC,2319,27,0.312,0.293,0.348,1.935,0.861,0.281,0.264,0.225,1.646,1.646,4.682,3.759,3.996,1.96,1.338,1.356,1.177,0.623,1.63,1.038,1.162,8.54,5.206,1.65,0.099,0,0,0,15.8,17.3,18,16.5,15.1,15.1,13.8,16.2,15.1,13.8,18.3,15.5,12.8,18,16.2,15.8,15.8,16.5,14.8,15.5,14.8,18.7,16.2,18.3,15.1,14.8,17.6,15.5,18.3,18.3,15.8,14.8,16.2,18,15.8,14.8,15.8,16.2,14.8,15.8,14.8,15.8,15.1,14.8,15.1,15.8,14.8,7545150,8714648,26879,30,False
Club L AMC 2,ClubL-AMC-2,Example League,2024/25,Club L,AMC,727,30,0.299,0.281,0.331,1.897,0.835,0.269,0.252,0.214,1.606,1.606,4.594,3.696,3.948,1.925,1.308,1.327,1.153,0.608,1.585,1.008,1.13,8.4,5.08,1.616,0.131,0,0,0,15.4,16.8,17.5,16,14.7,14.7,13.4,15.7,14.7,13.4,17.9,15,12.3,17.5,15.7,15.4,15.4,16,14.3,15,14.3,18.2,15.7,17.9,14.7,14.3,17.2,15,17.9,17.9,15.4,14.3,15.7,17.5,15.4,14.3,15.4,15.7,14.3,15.4,14.3,15.4,14.7,14.3,14.7,15.4,14.3,5635000,6508425,23970,36,False
Club L AMR 1,ClubL-AMR-1,Example League,2024/25,Club L,AMR,2336,28,0.331,0.311,0.373,1.994,0.901,0.298,0.284,0.241,1.709,1.709,4.819,3.857,4.08,2.009,1.38,1.405,1.219,0.648,1.7,1.08,1.208,8.736,5.399,1.706,0.05,0,0,0,16.5,18,18.7,17.2,15.8,15.8,14.5,16.9,15.8,14.5,19,16.2,13.5,18.7,16.9,16.5,16.5,17.2,15.5,16.2,15.5,19.4,16.9,19,15.8,15.5,18.3,16.2,19,19,16.5,15.5,16.9,18.7,16.5,15.5,16.5,16.9,15.5,16.5,15.5,16.5,15.8,15.5,15.8,16.5,15.5,9007087,10628363,28876,36,False
Club L AMR 2,ClubL-AMR-2,Example League,2024/25,Club L,AMR,738,31,0.317,0.298,0.355,1.952,0.872,0.286,0.27,0.23,1.664,1.664,4.721,3.787,4.02,1.974,1.35,1.37,1.189,0.63,1.65,1.05,1.175,8.596,5.261,1.666,0.085,0,0,0,16,17.5,18.2,16.7,15.3,15.3,14,16.4,15.3,14,18.5,15.7,13,18.2,16.4,16,16,16.7,15,15.7,15,18.9,16.4,18.5,15.3,15,17.8,15.7,18.5,18.5,16,15,16.4,18.2,16,15,16,16.4,15,16,15,16,15.3,15,15.3,16,15,6907188,8150482,25951,12,False
Club L ST 1,ClubL-ST-1,Example League,2024/25,Club L,ST,2353,29,0.497,0.467,0.55,2.99,1.375,0.447,0.109,0.092,0.826,0.826,6.974,4.284,0.6,1.18,0.1,1.358,1.183,0.624,1.725,1.206,1.344,8.568,5.542,1.652,0.267,0,0,0,15.9,16.6,15.6,18.6,18.2,15.2,16.9,16.3,15.2,12.9,15.9,15.6,13.6,15.6,16.3,18.9,15.9,18.6,16.6,15.6,16.6,16.3,16.3,18.9,12.2,16.6,15.2,15.6,18.9,15.9,15.9,17.6,16.3,18.6,15.9,17.6,15.9,16.3,16.6,15.9,16.6,15.9,15.2,16.6,15.2,15.9,16.6,10036372,10839282,28336,12,False
Club L ST 2,ClubL-ST-2,Example League,2024/25,Club L,ST,749,20,0.481,0.452,0.53,2.94,1.352,0.433,0.104,0.088,0.811,0.811,6.85,4.206,0.6,1.155,0.1,1.33,1.159,0.61,1.685,1.182,1.318,8.428,5.411,1.62,0.299,0,0,0,15.5,16.2,15.1,18.1,17.8,14.8,16.5,15.8,14.8,12.5,15.5,15.1,13.2,15.1,15.8,18.5,15.5,18.1,16.2,15.1,16.2,15.8,15.8,18.5,11.8,16.2,14.8,15.1,18.5,15.5,15.5,17.2,15.8,18.1,15.5,17.2,15.5,15.8,16.2,15.5,16.2,15.5,14.8,16.2,14.8,15.5,16.2,9615525,10384767,25551,18,False
Club A GK 1,ClubA-GK-1,Example League,2025/26,Club A,GK,2585,22,0,0,0.046,0,0,0,0.005,0.004,0.02,0.02,0,0,2.1,0,0,0,0,0,0,0,0,0,0,0,0,2.293,84,0.5,18.1,18.8,17.8,17.8,17.4,17.4,18.1,18.5,17.4,18.1,18.1,17.8,18.8,17.8,18.5,20,18.1,17.8,20,20,18.8,18.5,18.5,18.1,17.4,18.8,17.4,17.8,18.1,18.1,18.1,18.8,18.5,17.8,18.1,18.8,20,20,20,20,20,20,20,20,20,20,20,19864982,21454181,43030,12,False
Club A GK 2,ClubA-GK-2,Example League,2025/26,Club A,GK,958,25,0,0,0.042,0,0,0,0.005,0.004,0.02,0.02,0,0,2.1,0,0,0,0,0,0,0,0,0,0,0,0,2.348,84,0.5,17.6,18.3,17.3,17.3,16.9,16.9,17.6,18,16.9,17.6,17.6,17.3,18.3,17.3,18,20,17.6,17.3,20,20,18.3,18,18,17.6,16.9,18.3,16.9,17.3,17.6,17.6,17.6,18.3,18,17.3,17.6,18.3,20,20,20,20,20,20,20,20,20,20,20,16453126,17769376,39996,18,False
Club A DC 1,ClubA-DC-1,Example League,2025/26,Club A,DC,2602,23,0.035,0.033,0.094,0.3,0.138,0.032,0.05,0.043,0.15,0.15,0.25,0.2,3.7,0.05,0.03,2.25,2.05,1.52,3.4,2.45,2.5,8.6,5.676,2.1,0.012,0,0,0,20,20,18.8,18.8,20,20,20,20,20,20,20,20,20,20,20,20,20,20,20,20,20,19.5,20,20,20,20,20,20,20,20,20,20,20,20,20,20,20,20,20,20,20,20,20,20,20,20,20,26491150,29272721,45458,18,False
Club A DC 2,ClubA-DC-2,Example League,2025/26,Club A,DC,969,26,0.035,0.033,0.092,0.3,0.138,0.032,0.05,0.043,0.15,0.15,0.25,0.2,3.7,0.05,0.03,2.25,2.05,1.52,3.4,2.45,2.5,8.6,5.676,2.1,0.029,0,0,0,20,20,18.3,18.3,20,20,20,20,20,20,20,20,20,20,20,20,20,20,20,20,20,19,20,20,20,20,20,20,20,20,20,20,20,20,20,20,20,20,20,20,20,20,20,20,20,20,20,22140600,24465363,42345,24,False
Club A DL 1,ClubA-DL-1,Example League,2025/26,Club A,DL,2619,24,0.015,0.014,0.079,0.35,0.161,0.014,0.16,0.136,0.98,0.98,0.6,1.1,5,1.15,2.1,1.75,1.45,0.82,2.2,1.35,1.5,8.6,5.676,2.1,-0.03,0,0,0,20,20,20,20,20,20,20,20,20,20,20,20,20,20,20,20,20,20,20,20,20,20,20,20,20,20,20,20,20,20,20,20,20,20,20,20,20,20,20,20,20,20,20,20,20,20,20,25401588,28703794,44742,24,False
Club A DL 2,ClubA-DL-2,Example League,2025/26,Club A,DL,980,27,0.015,0.014,0.079,0.35,0.161,0.014,0.16,0.136,0.98,0.98,0.6,1.1,5,1.15,2.1,1.75,1.45,0.82,2.2,1.35,1.5,8.6,5.676,2.1,-0.03,0,0,0,20,20,20,20,20,20,20,20,20,20,20,20,20,20,20,20,20,20,20,20,20,20,20,20,20,20,20,20,20,20,20,20,20,20,20,20,20,20,20,20,20,20,20,20,20,20,20,21114288,23859145,41635,30,False
Club A DR 1,ClubA-DR-1,Example League,2025/26,Club A,DR,2636,25,0.015,0.014,0.079,0.35,0.161,0.014,0.16,0.136,0.98,0.98,0.6,1.1,5,1.15,2.1,1.75,1.45,0.82,2.2,1.35,1.5,8.6,5.676,2.1,-0.03,0,0,0,20,20,20,20,20,20,20,20,20,20,20,20,20,20,20,20,20,20,20,20,20,20,20,20,20,20,20,20,20,20,20,20,20,20,20,20,20,20,20,20,20,20,20,20,20,20,20,24326400,28096992,44027,30,False
Club A DR 2,ClubA-DR-2,Example League,2025/26,Club A,DR,991,28,0.015,0.014,0.079,0.35,0.161,0.014,0.16,0.136,0.98,0.98,0.6,1.1,5,1.15,2.1,1.75,1.45,0.82,2.2,1.35,1.5,8.6,5.676,2.1,-0.03,0,0,0,20,20,20,20,20,20,20,20,20,20,20,20,20,20,20,20,20,20,20,20,20,20,20,20,20,20,20,20,20,20,20,20,20,20,20,20,20,20,20,20,20,20,20,20,20,20,20,20342350,23495414,40945,36,False
Club A DM 1,ClubA-DM-1,Example League,2025/26,Club A,DM,2653,26,0.086,0.081,0.15,0.708,0.326,0.077,0.16,0.136,1.18,1.18,0.7,0.8,6.1,0.8,0.15,2.25,1.45,0.82,2.2,1.35,1.5,8.6,5.676,2.1,-0.03,0,0,0,20,20,20,20,20,20,20,20,20,20,20,20,20,20,20,20,20,20,20,20,20,20,20,20,20,20,20,20,20,20,20,20,20,20,20,20,20,20,20,20,20,20,20,20,20,20,20,23265588,27453394,43314,36,False
Club A DM 2,ClubA-DM-2,Example League,2025/26,Club A,DM,1002,29,0.086,0.081,0.15,0.708,0.326,0.077,0.16,0.136,1.18,1.18,0.7,0.8,6.1,0.8,0.15,2.25,1.45,0.82,2.195,1.344,1.493,8.6,5.676,2.1,-0.03,0,0,0,20,19.9,20,20,20,20,20,20,20,20,20,20,20,20,20,20,20,20,20,20,19.9,20,20,20,20,20,20,20,20,20,20,19.9,20,20,20,20,20,20,19.9,20,19.9,20,20,19.9,20,20,19.9,19584788,23110050,40257,12,False
Club A MC 1,ClubA-MC-1,Example League,2025/26,Club A,MC,2670,27,0.086,0.081,0.15,0.708,0.326,0.077,0.16,0.136,1.18,1.18,0.7,0.8,6.1,0.8,0.15,2.25,1.45,0.82,2.2,1.35,1.5,8.6,5.676,2.1,-0.03,0,0,0,20,20,20,20,20,20,20,20,20,20,20,20,20,20,20,20,20,20,20,20,20,20,20,20,20,20,20,20,20,20,20,20,20,20,20,20,20,20,20,20,20,20,20,20,20,20,20,25531150,27573642,45378,12,False
Club A MC 2,ClubA-MC-2,Example League,2025/26,Club A,MC,1013,30,0.086,0.081,0.15,0.708,0.326,0.077,0.16,0.136,1.18,1.18,0.7,0.8,6.1,0.8,0.15,2.25,1.45,0.82,2.2,1.35,1.5,8.6,5.676,2.1,-0.03,0,0,0,20,20,20,20,20,20,20,20,20,20,20,20,20,20,20,20,20,20,20,20,20,20,20,20,20,20,20,20,20,20,20,20,20,20,20,20,20,20,20,20,20,20,20,20,20,20,20,21900600,23652648,42325,18,False
Club A AML 1,ClubA-AML-1,Example League,2025/26,Club A,AML,2687,28,0.374,0.352,0.438,2.122,0.976,0.337,0.326,0.277,1.843,1.843,5.118,4.07,4.2,2.1,1.5,1.736,1.45,0.813,2.2,1.35,1.5,9.8,6.468,2.084,-0.03,0,0,0,20,20,20,20,20,20,20,20,20,20,20,20,19.2,20,20,20,20,20,20,20,20,20,20,20,20,20,20,20,20,20,20,20,20,20,20,20,20,20,20,20,20,20,20,20,20,20,20,24681588,27273155,44682,18,False
Club A AML 2,ClubA-AML-2,Example League,2025/26,Club A,AML,1024,31,0.374,0.352,0.438,2.122,0.976,0.337,0.326,0.277,1.843,1.843,5.118,4.07,4.2,2.1,1.5,1.724,1.45,0.807,2.19,1.35,1.5,9.8,6.468,2.07,-0.03,0,0,0,20,20,20,20,20,20,19.8,20,20,19.8,20,20,18.7,20,20,20,20,20,20,20,20,20,20,20,20,20,20,20,20,20,20,20,20,20,20,20,20,20,20,20,20,20,20,20,20,20,20,21114288,23331288,41635,24,False
Club A AMC 1,ClubA-AMC-1,Example League,2025/26,Club A,AMC,2704,29,0.374,0.352,0.438,2.122,0.976,0.337,0.326,0.277,1.843,1.843,5.118,4.07,4.2,2.1,1.5,1.733,1.45,0.811,2.2,1.35,1.5,9.8,6.468,2.08,-0.03,0,0,0,20,20,20,20,20,20,20,20,20,20,20,20,19,20,20,20,20,20,20,20,20,20,20,20,20,20,20,20,20,20,20,20,20,20,20,20,20,20,20,20,20,20,20,20,20,20,20,23846400,26946432,43987,24,False
Club A AMC 2,ClubA-AMC-2,Example League,2025/26,Club A,AMC,1035,20,0.374,0.352,0.438,2.122,0.976,0.337,0.326,0.277,1.843,1.843,5.118,4.07,4.2,2.1,1.5,1.717,1.45,0.803,2.18,1.35,1.5,9.8,6.468,2.062,-0.03,0,0,0,20,20,20,20,20,20,19.6,20,20,19.6,20,20,18.5,20,20,20,20,20,20,20,20,20,20,20,20,20,20,20,20,20,20,20,20,20,20,20,20,20,20,20,20,20,20,20,20,20,20,22022350,24885256,41085,30,False
Club A AMR 1,ClubA-AMR-1,Example League,2025/26,Club A,AMR,2721,30,0.374,0.352,0.438,2.122,0.976,0.337,0.326,0.277,1.843,1.843,5.118,4.07,4.2,2.1,1.5,1.725,1.45,0.808,2.19,1.35,1.5,9.8,6.468,2.072,-0.03,0,0,0,20,20,20,20,20,20,19.8,20,20,19.8,20,20,18.8,20,20,20,20,20,20,20,20,20,20,20,20,20,20,20,20,20,20,20,20,20,20,20,20,20,20,20,20,20,20,20,20,20,20,23025588,26594554,43294,30,False
Club A AMR 2,ClubA-AMR-2,Example League,2025/26,Club A,AMR,1046,21,0.374,0.352,0.438,2.122,0.976,0.337,0.326,0.277,1.843,1.843,5.118,4.07,4.2,2.1,1.5,1.708,1.45,0.799,2.165,1.35,1.5,9.8,6.468,2.052,-0.03,0,0,0,20,20,20,20,20,20,19.3,19.9,20,19.3,20,20,18.3,20,19.9,20,20,20,20,20,20,20,19.9,20,20,20,20,20,20,20,20,20,19.9,20,20,20,20,19.9,20,20,20,20,20,20,20,20,20,21024788,24283630,40377,36,False
Club A ST 1,ClubA-ST-1,Example League,2025/26,Club A,ST,2738,31,0.54,0.508,0.604,3.128,1.439,0.486,0.162,0.138,0.986,0.986,7.32,4.5,0.6,1.4,0.1,1.676,1.405,0.783,2.16,1.35,1.5,9.8,6.468,2.016,-0.03,0,0,0,20,20,20,20,20,20,20,20,20,19.2,20,20,18.1,20,20,20,20,20,20,20,20,20,20,20,18.5,20,20,20,20,20,20,20,20,20,20,20,20,20,20,20,20,20,20,20,20,20,20,30126757,35549573,45761,36,False
Club A ST 2,ClubA-ST-2,Example League,2025/26,Club A,ST,1057,22,0.54,0.508,0.604,3.128,1.439,0.486,0.162,0.138,0.986,0.986,7.32,4.5,0.6,1.4,0.1,1.65,1.39,0.77,2.135,1.35,1.5,9.8,6.468,1.986,-0.03,0,0,0,20,20,20,20,20,20,20,20,20,18.7,20,20,17.6,20,20,20,20,20,20,20,20,20,20,20,18,20,20,20,20,20,20,20,20,20,20,20,20,20,20,20,20,20,20,20,20,20,20,27258708,32165275,42772,12,False
Club B GK 1,ClubB-GK-1,Example League,2025/26,Club B,GK,2550,23,0,0,0.044,0,0,0,0.005,0.004,0.02,0.02,0,0,2.1,0,0,0,0,0,0,0,0,0,0,0,0,2.308,84,0.5,17.9,18.6,17.5,17.5,17.2,17.2,17.9,18.2,17.2,17.9,17.9,17.5,18.6,17.5,18.2,20,17.9,17.5,20,20,18.6,18.2,18.2,17.9,17.2,18.6,17.2,17.5,17.9,17.9,17.9,18.6,18.2,17.5,17.9,18.6,20,20,20,20,20,20,20,20,20,20,20,18876062,20858049,42198,18,False
Club B GK 2,ClubB-GK-2,Example League,2025/26,Club B,GK,930,26,0,0,0.04,0,0,0,0.005,0.004,0.02,0.02,0,0,2.1,0,0,0,0,0,0,0,0,0,0,0,0,2.363,84,0.5,17.4,18.1,17,17,16.7,16.7,17.4,17.7,16.7,17.4,17.4,17,18.1,17,17.7,20,17.4,17,20,20,18.1,17.7,17.7,17.4,16.7,18.1,16.7,17,17.4,17.4,17.4,18.1,17.7,17,17.4,18.1,20,20,20,20,20,20,20,20,20,20,20,15526444,17156721,39169,24,False
Club B DC 1,ClubB-DC-1,Example League,2025/26,Club B,DC,2567,24,0.035,0.033,0.089,0.3,0.137,0.032,0.05,0.043,0.15,0.15,0.25,0.2,3.7,0.05,0.03,2.25,2.05,1.52,3.4,2.45,2.5,8.6,5.676,2.1,0.054,0,0,0,20,19.9,17.6,17.6,20,20,20,20,20,20,20,20,20,20,20,20,20,20,20,20,19.9,18.3,20,20,20,19.9,20,20,20,20,20,20,20,20,20,20,20,20,19.9,20,19.9,20,20,19.9,20,20,19.9,21990400,24849152,41833,24,False
Club B DC 2,ClubB-DC-2,Example League,2025/26,Club B,DC,941,27,0.035,0.033,0.088,0.3,0.136,0.032,0.05,0.043,0.15,0.15,0.25,0.2,3.7,0.05,0.03,2.25,2.05,1.52,3.4,2.45,2.5,8.6,5.676,2.1,0.068,0,0,0,20,19.5,17.2,17.2,19.8,19.8,20,20,19.8,20,20,20,20,20,20,20,20,20,20,20,19.5,17.8,20,20,20,19.5,19.8,20,20,20,20,20,20,20,20,20,20,20,19.5,20,19.5,20,19.8,19.5,19.8,20,19.5,17968750,20304688,38747,30,False
Club B DL 1,ClubB-DL-1,Example League,2025/26,Club B,DL,2584,25,0.015,0.014,0.079,0.35,0.161,0.014,0.16,0.136,0.98,0.98,0.6,1.1,5,1.15,2.1,1.75,1.45,0.82,2.2,1.35,1.5,8.6,5.676,2.1,-0.03,0,0,0,20,20,20,20,20,20,20,20,20,20,20,20,20,20,20,20,20,20,20,20,20,20,20,20,20,20,20,20,20,20,20,20,20,20,20,20,20,20,20,20,20,20,20,20,20,20,20,24161088,27906057,43888,30,False
Club B DL 2,ClubB-DL-2,Example League,2025/26,Club B,DL,952,28,0.015,0.014,0.079,0.35,0.161,0.014,0.16,0.136,0.98,0.98,0.6,1.1,5,1.15,2.1,1.75,1.45,0.82,2.2,1.35,1.5,8.6,5.676,2.1,-0.03,0,0,0,20,20,20,20,20,20,20,20,20,20,20,20,20,20,20,20,20,20,20,20,20,20,20,20,20,20,20,20,20,20,20,20,20,20,20,20,20,20,20,20,20,20,20,20,20,20,20,20189688,23319090,40807,36,False
Club B DR 1,ClubB-DR-1,Example League,2025/26,Club B,DR,2601,26,0.015,0.014,0.079,0.35,0.161,0.014,0.16,0.136,0.98,0.98,0.6,1.1,5,1.15,2.1,1.75,1.45,0.82,2.2,1.35,1.5,8.6,5.676,2.1,-0.03,0,0,0,20,20,20,20,20,20,20,20,20,20,20,20,20,20,20,20,20,20,20,20,20,20,20,20,20,20,20,20,20,20,20,20,20,20,20,20,20,20,20,20,20,20,20,20,20,20,20,23103150,27261717,43175,36,False
Club B DR 2,ClubB-DR-2,Example League,2025/26,Club B,DR,963,29,0.015,0.014,0.079,0.35,0.161,0.014,0.16,0.136,0.98,0.98,0.6,1.1,5,1.15,2.1,1.75,1.45,0.82,2.195,1.344,1.493,8.6,5.676,2.1,-0.03,0,0,0,20,20,20,20,20,20,20,20,20,20,20,20,20,20,20,20,20,20,19.9,20,19.9,20,20,20,20,19.9,20,20,20,20,20,19.9,20,20,20,19.9,20,20,19.9,20,19.9,20,20,19.9,20,20,19.9,19435000,22933300,40120,12,False
Club B DM 1,ClubB-DM-1,Example League,2025/26,Club B,DM,2618,27,0.086,0.081,0.15,0.708,0.326,0.077,0.16,0.136,1.18,1.18,0.7,0.8,6.1,0.8,0.15,2.25,1.45,0.82,2.2,1.35,1.5,8.6,5.676,2.1,-0.03,0,0,0,20,20,20,20,20,20,20,20,20,20,20,20,20,20,20,20,20,20,20,20,20,20,20,20,20,20,20,20,20,20,20,20,20,20,20,20,20,20,20,20,20,20,20,20,20,20,20,22059588,23824355,42463,12,False
Club B DM 2,ClubB-DM-2,Example League,2025/26,Club B,DM,974,30,0.086,0.081,0.15,0.708,0.326,0.077,0.16,0.136,1.18,1.18,0.7,0.8,6.1,0.8,0.15,2.25,1.45,0.82,2.185,1.332,1.481,8.6,5.676,2.1,-0.03,0,0,0,20,19.7,20,20,20,20,20,20,20,20,20,20,20,20,20,20,20,20,20,20,19.7,20,20,20,20,20,20,20,20,20,20,19.7,20,20,20,20,20,20,19.7,20,19.7,20,20,19.7,20,20,19.7,18694688,20190263,39433,18,False
Club B MC 1,ClubB-MC-1,Example League,2025/26,Club B,MC,2635,28,0.086,0.081,0.15,0.708,0.326,0.077,0.16,0.136,1.18,1.18,0.7,0.8,6.1,0.8,0.15,2.248,1.45,0.819,2.195,1.35,1.5,8.6,5.676,2.098,-0.03,0,0,0,19.9,20,20,20,20,20,19.9,20,20,19.9,20,20,20,20,20,20,19.9,20,20,20,20,20,20,20,20,20,20,20,19.9,19.9,19.9,20,20,20,20,20,19.9,20,20,19.9,20,19.9,20,20,20,19.9,20,21270400,23503792,41773,18,False
Club B MC 2,ClubB-MC-2,Example League,2025/26,Club B,MC,985,31,0.086,0.081,0.15,0.708,0.326,0.077,0.16,0.136,1.18,1.18,0.7,0.8,6.1,0.8,0.15,2.241,1.45,0.816,2.175,1.35,1.5,8.6,5.676,2.09,-0.03,0,0,0,19.5,20,20,20,20,20,19.5,20,20,19.5,20,20,20,20,19.8,20,19.5,20,20,20,20,19.8,19.8,20,20,20,20,20,19.5,19.5,19.5,20,19.8,20,20,20,19.5,19.8,20,19.5,20,19.5,20,20,20,19.5,20,17968750,19855469,38747,24,False
Club B AML 1,ClubB-AML-1,Example League,2025/26,Club B,AML,2652,29,0.374,0.352,0.438,2.122,0.976,0.337,0.326,0.277,1.843,1.843,5.118,4.07,4.2,2.1,1.5,1.733,1.45,0.811,2.2,1.35,1.5,9.8,6.468,2.08,-0.03,0,0,0,20,20,20,20,20,20,20,20,20,20,20,20,19,20,20,20,20,20,20,20,20,20,20,20,20,20,20,20,20,20,20,20,20,20,20,20,20,20,20,20,20,20,20,20,20,20,20,23681088,26759629,43848,24,False
Club B AML 2,ClubB-AML-2,Example League,2025/26,Club B,AML,996,20,0.374,0.352,0.438,2.122,0.976,0.337,0.326,0.277,1.843,1.843,5.118,4.07,4.2,2.1,1.5,1.715,1.45,0.803,2.175,1.35,1.5,9.8,6.468,2.06,-0.03,0,0,0,20,20,20,20,20,20,19.5,20,20,19.5,20,20,18.5,20,20,20,20,20,20,20,20,20,20,20,20,20,20,20,20,20,20,20,20,20,20,20,20,20,20,20,20,20,20,20,20,20,20,21869688,24712747,40947,30,False
Club B AMC 1,ClubB-AMC-1,Example League,2025/26,Club B,AMC,2669,30,0.374,0.352,0.438,2.122,0.976,0.337,0.326,0.277,1.843,1.843,5.118,4.07,4.2,2.1,1.5,1.724,1.45,0.807,2.19,1.35,1.5,9.8,6.468,2.07,-0.03,0,0,0,20,20,20,20,20,20,19.8,20,20,19.8,20,20,18.7,20,20,20,20,20,20,20,20,20,20,20,20,20,20,20,20,20,20,20,20,20,20,20,20,20,20,20,20,20,20,20,20,20,20,22863150,26406938,43155,30,False
Club B AMC 2,ClubB-AMC-2,Example League,2025/26,Club B,AMC,1007,21,0.374,0.352,0.438,2.122,0.976,0.337,0.326,0.277,1.843,1.843,5.118,4.07,4.2,2.1,1.5,1.708,1.45,0.799,2.165,1.35,1.5,9.8,6.468,2.052,-0.03,0,0,0,20,20,20,20,20,20,19.3,19.9,20,19.3,20,20,18.3,20,19.9,20,20,20,20,20,20,20,19.9,20,20,20,20,20,20,20,20,20,19.9,20,20,20,20,19.9,20,20,20,20,20,20,20,20,20,20875000,24110625,40240,36,False
Club B AMR 1,ClubB-AMR-1,Example League,2025/26,Club B,AMR,2686,31,0.374,0.352,0.438,2.122,0.976,0.337,0.326,0.277,1.843,1.843,5.118,4.07,4.2,2.1,1.5,1.717,1.45,0.803,2.18,1.35,1.5,9.8,6.468,2.062,-0.03,0,0,0,20,20,20,20,20,20,19.6,20,20,19.6,20,20,18.5,20,20,20,20,20,20,20,20,20,20,20,20,20,20,20,20,20,20,20,20,20,20,20,20,20,20,20,20,20,20,20,20,20,20,22059588,26030314,42463,36,False
Club B AMR 2,ClubB-AMR-2,Example League,2025/26,Club B,AMR,1018,22,0.374,0.352,0.438,2.122,0.976,0.337,0.326,0.277,1.843,1.843,5.118,4.07,4.2,2.1,1.5,1.699,1.45,0.795,2.155,1.35,1.5,9.8,6.468,2.042,-0.03,0,0,0,20,20,20,20,20,20,19.1,19.7,20,19.1,20,20,18,20,19.7,20,20,20,20,20,20,20,19.7,20,20,20,20,20,20,20,20,20,19.7,20,20,20,20,19.7,20,20,20,20,20,20,20,20,20,19894688,23475732,39533,12,False
Club B ST 1,ClubB-ST-1,Example League,2025/26,Club B,ST,2703,20,0.54,0.508,0.604,3.128,1.439,0.486,0.162,0.138,0.986,0.986,7.32,4.5,0.6,1.4,0.1,1.614,1.369,0.752,2.1,1.35,1.5,9.8,6.468,1.944,-0.03,0,0,0,20,19.9,20,20,20,20,20,20,20,18,20,20,16.9,20,20,20,20,20,19.9,20,19.9,20,20,20,17.3,19.9,20,20,20,20,20,20,20,20,20,20,20,20,19.9,20,19.9,20,20,19.9,20,20,19.9,27081472,29247990,42257,12,False
Club B ST 2,ClubB-ST-2,Example League,2025/26,Club B,ST,1029,23,0.54,0.508,0.604,3.128,1.439,0.486,0.161,0.137,0.982,0.982,7.32,4.5,0.6,1.4,0.1,1.589,1.354,0.74,2.075,1.35,1.5,9.8,6.468,1.916,-0.03,0,0,0,20,19.5,20,20,20,19.8,20,20,19.8,17.5,20,20,16.5,20,20,20,20,20,19.5,20,19.5,20,20,20,16.8,19.5,19.8,20,20,20,20,20,20,20,20,20,20,20,19.5,20,19.5,20,19.8,19.5,19.8,20,19.5,22335925,24122799,39111,18,False
Club C GK 1,ClubC-GK-1,Example League,2025/26,Club C,GK,2515,24,0,0,0.042,0,0,0,0.005,0.004,0.02,0.02,0,0,2.1,0,0,0,0,0,0,0,0,0,0,0,0,2.323,84,0.5,17.6,18.3,17.2,17.2,16.9,16.9,17.6,17.9,16.9,17.6,17.6,17.2,18.3,17.2,17.9,20,17.6,17.2,20,20,18.3,17.9,17.9,17.6,16.9,18.3,16.9,17.2,17.6,17.6,17.6,18.3,17.9,17.2,17.6,18.3,20,20,20,20,20,20,20,20,20,20,20,17904116,20231651,41367,24,False
Club C GK 2,ClubC-GK-2,Example League,2025/26,Club C,GK,902,27,0,0,0.038,0,0,0,0.005,0.004,0.02,0.02,0,0,2.1,0,0,0,0,0,0,0,0,0,0,0,0,2.378,84,0.5,17.1,17.8,16.8,16.8,16.4,16.4,17.1,17.5,16.4,17.1,17.1,16.8,17.8,16.8,17.5,20,17.1,16.8,20,20,17.8,17.5,17.5,17.1,16.4,17.8,16.4,16.8,17.1,17.1,17.1,17.8,17.5,16.8,17.1,17.8,20,20,20,20,20,20,20,20,20,20,20,14616736,16516912,38343,30,False
Club C DC 1,ClubC-DC-1,Example League,2025/26,Club C,DC,2532,25,0.035,0.033,0.089,0.3,0.136,0.032,0.05,0.043,0.15,0.15,0.25,0.2,3.7,0.05,0.03,2.25,2.05,1.52,3.4,2.45,2.5,8.6,5.676,2.1,0.061,0,0,0,20,19.7,17.4,17.4,20,20,20,20,20,20,20,20,20,20,20,20,20,20,20,20,19.7,18.1,20,20,20,19.7,20,20,20,20,20,20,20,20,20,20,20,20,19.7,20,19.7,20,20,19.7,20,20,19.7,20822350,24049814,40985,30,False
Club C DC 2,ClubC-DC-2,Example League,2025/26,Club C,DC,913,28,0.035,0.033,0.086,0.3,0.135,0.032,0.05,0.043,0.15,0.15,0.25,0.2,3.7,0.05,0.03,2.25,2.05,1.52,3.4,2.45,2.5,8.572,5.658,2.1,0.079,0,0,0,20,19.2,16.9,16.9,19.5,19.5,20,20,19.5,20,20,19.9,20,19.9,20,20,20,19.9,20,20,19.2,17.6,20,20,20,19.2,19.5,19.9,20,20,20,20,20,20,20,20,20,20,19.2,20,19.2,20,19.5,19.2,19.5,20,19.2,17116600,19769673,37926,36,False
Club C DL 1,ClubC-DL-1,Example League,2025/26,Club C,DL,2549,26,0.015,0.014,0.079,0.35,0.161,0.014,0.16,0.136,0.98,0.98,0.6,1.1,5,1.15,2.1,1.75,1.45,0.82,2.17,1.314,1.461,8.6,5.676,2.1,-0.03,0,0,0,20,20,20,20,19.8,19.8,20,20,19.8,20,20,20,20,20,20,20,20,20,19.4,20,19.4,20,20,20,20,19.4,19.8,20,20,20,20,19.4,20,20,20,19.4,20,20,19.4,20,19.4,20,19.8,19.4,19.8,20,19.4,19824787,23393249,40277,36,False
Club C DL 2,ClubC-DL-2,Example League,2025/26,Club C,DL,924,29,0.015,0.014,0.077,0.35,0.161,0.014,0.16,0.136,0.98,0.98,0.6,1.1,5,1.15,2.1,1.75,1.45,0.82,2.15,1.29,1.435,8.6,5.676,2.1,-0.03,0,0,0,20,20,20,19.7,19.3,19.3,20,20,19.3,20,20,19.7,20,19.7,20,20,20,19.7,19,19.7,19,20,20,20,20,19,19.3,20,20,20,20,19,20,20,20,19,20,20,19,20,19,20,19.3,19,19.3,20,19,16422287,19378299,37244,12,False
Club C DR 1,ClubC-DR-1,Example League,2025/26,Club C,DR,2566,27,0.015,0.014,0.079,0.35,0.161,0.014,0.16,0.136,0.98,0.98,0.6,1.1,5,1.15,2.1,1.75,1.45,0.82,2.2,1.35,1.5,8.6,5.676,2.1,-0.03,0,0,0,20,20,20,20,20,20,20,20,20,20,20,20,20,20,20,20,20,20,20,20,20,20,20,20,20,20,20,20,20,20,20,20,20,20,20,20,20,20,20,20,20,20,20,20,20,20,20,21900600,23652648,42325,12,False
Club C DR 2,ClubC-DR-2,Example League,2025/26,Club C,DR,935,30,0.015,0.014,0.079,0.35,0.161,0.014,0.16,0.136,0.98,0.98,0.6,1.1,5,1.15,2.1,1.75,1.45,0.82,2.18,1.326,1.474,8.6,5.676,2.1,-0.03,0,0,0,20,20,20,20,20,20,20,20,20,20,20,20,20,20,20,20,20,20,19.6,20,19.6,20,20,20,20,19.6,20,20,20,20,20,19.6,20,20,20,19.6,20,20,19.6,20,19.6,20,20,19.6,20,20,19.6,18548350,20032218,39296,18,False
Club C DM 1,ClubC-DM-1,Example League,2025/26,Club C,DM,2583,28,0.086,0.081,0.15,0.708,0.326,0.077,0.16,0.136,1.18,1.18,0.7,0.8,6.1,0.8,0.15,2.25,1.45,0.82,2.195,1.344,1.493,8.6,5.676,2.1,-0.03,0,0,0,20,19.9,20,20,20,20,20,20,20,20,20,20,20,20,20,20,20,20,20,20,19.9,20,20,20,20,20,20,20,20,20,20,19.9,20,20,20,20,20,20,19.9,20,19.9,20,20,19.9,20,20,19.9,21114287,23331287,41635,18,False
Club C DM 2,ClubC-DM-2,Example League,2025/26,Club C,DM,946,31,0.086,0.081,0.15,0.708,0.326,0.077,0.16,0.136,1.18,1.18,0.7,0.8,6.1,0.8,0.15,2.25,1.45,0.82,2.17,1.314,1.461,8.6,5.676,2.1,-0.03,0,0,0,20,19.4,20,20,19.8,19.8,20,20,19.8,20,20,20,20,20,20,20,20,20,20,20,19.4,20,20,20,20,20,20,20,20,20,20,19.4,20,20,20,20,20,20,19.4,20,19.4,20,19.8,19.4,19.8,20,19.4,17825287,19696942,38610,24,False
Club C MC 1,ClubC-MC-1,Example League,2025/26,Club C,MC,2600,29,0.086,0.081,0.15,0.708,0.326,0.077,0.16,0.136,1.18,1.18,0.7,0.8,6.1,0.8,0.15,2.245,1.45,0.817,2.185,1.35,1.5,8.6,5.676,2.094,-0.03,0,0,0,19.7,20,20,20,20,20,19.7,20,20,19.7,20,20,20,20,20,20,19.7,20,20,20,20,20,20,20,20,20,20,20,19.7,19.7,19.7,20,20,20,20,20,19.7,20,20,19.7,20,19.7,20,20,20,19.7,20,20342350,22986856,40945,24,False
Club C MC 2,ClubC-MC-2,Example League,2025/26,Club C,MC,957,20,0.086,0.081,0.15,0.708,0.326,0.077,0.16,0.136,1.18,1.18,0.7,0.8,6.1,0.8,0.15,2.234,1.45,0.812,2.155,1.344,1.493,8.6,5.676,2.082,-0.03,0,0,0,19.2,19.9,20,20,20,20,19.2,20,20,19.2,20,20,19.9,20,19.5,20,19.2,20,19.9,20,19.9,19.5,19.5,20,20,20,20,20,19.2,19.2,19.2,19.9,19.5,20,20,19.9,19.2,19.5,19.9,19.2,19.9,19.2,20,19.9,20,19.2,19.9,18796600,21240158,38066,30,False
Club C AML 1,ClubC-AML-1,Example League,2025/26,Club C,AML,2617,30,0.374,0.352,0.438,2.122,0.976,0.337,0.326,0.277,1.843,1.843,5.118,4.07,4.2,2.1,1.5,1.691,1.45,0.79,2.13,1.338,1.487,9.8,6.468,2.032,-0.03,0,0,0,20,20,20,20,20,20,18.8,19.4,20,18.8,20,20,17.8,20,19.4,20,20,20,19.8,20,19.8,20,19.4,20,20,19.8,20,20,20,20,20,19.8,19.4,20,20,19.8,20,19.4,19.8,20,19.8,20,20,19.8,20,20,19.8,19584787,22620429,40257,30,False
Club C AML 2,ClubC-AML-2,Example League,2025/26,Club C,AML,968,21,0.374,0.352,0.438,2.122,0.976,0.337,0.326,0.277,1.843,1.843,5.118,4.07,4.2,2.1,1.5,1.67,1.441,0.78,2.085,1.308,1.455,9.8,6.468,2.008,-0.03,0,0,0,20,20,20,20,19.7,19.7,18.4,19,19.7,18.4,20,20,17.3,20,19,20,20,20,19.3,20,19.3,20,19,20,19.7,19.3,20,20,20,20,20,19.3,19,20,20,19.3,20,19,19.3,20,19.3,20,19.7,19.3,19.7,20,19.3,17862288,20630943,37364,36,False
Club C AMC 1,ClubC-AMC-1,Example League,2025/26,Club C,AMC,2634,31,0.374,0.352,0.438,2.122,0.976,0.337,0.326,0.277,1.843,1.843,5.118,4.07,4.2,2.1,1.5,1.715,1.45,0.803,2.175,1.35,1.5,9.8,6.468,2.06,-0.03,0,0,0,20,20,20,20,20,20,19.5,20,20,19.5,20,20,18.5,20,20,20,20,20,20,20,20,20,20,20,20,20,20,20,20,20,20,20,20,20,20,20,20,20,20,20,20,20,20,20,20,20,20,21900600,25842708,42325,36,False
Club C AMC 2,ClubC-AMC-2,Example League,2025/26,Club C,AMC,979,22,0.374,0.352,0.438,2.122,0.976,0.337,0.326,0.277,1.843,1.843,5.118,4.07,4.2,2.1,1.5,1.698,1.45,0.794,2.15,1.35,1.5,9.8,6.468,2.04,-0.03,0,0,0,20,20,20,20,20,20,19,19.6,20,19,20,20,18,20,19.6,20,20,20,20,20,20,20,19.6,20,20,20,20,20,20,20,20,20,19.6,20,20,20,20,19.6,20,20,20,20,20,20,20,20,20,19748350,23303053,39396,12,False
Club C AMR 1,ClubC-AMR-1,Example League,2025/26,Club C,AMR,2651,20,0.374,0.352,0.438,2.122,0.976,0.337,0.326,0.277,1.843,1.843,5.118,4.07,4.2,2.1,1.5,1.706,1.45,0.798,2.165,1.35,1.5,9.8,6.468,2.05,-0.03,0,0,0,20,20,20,20,20,20,19.3,19.9,20,19.3,20,20,18.2,20,19.9,20,20,20,20,20,20,20,19.9,20,20,20,20,20,20,20,20,20,19.9,20,20,20,20,19.9,20,20,20,20,20,20,20,20,20,22794287,24617830,41775,12,False
Club C AMR 2,ClubC-AMR-2,Example League,2025/26,Club C,AMR,990,23,0.374,0.352,0.438,2.122,0.976,0.337,0.326,0.277,1.843,1.843,5.118,4.07,4.2,2.1,1.5,1.691,1.45,0.79,2.13,1.338,1.487,9.8,6.468,2.032,-0.03,0,0,0,20,20,20,20,20,20,18.8,19.4,20,18.8,20,20,17.8,20,19.4,20,20,20,19.8,20,19.8,20,19.4,20,20,19.8,20,20,20,20,20,19.8,19.4,20,20,19.8,20,19.4,19.8,20,19.8,20,20,19.8,20,20,19.8,18785287,20288110,38690,18,False
Club C ST 1,ClubC-ST-1,Example League,2025/26,Club C,ST,2668,21,0.54,0.508,0.604,3.128,1.439,0.486,0.162,0.138,0.986,0.986,7.32,4.5,0.6,1.4,0.1,1.6,1.36,0.745,2.085,1.35,1.5,9.8,6.468,1.928,-0.03,0,0,0,20,19.7,20,20,20,20,20,20,20,17.7,20,20,16.7,20,20,20,20,20,19.7,20,19.7,20,20,20,17,19.7,20,20,20,20,20,20,20,20,20,20,20,20,19.7,20,19.7,20,20,19.7,20,20,19.7,25703173,28402006,41392,18,False
Club C ST 2,ClubC-ST-2,Example League,2025/26,Club C,ST,1001,24,0.54,0.508,0.604,3.128,1.439,0.486,0.159,0.135,0.977,0.977,7.32,4.5,0.6,1.395,0.1,1.573,1.345,0.732,2.06,1.35,1.5,9.772,6.45,1.898,-0.027,0,0,0,20,19.2,19.9,20,20,19.5,20,20,19.5,17.2,20,19.9,16.2,19.9,20,20,20,20,19.2,19.9,19.2,20,20,20,16.5,19.2,19.5,19.9,20,20,20,20,20,20,20,20,20,20,19.2,20,19.2,20,19.5,19.2,19.5,20,19.2,21047188,23257143,38254,24,False
Club D GK 1,ClubD-GK-1,Example League,2025/26,Club D,GK,2480,25,0,0,0.04,0,0,0,0.005,0.004,0.02,0.02,0,0,2.1,0,0,0,0,0,0,0,0,0,0,0,0,2.338,84,0.5,17.3,18,17,17,16.6,16.6,17.3,17.7,16.6,17.3,17.3,17,18,17,17.7,20,17.3,17,20,20,18,17.7,17.7,17.3,16.6,18,16.6,17,17.3,17.3,17.3,18,17.7,17,17.3,18,20,20,20,20,20,20,20,20,20,20,20,16949144,19576261,40537,30,False
Club D GK 2,ClubD-GK-2,Example League,2025/26,Club D,GK,874,28,0,0,0.036,0,0,0,0.005,0.004,0.02,0.02,0,0,2.1,0,0,0,0,0,0,0,0,0,0,0,0,2.393,84,0.5,16.8,17.5,16.5,16.5,16.1,16.1,16.8,17.2,16.1,16.8,16.8,16.5,17.5,16.5,17.2,20,16.8,16.5,20,20,17.5,17.2,17.2,16.8,16.1,17.5,16.1,16.5,16.8,16.8,16.8,17.5,17.2,16.5,16.8,17.5,20,20,20,19.8,20,20,20,20,20,19.8,20,13920802,16078526,37535,36,False
Club D DC 1,ClubD-DC-1,Example League,2025/26,Club D,DC,2497,26,0.035,0.033,0.087,0.3,0.135,0.032,0.05,0.043,0.15,0.15,0.25,0.2,3.7,0.05,0.03,2.25,2.05,1.52,3.4,2.45,2.5,8.6,5.676,2.1,0.071,0,0,0,20,19.4,17.1,17.1,19.8,19.8,20,20,19.8,20,20,20,20,20,20,20,20,20,20,20,19.4,17.8,20,20,20,19.4,19.8,20,20,20,20,20,20,20,20,20,20,20,19.4,20,19.4,20,19.8,19.4,19.8,20,19.4,19675000,23216500,40140,36,False
Club D DC 2,ClubD-DC-2,Example League,2025/26,Club D,DC,885,29,0.035,0.033,0.084,0.3,0.134,0.032,0.05,0.043,0.15,0.15,0.25,0.2,3.7,0.05,0.03,2.25,2.05,1.52,3.4,2.45,2.5,8.488,5.602,2.1,0.089,0,0,0,20,18.9,16.6,16.6,19.3,19.3,20,20,19.3,20,20,19.6,20,19.6,20,20,20,19.6,20,20,18.9,17.3,20,20,20,18.9,19.3,19.6,20,20,20,20,20,20,20,20,20,20,18.9,20,18.9,20,19.3,18.9,19.3,20,18.9,16285150,19216477,37107,12,False
Club D DL 1,ClubD-DL-1,Example League,2025/26,Club D,DL,2514,27,0.015,0.014,0.078,0.35,0.161,0.014,0.16,0.136,0.98,0.98,0.6,1.1,5,1.15,2.1,1.75,1.45,0.82,2.16,1.302,1.448,8.6,5.676,2.1,-0.03,0,0,0,20,20,20,19.9,19.5,19.5,20,20,19.5,20,20,19.9,20,19.9,20,20,20,19.9,19.2,19.9,19.2,20,20,20,20,19.2,19.5,20,20,20,20,19.2,20,20,20,19.2,20,20,19.2,20,19.2,20,19.5,19.2,19.5,20,19.2,18694688,20190263,39433,12,False
Club D DL 2,ClubD-DL-2,Example League,2025/26,Club D,DL,896,30,0.015,0.014,0.074,0.35,0.161,0.014,0.16,0.136,0.98,0.98,0.6,1.1,5,1.15,2.1,1.745,1.45,0.817,2.12,1.272,1.416,8.6,5.676,2.094,-0.03,0,0,0,19.7,20,20,19.4,19,19,19.7,20,19,19.7,20,19.4,20,19.4,20,20,19.7,19.4,18.7,19.4,18.7,20,20,19.7,20,18.7,19,20,20,19.7,19.7,18.7,20,20,20,18.7,19.7,20,18.7,19.7,18.7,19.7,19,18.7,19,19.7,18.7,15608088,16856735,36426,18,False
Club D DR 1,ClubD-DR-1,Example League,2025/26,Club D,DR,2531,28,0.015,0.014,0.077,0.35,0.161,0.014,0.16,0.136,0.98,0.98,0.6,1.1,5,1.15,2.1,1.75,1.45,0.82,2.15,1.29,1.435,8.6,5.676,2.1,-0.03,0,0,0,20,20,20,19.7,19.3,19.3,20,20,19.3,20,20,19.7,20,19.7,20,20,20,19.7,19,19.7,19,20,20,20,20,19,19.3,20,20,20,20,19,20,20,20,19,20,20,19,20,19,20,19.3,19,19.3,20,19,17968750,19855469,38747,18,False
Club D DR 2,ClubD-DR-2,Example League,2025/26,Club D,DR,907,31,0.015,0.014,0.073,0.35,0.161,0.014,0.16,0.136,0.98,0.98,0.6,1.1,5,1.15,2.1,1.741,1.45,0.816,2.1,1.26,1.403,8.6,5.676,2.09,-0.03,0,0,0,19.5,20,20,19.2,18.8,18.8,19.5,19.9,18.8,19.5,20,19.2,20,19.2,19.9,20,19.5,19.2,18.5,19.2,18.5,19.9,19.9,19.5,20,18.5,18.8,20,20,19.5,19.5,18.5,19.9,20,20,18.5,19.5,19.9,18.5,19.5,18.5,19.5,18.8,18.5,18.8,19.5,18.5,14945400,16514667,35745,24,False
Club D DM 1,ClubD-DM-1,Example League,2025/26,Club D,DM,2548,29,0.086,0.081,0.15,0.708,0.326,0.077,0.16,0.136,1.18,1.18,0.7,0.8,6.1,0.8,0.15,2.25,1.45,0.82,2.18,1.326,1.474,8.6,5.676,2.1,-0.03,0,0,0,20,19.6,20,20,20,20,20,20,20,20,20,20,20,20,20,20,20,20,20,20,19.6,20,20,20,20,20,20,20,20,20,20,19.6,20,20,20,20,20,20,19.6,20,19.6,20,20,19.6,20,20,19.6,20189688,22814347,40807,24,False
Club D DM 2,ClubD-DM-2,Example League,2025/26,Club D,DM,918,20,0.085,0.08,0.148,0.706,0.325,0.077,0.16,0.136,1.18,1.18,0.7,0.8,6.1,0.794,0.15,2.25,1.45,0.82,2.155,1.296,1.442,8.6,5.676,2.1,-0.023,0,0,0,20,19.1,19.8,19.8,19.5,19.5,20,20,19.5,20,20,19.8,20,20,20,20,20,19.8,20,20,19.1,20,20,20,20,20,20,20,20,20,20,19.1,20,19.8,20,20,20,20,19.1,20,19.1,20,19.5,19.1,19.5,20,19.1,18656588,21081944,37930,30,False
Club D MC 1,ClubD-MC-1,Example League,2025/26,Club D,MC,2565,30,0.086,0.081,0.15,0.708,0.326,0.077,0.16,0.136,1.18,1.18,0.7,0.8,6.1,0.8,0.15,2.24,1.45,0.815,2.17,1.35,1.5,8.6,5.676,2.088,-0.03,0,0,0,19.4,20,20,20,20,20,19.4,20,20,19.4,20,20,20,20,19.8,20,19.4,20,20,20,20,19.8,19.8,20,20,20,20,20,19.4,19.4,19.4,20,19.8,20,20,20,19.4,19.8,20,19.4,20,19.4,20,20,20,19.4,20,19435000,22447425,40120,30,False
Club D MC 2,ClubD-MC-2,Example League,2025/26,Club D,MC,929,21,0.086,0.081,0.15,0.708,0.326,0.077,0.16,0.136,1.18,1.18,0.7,0.8,6.1,0.8,0.15,2.224,1.45,0.807,2.125,1.326,1.474,8.6,5.676,2.07,-0.03,0,0,0,18.9,19.6,20,20,20,20,18.9,20,20,18.9,20,20,19.6,20,19.3,20,18.9,20,19.6,20,19.6,19.3,19.3,20,20,20,20,20,18.9,18.9,18.9,19.6,19.3,20,20,19.6,18.9,19.3,19.6,18.9,19.6,18.9,20,19.6,20,18.9,19.6,17725150,20472548,37227,36,False
Club D AML 1,ClubD-AML-1,Example League,2025/26,Club D,AML,2582,31,0.374,0.352,0.438,2.122,0.976,0.337,0.326,0.277,1.843,1.843,5.118,4.07,4.2,2.1,1.5,1.68,1.447,0.785,2.105,1.32,1.468,9.8,6.468,2.02,-0.03,0,0,0,20,20,20,20,19.9,19.9,18.6,19.2,19.9,18.6,20,20,17.5,20,19.2,20,20,20,19.5,20,19.5,20,19.2,20,19.9,19.5,20,20,20,20,20,19.5,19.2,20,20,19.5,20,19.2,19.5,20,19.5,20,19.9,19.5,19.9,20,19.5,18694688,22059732,39433,36,False
Club D AML 2,ClubD-AML-2,Example League,2025/26,Club D,AML,940,22,0.374,0.352,0.438,2.122,0.976,0.337,0.326,0.277,1.843,1.843,5.118,4.07,4.2,2.1,1.5,1.654,1.432,0.772,2.055,1.29,1.435,9.716,6.413,1.99,-0.03,0,0,0,20,20,20,20,19.4,19.4,18.1,18.7,19.4,18.1,20,19.7,17,20,18.7,20,20,20,19,19.7,19,20,18.7,20,19.4,19,20,19.7,20,20,20,19,18.7,20,20,19,20,18.7,19,20,19,20,19.4,19,19.4,20,19,16808088,19833544,36526,12,False
Club D AMC 1,ClubD-AMC-1,Example League,2025/26,Club D,AMC,2599,20,0.374,0.352,0.438,2.122,0.976,0.337,0.326,0.277,1.843,1.843,5.118,4.07,4.2,2.1,1.5,1.668,1.441,0.779,2.08,1.308,1.455,9.8,6.468,2.006,-0.03,0,0,0,20,20,20,20,19.7,19.7,18.3,19,19.7,18.3,20,20,17.3,20,19,20,20,20,19.3,20,19.3,20,19,20,19.7,19.3,20,20,20,20,20,19.3,19,20,20,19.3,20,19,19.3,20,19.3,20,19.7,19.3,19.7,20,19.3,19648750,21220650,38887,12,False
Club D AMC 2,ClubD-AMC-2,Example League,2025/26,Club D,AMC,951,23,0.374,0.352,0.438,2.122,0.976,0.337,0.326,0.277,1.843,1.843,5.118,4.07,4.2,2.1,1.5,1.642,1.423,0.766,2.035,1.278,1.422,9.66,6.364,1.976,-0.03,0,0,0,19.9,20,20,20,19.2,19.2,17.9,18.5,19.2,17.9,20,19.5,16.8,20,18.5,19.9,19.9,20,18.8,19.5,18.8,20,18.5,20,19.2,18.8,20,19.5,20,20,19.9,18.8,18.5,20,19.9,18.8,19.9,18.5,18.8,19.9,18.8,19.9,19.2,18.8,19.2,19.9,18.8,15905400,17177832,35825,18,False
Club D AMR 1,ClubD-AMR-1,Example League,2025/26,Club D,AMR,2616,21,0.374,0.352,0.438,2.122,0.976,0.337,0.326,0.277,1.843,1.843,5.118,4.07,4.2,2.1,1.5,1.698,1.45,0.794,2.15,1.35,1.5,9.8,6.468,2.04,-0.03,0,0,0,20,20,20,20,20,20,19,19.6,20,19,20,20,18,20,19.6,20,20,20,20,20,20,20,19.6,20,20,20,20,20,20,20,20,20,19.6,20,20,20,20,19.6,20,20,20,20,20,20,20,20,20,21629688,23900805,40927,18,False
Club D AMR 2,ClubD-AMR-2,Example League,2025/26,Club D,AMR,962,24,0.374,0.352,0.438,2.122,0.976,0.337,0.326,0.277,1.843,1.843,5.118,4.07,4.2,2.1,1.5,1.676,1.444,0.783,2.1,1.32,1.468,9.8,6.468,2.016,-0.03,0,0,0,20,20,20,20,19.8,19.8,18.5,19.1,19.8,18.5,20,20,17.5,20,19.1,20,20,20,19.5,20,19.5,20,19.1,20,19.8,19.5,20,20,20,20,20,19.5,19.1,20,20,19.5,20,19.1,19.5,20,19.5,20,19.8,19.5,19.8,20,19.5,17696588,19554730,37850,24,False
Club D ST 1,ClubD-ST-1,Example League,2025/26,Club D,ST,2633,22,0.54,0.508,0.604,3.128,1.439,0.486,0.161,0.137,0.982,0.982,7.32,4.5,0.6,1.4,0.1,1.587,1.354,0.739,2.075,1.35,1.5,9.8,6.468,1.914,-0.03,0,0,0,20,19.4,20,20,20,19.8,20,20,19.8,17.5,20,20,16.4,20,20,20,20,20,19.4,20,19.4,20,20,20,16.8,19.4,19.8,20,20,20,20,20,20,20,20,20,20,20,19.4,20,19.4,20,19.8,19.4,19.8,20,19.4,24349300,27514709,40529,24,False
Club D ST 2,ClubD-ST-2,Example League,2025/26,Club D,ST,973,25,0.54,0.508,0.604,3.128,1.439,0.486,0.158,0.134,0.973,0.973,7.32,4.5,0.6,1.38,0.1,1.561,1.339,0.726,2.045,1.344,1.493,9.688,6.394,1.884,-0.016,0,0,0,20,18.9,19.6,20,20,19.3,20,20,19.3,17,20,19.6,15.9,19.6,20,20,20,20,18.9,19.6,18.9,20,20,20,16.3,18.9,19.3,19.6,20,20,20,19.9,20,20,20,19.9,20,20,18.9,20,18.9,20,19.3,18.9,19.3,20,18.9,19782877,22354651,37399,30,False
Club E GK 1,ClubE-GK-1,Example League,2025/26,Club E,GK,2445,26,0,0,0.03,0,0,0,0.005,0.004,0.02,0.02,0,0,2.1,0,0,0,0,0,0,0,0,0,0,0,0,2.403,84,0.5,16.2,16.9,15.8,15.8,15.5,15.5,16.2,16.5,15.5,16.2,16.2,15.8,16.9,15.8,16.5,20,16.2,15.8,20,20,16.9,16.5,16.5,16.2,15.5,16.9,15.5,15.8,16.2,16.2,16.2,16.9,16.5,15.8,16.2,16.9,20,20,20,19.2,20,20,20,20,20,19.2,20,13663076,16122430,37014,36,False
Club E GK 2,ClubE-GK-2,Example League,2025/26,Club E,GK,846,29,0,0,0.026,0,0,0,0.005,0.004,0.02,0.02,0,0,2.1,0,0,0,0,0,0,0,0,0,0,0,0,2.458,84,0.5,15.7,16.4,15.3,15.3,15,15,15.7,16,15,15.7,15.7,15.3,16.4,15.3,16,20,15.7,15.3,20,20,16.4,16,16,15.7,15,16.4,15,15.3,15.7,15.7,15.7,16.4,16,15.3,15.7,16.4,20,20,20,18.7,20,20,20,20,20,18.7,20,11101232,13099454,34050,12,False
Club E DC 1,ClubE-DC-1,Example League,2025/26,Club E,DC,2462,27,0.035,0.033,0.085,0.3,0.134,0.032,0.05,0.043,0.15,0.15,0.25,0.2,3.7,0.05,0.03,2.25,2.05,1.52,3.4,2.45,2.5,8.544,5.639,2.1,0.082,0,0,0,20,19.1,16.8,16.8,19.5,19.5,20,20,19.5,20,20,19.8,20,19.8,20,20,20,19.8,20,20,19.1,17.5,20,20,20,19.1,19.5,19.8,20,20,20,20,20,20,20,20,20,20,19.1,20,19.1,20,19.5,19.1,19.5,20,19.1,18548350,20032218,39296,12,False
Club E DC 2,ClubE-DC-2,Example League,2025/26,Club E,DC,857,30,0.035,0.033,0.081,0.3,0.133,0.032,0.05,0.043,0.15,0.15,0.25,0.2,3.7,0.05,0.03,2.25,2.05,1.52,3.4,2.45,2.5,8.404,5.547,2.1,0.099,0,0,0,19.7,18.6,16.3,16.3,19,19,20,20,19,20,20,19.3,20,19.3,20,20,20,19.3,20,20,18.6,17,20,19.7,20,18.6,19,19.3,19.7,19.7,19.7,20,20,20,19.7,20,19.7,20,18.6,19.7,18.6,19.7,19,18.6,19,19.7,18.6,15474400,16712352,36290,18,False
Club E DL 1,ClubE-DL-1,Example League,2025/26,Club E,DL,2479,28,0.015,0.014,0.076,0.35,0.161,0.014,0.16,0.136,0.98,0.98,0.6,1.1,5,1.15,2.1,1.75,1.45,0.82,2.145,1.284,1.428,8.6,5.676,2.1,-0.03,0,0,0,20,20,20,19.6,19.3,19.3,20,20,19.3,20,20,19.6,20,19.6,20,20,20,19.6,18.9,19.6,18.9,20,20,20,20,18.9,19.3,20,20,20,20,18.9,20,20,20,18.9,20,20,18.9,20,18.9,20,19.3,18.9,19.3,20,18.9,17825288,19696943,38610,18,False
Club E DL 2,ClubE-DL-2,Example League,2025/26,Club E,DL,868,31,0.015,0.014,0.072,0.35,0.161,0.014,0.16,0.136,0.98,0.98,0.6,1.1,5,1.15,2.1,1.741,1.45,0.816,2.095,1.254,1.396,8.6,5.676,2.09,-0.03,0,0,0,19.5,20,20,19.1,18.8,18.8,19.5,19.8,18.8,19.5,20,19.1,20,19.1,19.8,20,19.5,19.1,18.4,19.1,18.4,19.8,19.8,19.5,20,18.4,18.8,20,20,19.5,19.5,18.4,19.8,20,20,18.4,19.5,19.8,18.4,19.5,18.4,19.5,18.8,18.4,18.8,19.5,18.4,14814588,16370120,35610,24,False
Club E DR 1,ClubE-DR-1,Example League,2025/26,Club E,DR,2496,29,0.015,0.014,0.074,0.35,0.161,0.014,0.16,0.136,0.98,0.98,0.6,1.1,5,1.15,2.1,1.745,1.45,0.817,2.12,1.272,1.416,8.6,5.676,2.094,-0.03,0,0,0,19.7,20,20,19.4,19,19,19.7,20,19,19.7,20,19.4,20,19.4,20,20,19.7,19.4,18.7,19.4,18.7,20,20,19.7,20,18.7,19,20,20,19.7,19.7,18.7,20,20,20,18.7,19.7,20,18.7,19.7,18.7,19.7,19,18.7,19,19.7,18.7,17116600,19341758,37926,24,False
Club E DR 2,ClubE-DR-2,Example League,2025/26,Club E,DR,879,20,0.015,0.014,0.07,0.35,0.161,0.014,0.16,0.136,0.98,0.98,0.6,1.1,5,1.146,2.1,1.736,1.45,0.813,2.07,1.242,1.383,8.6,5.676,2.084,-0.027,0,0,0,19.2,20,19.9,18.9,18.5,18.5,19.2,19.6,18.5,19.2,20,18.9,20,18.9,19.6,20,19.2,18.9,18.2,18.9,18.2,19.6,19.6,19.2,20,18.2,18.5,20,20,19.2,19.2,18.2,19.6,20,20,18.2,19.2,19.6,18.2,19.2,18.2,19.2,18.5,18.2,18.5,19.2,18.2,15849150,17909540,35071,30,False
Club E DM 1,ClubE-DM-1,Example League,2025/26,Club E,DM,2513,30,0.082,0.077,0.14,0.696,0.32,0.074,0.16,0.136,1.18,1.18,0.7,0.8,6.1,0.776,0.15,2.25,1.45,0.82,2.125,1.26,1.403,8.6,5.676,2.1,-0.002,0,0,0,19.5,18.5,19.2,19.2,18.8,18.8,19.5,19.9,18.8,20,20,19.2,20,20,19.9,20,19.5,19.2,20,20,18.5,19.9,19.9,19.5,20,20,20,20,19.5,19.5,19.5,18.5,19.9,19.2,20,20,19.5,19.9,18.5,19.5,18.5,19.5,18.8,18.5,18.8,19.5,18.5,16422288,18967743,37244,30,False
Club E DM 2,ClubE-DM-2,Example League,2025/26,Club E,DM,890,21,0.079,0.074,0.133,0.687,0.316,0.071,0.16,0.136,1.18,1.18,0.7,0.8,6.1,0.761,0.15,2.25,1.45,0.82,2.1,1.23,1.37,8.6,5.676,2.1,0.015,0,0,0,19,18,18.7,18.7,18.3,18.3,19,19.4,18.3,20,20,18.7,20,20,19.4,20,19,18.7,20,20,18,19.4,19.4,19,20,20,20,20,19,19,19,18,19.4,18.7,20,20,19,19.4,18,19,18,19,18.3,18,18.3,19,18,14978088,17299692,34373,36,False
Club E MC 1,ClubE-MC-1,Example League,2025/26,Club E,MC,2530,31,0.086,0.081,0.15,0.708,0.326,0.077,0.16,0.136,1.18,1.18,0.7,0.8,6.1,0.8,0.15,2.231,1.45,0.81,2.145,1.338,1.487,8.6,5.676,2.078,-0.03,0,0,0,19.1,19.8,20,20,20,20,19.1,20,20,19.1,20,20,19.8,20,19.5,20,19.1,20,19.8,20,19.8,19.5,19.5,20,20,20,20,20,19.1,19.1,19.1,19.8,19.5,20,20,19.8,19.1,19.5,19.8,19.1,19.8,19.1,20,19.8,20,19.1,19.8,18548350,21887053,39296,36,False
Club E MC 2,ClubE-MC-2,Example League,2025/26,Club E,MC,901,22,0.085,0.08,0.149,0.706,0.325,0.077,0.16,0.136,1.18,1.18,0.7,0.8,6.1,0.8,0.15,2.208,1.441,0.799,2.095,1.308,1.455,8.6,5.676,2.052,-0.03,0,0,0,18.6,19.3,20,20,20,19.7,18.6,20,19.7,18.6,20,20,19.3,20,19,20,18.6,20,19.3,20,19.3,19,19,19.8,19.7,20,20,20,18.6,18.6,18.6,19.3,19,20,20,19.3,18.6,19,19.3,18.6,19.3,18.6,19.7,19.3,19.7,18.6,19.3,16674400,19675792,36390,12,False
Club E AML 1,ClubE-AML-1,Example League,2025/26,Club E,AML,2547,20,0.374,0.352,0.438,2.122,0.976,0.337,0.326,0.277,1.843,1.843,5.118,4.07,4.2,2.1,1.5,1.666,1.438,0.778,2.08,1.308,1.455,9.8,6.468,2.004,-0.03,0,0,0,20,20,20,20,19.6,19.6,18.3,18.9,19.6,18.3,20,20,17.3,20,18.9,20,20,20,19.3,20,19.3,20,18.9,20,19.6,19.3,20,20,20,20,20,19.3,18.9,20,20,19.3,20,18.9,19.3,20,19.3,20,19.6,19.3,19.6,20,19.3,19505288,21065711,38750,12,False
Club E AML 2,ClubE-AML-2,Example League,2025/26,Club E,AML,912,23,0.374,0.352,0.438,2.122,0.976,0.337,0.326,0.277,1.843,1.843,5.118,4.07,4.2,2.1,1.5,1.636,1.417,0.763,2.03,1.278,1.422,9.66,6.352,1.97,-0.03,0,0,0,19.8,20,20,20,19.1,19.1,17.8,18.4,19.1,17.8,20,19.5,16.8,20,18.4,19.8,19.8,20,18.8,19.5,18.8,20,18.4,20,19.1,18.8,20,19.5,20,20,19.8,18.8,18.4,20,19.8,18.8,19.8,18.4,18.8,19.8,18.8,19.8,19.1,18.8,19.1,19.8,18.8,15774588,17036555,35690,18,False
Club E AMC 1,ClubE-AMC-1,Example League,2025/26,Club E,AMC,2564,21,0.374,0.352,0.438,2.122,0.976,0.337,0.326,0.277,1.843,1.843,5.118,4.07,4.2,2.1,1.5,1.654,1.432,0.772,2.055,1.29,1.435,9.716,6.413,1.99,-0.03,0,0,0,20,20,20,20,19.4,19.4,18.1,18.7,19.4,18.1,20,19.7,17,20,18.7,20,20,20,19,19.7,19,20,18.7,20,19.4,19,20,19.7,20,20,20,19,18.7,20,20,19,20,18.7,19,20,19,20,19.4,19,19.4,20,19,18556600,20505043,38046,18,False
Club E AMC 2,ClubE-AMC-2,Example League,2025/26,Club E,AMC,923,24,0.374,0.352,0.438,2.122,0.976,0.337,0.326,0.277,1.843,1.843,5.118,4.07,4.2,2.1,1.5,1.62,1.405,0.755,2.005,1.26,1.403,9.576,6.274,1.952,-0.03,0,0,0,19.6,20,20,20,18.9,18.9,17.6,18.2,18.9,17.6,20,19.2,16.5,20,18.2,19.6,19.6,20,18.5,19.2,18.5,20,18.2,20,18.9,18.5,20,19.2,20,20,19.6,18.5,18.2,20,19.6,18.5,19.6,18.2,18.5,19.6,18.5,19.6,18.9,18.5,18.9,19.6,18.5,14889150,16452511,34991,24,False
Club E AMR 1,ClubE-AMR-1,Example League,2025/26,Club E,AMR,2581,22,0.374,0.352,0.438,2.122,0.976,0.337,0.326,0.277,1.843,1.843,5.118,4.07,4.2,2.1,1.5,1.642,1.423,0.766,2.035,1.278,1.422,9.66,6.364,1.976,-0.03,0,0,0,19.9,20,20,20,19.2,19.2,17.9,18.5,19.2,17.9,20,19.5,16.8,20,18.5,19.9,19.9,20,18.8,19.5,18.8,20,18.5,20,19.2,18.8,20,19.5,20,20,19.9,18.8,18.5,20,19.9,18.8,19.9,18.5,18.8,19.9,18.8,19.9,19.2,18.8,19.2,19.9,18.8,17622288,19913185,37344,24,False
Club E AMR 2,ClubE-AMR-2,Example League,2025/26,Club E,AMR,934,25,0.374,0.352,0.438,2.122,0.976,0.337,0.326,0.277,1.843,1.843,5.118,4.07,4.2,2.1,1.5,1.607,1.393,0.748,1.985,1.248,1.39,9.52,6.215,1.936,-0.03,0,0,0,19.4,20,20,20,18.7,18.7,17.4,18,18.7,17.4,20,19,16.3,20,18,19.4,19.4,20,18.3,19,18.3,20,18,20,18.7,18.3,20,19,20,20,19.4,18.3,18,20,19.4,18.3,19.4,18,18.3,19.4,18.3,19.4,18.7,18.3,18.7,19.4,18.3,14018088,15840439,34293,30,False
Club E ST 1,ClubE-ST-1,Example League,2025/26,Club E,ST,2598,23,0.54,0.508,0.604,3.128,1.439,0.486,0.159,0.135,0.977,0.977,7.32,4.5,0.6,1.39,0.1,1.572,1.345,0.731,2.06,1.35,1.5,9.744,6.431,1.896,-0.023,0,0,0,20,19.1,19.8,20,20,19.5,20,20,19.5,17.2,20,19.8,16.1,19.8,20,20,20,20,19.1,19.8,19.1,20,20,20,16.5,19.1,19.5,19.8,20,20,20,20,20,20,20,20,20,20,19.1,20,19.1,20,19.5,19.1,19.5,20,19.1,23019853,26587930,39668,30,False
Club E ST 2,ClubE-ST-2,Example League,2025/26,Club E,ST,945,26,0.54,0.508,0.604,3.128,1.439,0.486,0.154,0.131,0.963,0.963,7.32,4.5,0.6,1.365,0.1,1.545,1.33,0.718,2.015,1.326,1.474,9.604,6.339,1.866,0.005,0,0,0,19.7,18.6,19.3,20,20,19,20,20,19,16.7,19.7,19.3,15.6,19.3,20,20,19.7,20,18.6,19.3,18.6,20,20,20,16,18.6,19,19.3,20,19.7,19.7,19.6,20,20,19.7,19.6,19.7,20,18.6,19.7,18.6,19.7,19,18.6,19,19.7,18.6,18542992,21417156,36545,36,False
Club F GK 1,ClubF-GK-1,Example League,2025/26,Club F,GK,2410,27,0,0,0.028,0,0,0,0.005,0.004,0.02,0.02,0,0,2.1,0,0,0,0,0,0,0,0,0,0,0,0,2.418,84,0.5,15.9,16.6,15.5,15.5,15.2,15.2,15.9,16.2,15.2,15.9,15.9,15.5,16.6,15.5,16.2,20,15.9,15.5,20,20,16.6,16.2,16.2,15.9,15.2,16.6,15.2,15.5,15.9,15.9,15.9,16.6,16.2,15.5,15.9,16.6,20,20,20,18.9,20,20,20,20,20,18.9,20,12798632,13822523,36192,12,False
Club F GK 2,ClubF-GK-2,Example League,2025/26,Club F,GK,818,30,0,0,0.024,0,0,0,0.005,0.004,0.02,0.02,0,0,2.1,0,0,0,0,0,0,0,0,0,0,0,0,2.473,84,0.5,15.4,16.1,15,15,14.7,14.7,15.4,15.7,14.7,15.4,15.4,15,16.1,15,15.7,20,15.4,15,20,20,16.1,15.7,15.7,15.4,14.7,16.1,14.7,15,15.4,15.4,15.4,16.1,15.7,15,15.4,16.1,20,20,20,18.4,20,20,20,20,20,18.4,20,10495826,11335492,33250,18,False
Club F DC 1,ClubF-DC-1,Example League,2025/26,Club F,DC,2427,28,0.035,0.033,0.077,0.3,0.131,0.032,0.05,0.043,0.15,0.15,0.25,0.2,3.7,0.05,0.03,2.25,2.05,1.52,3.4,2.45,2.5,8.236,5.436,2.1,0.12,0,0,0,19,18,15.7,15.7,18.3,18.3,20,19.4,18.3,20,20,18.7,20,18.7,19.4,20,20,18.7,20,19.7,18,16.4,19.4,19,20,18,18.3,18.7,19,19,19,20,19.4,19.7,19,20,19,19.4,18,19,18,19,18.3,18,18.3,19,18,14945400,16514667,35745,18,False
Club F DC 2,ClubF-DC-2,Example League,2025/26,Club F,DC,829,31,0.035,0.033,0.073,0.3,0.13,0.032,0.049,0.042,0.15,0.15,0.25,0.2,3.645,0.05,0.03,2.25,2.05,1.52,3.4,2.45,2.5,8.096,5.343,2.1,0.155,0,0,0,18.5,17.5,15.2,15.2,17.8,17.8,20,18.9,17.8,20,19.5,18.2,20,18.2,18.9,20,20,18.2,20,19.2,17.5,15.9,18.9,18.5,20,17.5,17.8,18.2,18.5,18.5,18.5,20,18.9,19.2,18.5,20,18.5,18.9,17.5,18.5,17.5,18.5,17.8,17.5,17.8,18.5,17.5,12200350,13481387,32767,24,False
Club F DL 1,ClubF-DL-1,Example League,2025/26,Club F,DL,2444,29,0.015,0.014,0.073,0.35,0.161,0.014,0.16,0.136,0.98,0.98,0.6,1.1,5,1.15,2.1,1.745,1.45,0.817,2.115,1.266,1.409,8.6,5.676,2.094,-0.03,0,0,0,19.7,20,20,19.3,19,19,19.7,20,19,19.7,20,19.3,20,19.3,20,20,19.7,19.3,18.6,19.3,18.6,20,20,19.7,20,18.6,19,20,20,19.7,19.7,18.6,20,20,20,18.6,19.7,20,18.6,19.7,18.6,19.7,19,18.6,19,19.7,18.6,16976588,19183544,37790,24,False
Club F DL 2,ClubF-DL-2,Example League,2025/26,Club F,DL,840,20,0.015,0.014,0.069,0.35,0.161,0.014,0.16,0.136,0.98,0.98,0.6,1.1,5,1.142,2.1,1.736,1.45,0.813,2.065,1.236,1.377,8.6,5.676,2.084,-0.023,0,0,0,19.2,20,19.8,18.8,18.5,18.5,19.2,19.5,18.5,19.2,20,18.8,20,18.8,19.5,20,19.2,18.8,18.1,18.8,18.1,19.5,19.5,19.2,20,18.1,18.5,20,20,19.2,19.2,18.1,19.5,20,20,18.1,19.2,19.5,18.1,19.2,18.1,19.2,18.5,18.1,18.5,19.2,18.1,15721788,17765620,34935,30,False
Club F DR 1,ClubF-DR-1,Example League,2025/26,Club F,DR,2461,30,0.015,0.014,0.072,0.35,0.161,0.014,0.16,0.136,0.98,0.98,0.6,1.1,5,1.15,2.1,1.741,1.45,0.816,2.095,1.254,1.396,8.6,5.676,2.09,-0.03,0,0,0,19.5,20,20,19.1,18.8,18.8,19.5,19.8,18.8,19.5,20,19.1,20,19.1,19.8,20,19.5,19.1,18.4,19.1,18.4,19.8,19.8,19.5,20,18.4,18.8,20,20,19.5,19.5,18.4,19.8,20,20,18.4,19.5,19.8,18.4,19.5,18.4,19.5,18.8,18.4,18.8,19.5,18.4,16285150,18809348,37107,30,False
Club F DR 2,ClubF-DR-2,Example League,2025/26,Club F,DR,851,21,0.015,0.014,0.068,0.35,0.161,0.014,0.16,0.136,0.98,0.98,0.6,1.1,5,1.134,2.1,1.733,1.45,0.811,2.045,1.224,1.364,8.6,5.676,2.08,-0.016,0,0,0,19,20,19.6,18.6,18.3,18.3,19,19.3,18.3,19,20,18.6,20,18.6,19.3,20,19,18.6,17.9,18.6,17.9,19.3,19.3,19,20,17.9,18.3,20,20,19,19,17.9,19.3,20,20,17.9,19,19.3,17.9,19,17.9,19,18.3,17.9,18.3,19,17.9,14853600,17155908,34238,36,False
Club F DM 1,ClubF-DM-1,Example League,2025/26,Club F,DM,2478,31,0.08,0.075,0.135,0.691,0.318,0.072,0.16,0.136,1.18,1.18,0.7,0.8,6.1,0.767,0.15,2.25,1.45,0.82,2.11,1.242,1.383,8.6,5.676,2.1,0.008,0,0,0,19.2,18.2,18.9,18.9,18.5,18.5,19.2,19.6,18.5,20,20,18.9,20,20,19.6,20,19.2,18.9,20,20,18.2,19.6,19.6,19.2,20,20,20,20,19.2,19.2,19.2,18.2,19.6,18.9,20,20,19.2,19.6,18.2,19.2,18.2,19.2,18.5,18.2,18.5,19.2,18.2,15608088,18417544,36426,36,False
Club F DM 2,ClubF-DM-2,Example League,2025/26,Club F,DM,862,22,0.077,0.073,0.128,0.682,0.314,0.07,0.16,0.136,1.18,1.18,0.7,0.8,6.1,0.752,0.15,2.248,1.45,0.819,2.085,1.212,1.351,8.6,5.676,2.098,0.026,0,0,0,18.7,17.7,18.4,18.4,18,18,18.7,19.1,18,20,20,18.4,19.9,20,19.1,20,18.7,18.4,19.9,20,17.7,19.1,19.1,18.7,20,19.9,20,20,18.7,18.7,18.7,17.7,19.1,18.4,20,19.9,18.7,19.1,17.7,18.7,17.7,18.7,18,17.7,18,18.7,17.7,13999788,16519750,33542,12,False
Club F MC 1,ClubF-MC-1,Example League,2025/26,Club F,MC,2495,20,0.082,0.077,0.141,0.695,0.32,0.074,0.16,0.136,1.18,1.18,0.7,0.8,6.1,0.782,0.15,2.175,1.42,0.782,2.035,1.272,1.416,8.6,5.676,2.014,-0.009,0,0,0,18,18.7,19.4,19.4,20,19,18,19.5,19,18,20,19.4,18.7,20,18.3,20,18,19.4,18.7,20,18.7,18.3,18.3,19.2,19,20,20,20,18,18,18,18.7,18.3,19.4,20,18.7,18,18.3,18.7,18,18.7,18,19,18.7,19,18,18.7,16625400,17955432,35885,12,False
Club F MC 2,ClubF-MC-2,Example League,2025/26,Club F,MC,873,23,0.079,0.074,0.134,0.686,0.316,0.071,0.158,0.134,1.175,1.175,0.7,0.8,6.046,0.767,0.15,2.143,1.396,0.767,1.985,1.242,1.383,8.6,5.645,1.978,0.019,0,0,0,17.5,18.2,18.9,18.9,19.7,18.5,17.5,19,18.5,17.5,19.7,18.9,18.2,20,17.8,19.7,17.5,18.9,18.2,20,18.2,17.8,17.8,18.7,18.5,20,20,20,17.5,17.5,17.5,18.2,17.8,18.9,19.7,18.2,17.5,17.8,18.2,17.5,18.2,17.5,18.5,18.2,18.5,17.5,18.2,13160350,14213178,32847,18,False
Club F AML 1,ClubF-AML-1,Example League,2025/26,Club F,AML,2512,21,0.374,0.352,0.438,2.122,0.976,0.337,0.326,0.277,1.843,1.843,5.118,4.07,4.2,2.1,1.5,1.65,1.429,0.77,2.05,1.29,1.435,9.716,6.413,1.986,-0.03,0,0,0,20,20,20,20,19.3,19.3,18,18.6,19.3,18,20,19.7,17,20,18.6,20,20,20,19,19.7,19,20,18.6,20,19.3,19,20,19.7,20,20,20,19,18.6,20,20,19,20,18.6,19,20,19,20,19.3,19,19.3,20,19,18416588,20350330,37910,18,False
Club F AML 2,ClubF-AML-2,Example League,2025/26,Club F,AML,884,24,0.374,0.352,0.438,2.122,0.976,0.337,0.326,0.277,1.843,1.843,5.118,4.07,4.2,2.1,1.5,1.615,1.399,0.753,2,1.26,1.403,9.576,6.263,1.946,-0.03,0,0,0,19.5,20,20,20,18.8,18.8,17.5,18.1,18.8,17.5,20,19.2,16.5,20,18.1,19.5,19.5,20,18.5,19.2,18.5,20,18.1,20,18.8,18.5,20,19.2,20,20,19.5,18.5,18.1,20,19.5,18.5,19.5,18.1,18.5,19.5,18.5,19.5,18.8,18.5,18.8,19.5,18.5,14761788,16311776,34855,24,False
Club F AMC 1,ClubF-AMC-1,Example League,2025/26,Club F,AMC,2529,22,0.374,0.352,0.438,2.122,0.976,0.337,0.326,0.277,1.843,1.843,5.118,4.07,4.2,2.1,1.5,1.636,1.417,0.763,2.03,1.278,1.422,9.66,6.352,1.97,-0.03,0,0,0,19.8,20,20,20,19.1,19.1,17.8,18.4,19.1,17.8,20,19.5,16.8,20,18.4,19.8,19.8,20,18.8,19.5,18.8,20,18.4,20,19.1,18.8,20,19.5,20,20,19.8,18.8,18.4,20,19.8,18.8,19.8,18.4,18.8,19.8,18.8,19.8,19.1,18.8,19.1,19.8,18.8,17485150,19758220,37207,24,False
Club F AMC 2,ClubF-AMC-2,Example League,2025/26,Club F,AMC,895,25,0.374,0.352,0.438,2.122,0.976,0.337,0.326,0.277,1.843,1.843,5.118,4.07,4.2,2.1,1.5,1.601,1.387,0.746,1.98,1.248,1.39,9.52,6.203,1.93,-0.03,0,0,0,19.3,20,20,20,18.6,18.6,17.3,17.9,18.6,17.3,20,19,16.3,20,17.9,19.3,19.3,20,18.3,19,18.3,20,17.9,20,18.6,18.3,20,19,20,20,19.3,18.3,17.9,20,19.3,18.3,19.3,17.9,18.3,19.3,18.3,19.3,18.6,18.3,18.6,19.3,18.3,13893600,15699768,34158,30,False
Club F AMR 1,ClubF-AMR-1,Example League,2025/26,Club F,AMR,2546,23,0.374,0.352,0.438,2.122,0.976,0.337,0.326,0.277,1.843,1.843,5.118,4.07,4.2,2.1,1.5,1.62,1.405,0.755,2.005,1.26,1.403,9.576,6.274,1.952,-0.03,0,0,0,19.6,20,20,20,18.9,18.9,17.6,18.2,18.9,17.6,20,19.2,16.5,20,18.2,19.6,19.6,20,18.5,19.2,18.5,20,18.2,20,18.9,18.5,20,19.2,20,20,19.6,18.5,18.2,20,19.6,18.5,19.6,18.2,18.5,19.6,18.5,19.6,18.9,18.5,18.9,19.6,18.5,16568088,19136142,36506,30,False
Club F AMR 2,ClubF-AMR-2,Example League,2025/26,Club F,AMR,906,26,0.372,0.35,0.434,2.116,0.973,0.335,0.326,0.277,1.843,1.843,5.103,4.06,4.2,2.1,1.5,1.586,1.375,0.738,1.955,1.23,1.37,9.436,6.126,1.912,-0.03,0,0,0,19.1,20,20,19.7,18.4,18.4,17.1,17.7,18.4,17.1,20,18.7,16,20,17.7,19.1,19.1,19.7,18,18.7,18,20,17.7,20,18.4,18,20,18.7,20,20,19.1,18,17.7,20,19.1,18,19.1,17.7,18,19.1,18,19.1,18.4,18,18.4,19.1,18,13039788,15060955,33462,36,False
Club F ST 1,ClubF-ST-1,Example League,2025/26,Club F,ST,2563,24,0.54,0.508,0.604,3.128,1.439,0.486,0.146,0.124,0.937,0.937,7.32,4.5,0.6,1.335,0.1,1.51,1.309,0.7,1.95,1.29,1.435,9.436,6.228,1.826,0.05,0,0,0,19,18,18.7,20,20,18.3,20,19.4,18.3,16,19,18.7,15,18.7,19.4,20,19,20,18,18.7,18,19.4,19.4,20,15.3,18,18.3,18.7,20,19,19,19,19.4,20,19,19,19,19.4,18,19,18,19,18.3,18,18.3,19,18,18485172,21812503,36040,36,False
Club F ST 2,ClubF-ST-2,Example League,2025/26,Club F,ST,917,27,0.54,0.508,0.604,3.128,1.439,0.486,0.14,0.119,0.919,0.919,7.32,4.5,0.6,1.31,0.1,1.484,1.294,0.687,1.9,1.26,1.403,9.296,6.135,1.796,0.085,0,0,0,18.5,17.5,18.2,20,20,17.8,19.5,18.9,17.8,15.5,18.5,18.2,14.5,18.2,18.9,20,18.5,20,17.5,18.2,17.5,18.9,18.9,20,14.8,17.5,17.8,18.2,20,18.5,18.5,18.5,18.9,20,18.5,18.5,18.5,18.9,17.5,18.5,17.5,18.5,17.8,17.5,17.8,18.5,17.5,14396413,16987767,32950,12,False
Club G GK 1,ClubG-GK-1,Example League,2025/26,Club G,GK,2375,28,0,0,0.026,0,0,0,0.005,0.004,0.02,0.02,0,0,2.1,0,0,0,0,0,0,0,0,0,0,0,0,2.433,84,0.5,15.6,16.3,15.3,15.3,14.9,14.9,15.6,16,14.9,15.6,15.6,15.3,16.3,15.3,16,20,15.6,15.3,20,20,16.3,16,16,15.6,14.9,16.3,14.9,15.3,15.6,15.6,15.6,16.3,16,15.3,15.6,16.3,20,20,20,18.6,20,20,20,20,20,18.6,20,12147962,13423498,35387,18,False
Club G GK 2,ClubG-GK-2,Example League,2025/26,Club G,GK,790,31,0,0,0.022,0,0,0,0.005,0.004,0.02,0.02,0,0,2.1,0,0,0,0,0,0,0,0,0,0,0,0,2.488,84,0.5,15.1,15.8,14.8,14.8,14.4,14.4,15.1,15.5,14.4,15.1,15.1,14.8,15.8,14.8,15.5,20,15.1,14.8,20,20,15.8,15.5,15.5,15.1,14.4,15.8,14.4,14.8,15.1,15.1,15.1,15.8,15.5,14.8,15.1,15.8,20,20,20,18.1,20,20,20,20,20,18.1,20,9907394,10947670,32451,24,False
Club G DC 1,ClubG-DC-1,Example League,2025/26,Club G,DC,2392,29,0.035,0.033,0.074,0.3,0.13,0.032,0.049,0.042,0.15,0.15,0.25,0.2,3.667,0.05,0.03,2.25,2.05,1.52,3.4,2.45,2.5,8.152,5.38,2.1,0.141,0,0,0,18.7,17.7,15.4,15.4,18,18,20,19.1,18,20,19.7,18.4,20,18.4,19.1,20,20,18.4,20,19.4,17.7,16.1,19.1,18.7,20,17.7,18,18.4,18.7,18.7,18.7,20,19.1,19.4,18.7,20,18.7,19.1,17.7,18.7,17.7,18.7,18,17.7,18,18.7,17.7,14169150,16011140,34931,24,False
Club G DC 2,ClubG-DC-2,Example League,2025/26,Club G,DC,801,20,0.035,0.033,0.07,0.3,0.129,0.032,0.049,0.041,0.15,0.15,0.25,0.2,3.623,0.05,0.03,2.25,2.05,1.52,3.4,2.45,2.5,8.012,5.288,2.1,0.173,0,0,0,18.3,17.2,14.9,14.9,17.5,17.5,20,18.6,17.5,20,19.3,17.9,20,17.9,18.6,20,20,17.9,20,18.9,17.2,15.6,18.6,18.3,20,17.2,17.5,17.9,18.3,18.3,18.3,20,18.6,18.9,18.3,20,18.3,18.6,17.2,18.3,17.2,18.3,17.5,17.2,17.5,18.3,17.2,13180000,14893400,32098,30,False
Club G DL 1,ClubG-DL-1,Example League,2025/26,Club G,DL,2409,30,0.015,0.014,0.065,0.35,0.161,0.014,0.155,0.132,0.966,0.966,0.6,1.1,4.925,1.118,2.076,1.71,1.435,0.8,2,1.2,1.338,8.6,5.624,2.054,0.015,0,0,0,18.5,19.7,19.2,18.2,17.8,17.8,18.5,18.9,17.8,18.5,19.5,18.2,19.7,18.2,18.9,19.5,18.5,18.2,17.5,18.2,17.5,18.9,18.9,18.5,20,17.5,17.8,20,20,18.5,18.5,17.5,18.9,20,20,17.5,18.5,18.9,17.5,18.5,17.5,18.5,17.8,17.5,17.8,18.5,17.5,13538088,15636492,34253,30,False
Club G DL 2,ClubG-DL-2,Example League,2025/26,Club G,DL,812,21,0.015,0.014,0.061,0.35,0.16,0.014,0.149,0.127,0.948,0.948,0.6,1.1,4.85,1.098,2.036,1.675,1.405,0.782,1.95,1.17,1.305,8.572,5.555,2.014,0.05,0,0,0,18,19.2,18.7,17.7,17.3,17.3,18,18.4,17.3,18,19,17.7,19.2,17.7,18.4,19,18,17.7,17,17.7,17,18.4,18.4,18,19.5,17,17.3,19.9,20,18,18,17,18.4,19.9,20,17,18,18.4,17,18,17,18,17.3,17,17.3,18,17,12372188,14289877,31406,36,False
Club G DR 1,ClubG-DR-1,Example League,2025/26,Club G,DR,2426,31,0.015,0.014,0.069,0.35,0.161,0.014,0.16,0.136,0.98,0.98,0.6,1.1,5,1.142,2.1,1.736,1.45,0.813,2.065,1.236,1.377,8.6,5.676,2.084,-0.023,0,0,0,19.2,20,19.8,18.8,18.5,18.5,19.2,19.5,18.5,19.2,20,18.8,20,18.8,19.5,20,19.2,18.8,18.1,18.8,18.1,19.5,19.5,19.2,20,18.1,18.5,20,20,19.2,19.2,18.1,19.5,20,20,18.1,19.2,19.5,18.1,19.2,18.1,19.2,18.5,18.1,18.5,19.2,18.1,15474400,18259792,36290,36,False
Club G DR 2,ClubG-DR-2,Example League,2025/26,Club G,DR,823,22,0.015,0.014,0.066,0.35,0.161,0.014,0.158,0.134,0.973,0.973,0.6,1.1,4.955,1.126,2.092,1.72,1.441,0.805,2.02,1.212,1.351,8.6,5.645,2.066,0.001,0,0,0,18.7,19.9,19.4,18.4,18,18,18.7,19.1,18,18.7,19.7,18.4,19.9,18.4,19.1,19.7,18.7,18.4,17.7,18.4,17.7,19.1,19.1,18.7,20,17.7,18,20,20,18.7,18.7,17.7,19.1,20,20,17.7,18.7,19.1,17.7,18.7,17.7,18.7,18,17.7,18,18.7,17.7,13878750,16376925,33407,12,False
Club G DM 1,ClubG-DM-1,Example League,2025/26,Club G,DM,2443,20,0.079,0.074,0.132,0.686,0.316,0.071,0.16,0.136,1.18,1.18,0.7,0.8,6.1,0.758,0.15,2.25,1.45,0.82,2.095,1.224,1.364,8.6,5.676,2.1,0.019,0,0,0,19,17.9,18.6,18.6,18.3,18.3,19,19.3,18.3,20,20,18.6,20,20,19.3,20,19,18.6,20,20,17.9,19.3,19.3,19,20,20,20,20,19,19,19,17.9,19.3,18.6,20,20,19,19.3,17.9,19,17.9,19,18.3,17.9,18.3,19,17.9,16494587,17814154,35750,12,False
Club G DM 2,ClubG-DM-2,Example League,2025/26,Club G,DM,834,23,0.076,0.071,0.125,0.677,0.312,0.068,0.16,0.136,1.18,1.18,0.7,0.8,6.1,0.743,0.15,2.243,1.45,0.817,2.07,1.194,1.331,8.6,5.676,2.092,0.036,0,0,0,18.5,17.4,18.1,18.1,17.8,17.8,18.5,18.8,17.8,20,20,18.1,19.6,20,18.8,20,18.5,18.1,19.6,20,17.4,18.8,18.8,18.5,20,19.6,20,20,18.5,18.5,18.5,17.4,18.8,18.1,20,19.6,18.5,18.8,17.4,18.5,17.4,18.5,17.8,17.4,17.8,18.5,17.4,13042188,14085563,32712,18,False
Club G MC 1,ClubG-MC-1,Example League,2025/26,Club G,MC,2460,21,0.08,0.075,0.137,0.69,0.317,0.072,0.159,0.135,1.178,1.178,0.7,0.8,6.082,0.773,0.15,2.157,1.408,0.774,2.005,1.254,1.396,8.6,5.666,1.994,0.005,0,0,0,17.7,18.4,19.1,19.1,19.9,18.7,17.7,19.2,18.7,17.7,19.9,19.1,18.4,20,18,19.9,17.7,19.1,18.4,20,18.4,18,18,18.9,18.7,20,20,20,17.7,17.7,17.7,18.4,18,19.1,19.9,18.4,17.7,18,18.4,17.7,18.4,17.7,18.7,18.4,18.7,17.7,18.4,15609150,17248111,35051,18,False
Club G MC 2,ClubG-MC-2,Example League,2025/26,Club G,MC,845,24,0.077,0.072,0.13,0.681,0.313,0.069,0.156,0.133,1.169,1.169,0.7,0.8,5.992,0.758,0.15,2.124,1.381,0.757,1.955,1.224,1.364,8.6,5.614,1.956,0.04,0,0,0,17.2,17.9,18.6,18.6,19.5,18.3,17.2,18.7,18.3,17.2,19.4,18.6,17.9,20,17.5,19.4,17.2,18.6,17.9,20,17.9,17.5,17.5,18.4,18.3,20,20,20,17.2,17.2,17.2,17.9,17.5,18.6,19.4,17.9,17.2,17.5,17.9,17.2,17.9,17.2,18.3,17.9,18.3,17.2,17.9,12220000,13503100,32018,24,False
Club G AML 1,ClubG-AML-1,Example League,2025/26,Club G,AML,2477,22,0.371,0.348,0.431,2.112,0.971,0.333,0.326,0.277,1.843,1.843,5.094,4.053,4.2,2.1,1.5,1.572,1.363,0.731,1.935,1.218,1.357,9.38,6.067,1.896,-0.03,0,0,0,18.9,20,20,19.5,18.2,18.2,16.9,17.5,18.2,16.9,20,18.5,15.8,20,17.5,18.9,18.9,19.5,17.8,18.5,17.8,20,17.5,20,18.2,17.8,20,18.5,20,20,18.9,17.8,17.5,20,18.9,17.8,18.9,17.5,17.8,18.9,17.8,18.9,18.2,17.8,18.2,18.9,17.8,14738088,16654039,34353,24,False
Club G AML 2,ClubG-AML-2,Example League,2025/26,Club G,AML,856,25,0.367,0.345,0.423,2.101,0.966,0.33,0.325,0.276,1.839,1.839,5.069,4.035,4.2,2.1,1.488,1.537,1.333,0.713,1.885,1.188,1.325,9.24,5.921,1.856,-0.03,0,0,0,18.4,19.8,20,19,17.7,17.7,16.4,17,17.7,16.4,20,18,15.3,20,17,18.4,18.4,19,17.3,18,17.3,19.5,17,20,17.7,17.3,20,18,20,20,18.4,17.3,17,20,18.4,17.3,18.4,17,17.3,18.4,17.3,18.4,17.7,17.3,17.7,18.4,17.3,11412188,12895772,31326,30,False
Club G AMC 1,ClubG-AMC-1,Example League,2025/26,Club G,AMC,2494,23,0.374,0.352,0.438,2.122,0.976,0.337,0.326,0.277,1.843,1.843,5.118,4.07,4.2,2.1,1.5,1.615,1.399,0.753,2,1.26,1.403,9.576,6.263,1.946,-0.03,0,0,0,19.5,20,20,20,18.8,18.8,17.5,18.1,18.8,17.5,20,19.2,16.5,20,18.1,19.5,19.5,20,18.5,19.2,18.5,20,18.1,20,18.8,18.5,20,19.2,20,20,19.5,18.5,18.1,20,19.5,18.5,19.5,18.1,18.5,19.5,18.5,19.5,18.8,18.5,18.8,19.5,18.5,16434400,18981732,36370,30,False
Club G AMC 2,ClubG-AMC-2,Example League,2025/26,Club G,AMC,867,26,0.372,0.35,0.434,2.116,0.973,0.335,0.326,0.277,1.843,1.843,5.103,4.06,4.2,2.1,1.5,1.586,1.375,0.738,1.955,1.23,1.37,9.436,6.126,1.912,-0.03,0,0,0,19.1,20,20,19.7,18.4,18.4,17.1,17.7,18.4,17.1,20,18.7,16,20,17.7,19.1,19.1,19.7,18,18.7,18,20,17.7,20,18.4,18,20,18.7,20,20,19.1,18,17.7,20,19.1,18,19.1,17.7,18,19.1,18,19.1,18.4,18,18.4,19.1,18,12918750,14921156,33327,36,False
Club G AMR 1,ClubG-AMR-1,Example League,2025/26,Club G,AMR,2511,24,0.374,0.352,0.438,2.122,0.976,0.337,0.326,0.277,1.843,1.843,5.118,4.07,4.2,2.1,1.5,1.601,1.387,0.746,1.98,1.248,1.39,9.52,6.203,1.93,-0.03,0,0,0,19.3,20,20,20,18.6,18.6,17.3,17.9,18.6,17.3,20,19,16.3,20,17.9,19.3,19.3,20,18.3,19,18.3,20,17.9,20,18.6,18.3,20,19,20,20,19.3,18.3,17.9,20,19.3,18.3,19.3,17.9,18.3,19.3,18.3,19.3,18.6,18.3,18.6,19.3,18.3,15534587,18330813,35670,36,False
Club G AMR 2,ClubG-AMR-2,Example League,2025/26,Club G,AMR,878,27,0.371,0.348,0.431,2.112,0.971,0.333,0.326,0.277,1.843,1.843,5.094,4.053,4.2,2.1,1.5,1.566,1.357,0.728,1.93,1.218,1.357,9.38,6.056,1.89,-0.03,0,0,0,18.8,20,20,19.5,18.1,18.1,16.8,17.4,18.1,16.8,20,18.5,15.8,20,17.4,18.8,18.8,19.5,17.8,18.5,17.8,19.9,17.4,20,18.1,17.8,20,18.5,20,20,18.8,17.8,17.4,20,18.8,17.8,18.8,17.4,17.8,18.8,17.8,18.8,18.1,17.8,18.1,18.8,17.8,12082188,14256982,32632,12,False
Club G ST 1,ClubG-ST-1,Example League,2025/26,Club G,ST,2528,25,0.54,0.508,0.604,3.128,1.439,0.486,0.142,0.121,0.927,0.927,7.32,4.5,0.6,1.32,0.1,1.495,1.3,0.692,1.92,1.272,1.416,9.352,6.172,1.808,0.072,0,0,0,18.7,17.7,18.4,20,20,18,19.7,19.1,18,15.7,18.7,18.4,14.7,18.4,19.1,20,18.7,20,17.7,18.4,17.7,19.1,19.1,20,15,17.7,18,18.4,20,18.7,18.7,18.7,19.1,20,18.7,18.7,18.7,19.1,17.7,18.7,17.7,18.7,18,17.7,18,18.7,17.7,17285997,18668877,35190,12,False
Club G ST 2,ClubG-ST-2,Example League,2025/26,Club G,ST,889,28,0.54,0.508,0.604,3.128,1.439,0.486,0.137,0.116,0.91,0.91,7.32,4.5,0.6,1.295,0.1,1.47,1.288,0.68,1.87,1.242,1.383,9.212,6.08,1.78,0.103,0,0,0,18.3,17.2,17.9,20,20,17.5,19.3,18.6,17.5,15.2,18.3,17.9,14.2,17.9,18.6,20,18.3,20,17.2,17.9,17.2,18.6,18.6,20,14.6,17.2,17.5,17.9,20,18.3,18.3,18.2,18.6,20,18.3,18.2,18.3,18.6,17.2,18.3,17.2,18.3,17.5,17.2,17.5,18.3,17.2,13570000,14655600,32131,18,False
Club H GK 1,ClubH-GK-1,Example League,2025/26,Club H,GK,2340,29,0,0,0.024,0,0,0,0.005,0.004,0.02,0.02,0,0,2.1,0,0,0,0,0,0,0,0,0,0,0,0,2.448,84,0.5,15.3,16,15,15,14.6,14.6,15.3,15.7,14.6,15.3,15.3,15,16,15,15.7,20,15.3,15,20,20,16,15.7,15.7,15.3,14.6,16,14.6,15,15.3,15.3,15.3,16,15.7,15,15.3,16,20,20,20,18.3,20,20,20,20,20,18.3,20,11514266,13011121,34585,24,False
Club H GK 2,ClubH-GK-2,Example League,2025/26,Club H,GK,762,20,0,0,0.02,0,0,0,0.005,0.004,0.02,0.02,0,0,2.1,0,0,0,0,0,0,0,0,0,0,0,0,2.503,84,0.5,14.9,15.6,14.5,14.5,14.2,14.2,14.9,15.2,14.2,14.9,14.9,14.5,15.6,14.5,15.2,20,14.9,14.5,20,20,15.6,15.2,15.2,14.9,14.2,15.6,14.2,14.5,14.9,14.9,14.9,15.6,15.2,14.5,14.9,15.6,20,20,20,17.9,20,20,20,20,20,17.9,20,10713536,12106296,31768,30,False
Club H DC 1,ClubH-DC-1,Example League,2025/26,Club H,DC,2357,30,0.035,0.033,0.072,0.3,0.129,0.032,0.049,0.042,0.15,0.15,0.25,0.2,3.645,0.05,0.03,2.25,2.05,1.52,3.4,2.45,2.5,8.068,5.325,2.1,0.159,0,0,0,18.5,17.4,15.1,15.1,17.8,17.8,20,18.8,17.8,20,19.5,18.1,20,18.1,18.8,20,20,18.1,20,19.1,17.4,15.8,18.8,18.5,20,17.4,17.8,18.1,18.5,18.5,18.5,20,18.8,19.1,18.5,20,18.5,18.8,17.4,18.5,17.4,18.5,17.8,17.4,17.8,18.5,17.4,13413600,15492708,34118,30,False
Club H DC 2,ClubH-DC-2,Example League,2025/26,Club H,DC,773,21,0.035,0.033,0.068,0.3,0.128,0.031,0.048,0.041,0.15,0.15,0.25,0.2,3.59,0.05,0.03,2.248,2.05,1.519,3.395,2.444,2.494,7.928,5.232,2.098,0.194,0,0,0,18,16.9,14.6,14.6,17.3,17.3,20,18.3,17.3,20,19,17.6,19.9,17.6,18.3,20,20,17.6,19.9,18.6,16.9,15.3,18.3,18,20,16.9,17.3,17.6,18,18,18,19.9,18.3,18.6,18,19.9,18,18.3,16.9,18,16.9,18,17.3,16.9,17.3,18,16.9,12260350,14160704,31272,36,False
Club H DL 1,ClubH-DL-1,Example League,2025/26,Club H,DL,2374,31,0.015,0.014,0.062,0.35,0.161,0.014,0.152,0.129,0.955,0.955,0.6,1.1,4.88,1.106,2.052,1.689,1.417,0.789,1.97,1.182,1.318,8.6,5.593,2.03,0.036,0,0,0,18.2,19.4,18.9,17.9,17.5,17.5,18.2,18.6,17.5,18.2,19.2,17.9,19.4,17.9,18.6,19.2,18.2,17.9,17.2,17.9,17.2,18.6,18.6,18.2,19.7,17.2,17.5,20,20,18.2,18.2,17.2,18.6,20,20,17.2,18.2,18.6,17.2,18.2,17.2,18.2,17.5,17.2,17.5,18.2,17.2,12799787,15103749,33442,36,False
Club H DL 2,ClubH-DL-2,Example League,2025/26,Club H,DL,784,22,0.015,0.014,0.058,0.35,0.159,0.014,0.146,0.124,0.939,0.939,0.6,1.1,4.82,1.086,2.012,1.659,1.393,0.775,1.925,1.152,1.285,8.488,5.48,1.996,0.068,0,0,0,17.8,18.9,18.4,17.4,17.1,17.1,17.8,18.1,17.1,17.8,18.8,17.4,18.9,17.4,18.1,18.8,17.8,17.4,16.7,17.4,16.7,18.1,18.1,17.8,19.3,16.7,17.1,19.6,20,17.8,17.8,16.7,18.1,19.6,20,16.7,17.8,18.1,16.7,17.8,16.7,17.8,17.1,16.7,17.1,17.8,16.7,11469787,13534349,30581,12,False
Club H DR 1,ClubH-DR-1,Example League,2025/26,Club H,DR,2391,20,0.015,0.014,0.061,0.35,0.16,0.014,0.149,0.127,0.948,0.948,0.6,1.1,4.85,1.098,2.036,1.675,1.405,0.782,1.95,1.17,1.305,8.572,5.555,2.014,0.05,0,0,0,18,19.2,18.7,17.7,17.3,17.3,18,18.4,17.3,18,19,17.7,19.2,17.7,18.4,19,18,17.7,17,17.7,17,18.4,18.4,18,19.5,17,17.3,19.9,20,18,18,17,18.4,19.9,20,17,18,18.4,17,18,17,18,17.3,17,17.3,18,17,13880350,14990778,32907,12,False
Club H DR 2,ClubH-DR-2,Example League,2025/26,Club H,DR,795,23,0.015,0.014,0.057,0.35,0.158,0.014,0.143,0.122,0.93,0.93,0.6,1.1,4.775,1.078,1.996,1.64,1.375,0.765,1.9,1.14,1.273,8.432,5.413,1.974,0.085,0,0,0,17.5,18.7,18.2,17.2,16.8,16.8,17.5,17.9,16.8,17.5,18.5,17.2,18.7,17.2,17.9,18.5,17.5,17.2,16.5,17.2,16.5,17.9,17.9,17.5,19,16.5,16.8,19.4,19.7,17.5,17.5,16.5,17.9,19.4,19.7,16.5,17.5,17.9,16.5,17.5,16.5,17.5,16.8,16.5,16.8,17.5,16.5,10693600,11549088,29891,18,False
Club H DM 1,ClubH-DM-1,Example League,2025/26,Club H,DM,2408,21,0.077,0.072,0.127,0.681,0.313,0.069,0.16,0.136,1.18,1.18,0.7,0.8,6.1,0.749,0.15,2.247,1.45,0.818,2.08,1.206,1.344,8.6,5.676,2.096,0.029,0,0,0,18.7,17.6,18.3,18.3,18,18,18.7,19,18,20,20,18.3,19.8,20,19,20,18.7,18.3,19.8,20,17.6,19,19,18.7,20,19.8,20,20,18.7,18.7,18.7,17.6,19,18.3,20,19.8,18.7,19,17.6,18.7,17.6,18.7,18,17.6,18,18.7,17.6,15481787,17107375,34915,18,False
Club H DM 2,ClubH-DM-2,Example League,2025/26,Club H,DM,806,24,0.074,0.07,0.121,0.673,0.309,0.067,0.158,0.134,1.175,1.175,0.7,0.8,6.1,0.737,0.15,2.234,1.441,0.812,2.06,1.182,1.318,8.6,5.676,2.082,0.043,0,0,0,18.2,17.2,17.9,17.9,17.5,17.5,18.2,18.6,17.5,20,20,17.9,19.4,20,18.6,20,18.2,17.9,19.4,20,17.2,18.6,18.6,18.2,19.7,19.4,19.7,20,18.2,18.2,18.2,17.2,18.6,17.9,20,19.4,18.2,18.6,17.2,18.2,17.2,18.2,17.5,17.2,17.5,18.2,17.2,12105287,13376342,31884,24,False
Club H MC 1,ClubH-MC-1,Example League,2025/26,Club H,MC,2425,22,0.078,0.074,0.133,0.685,0.315,0.07,0.158,0.134,1.173,1.173,0.7,0.8,6.028,0.764,0.15,2.138,1.393,0.764,1.975,1.236,1.377,8.6,5.635,1.972,0.026,0,0,0,17.4,18.1,18.8,18.8,19.7,18.5,17.4,19,18.5,17.4,19.6,18.8,18.1,20,17.8,19.6,17.4,18.8,18.1,20,18.1,17.8,17.8,18.6,18.5,20,20,20,17.4,17.4,17.4,18.1,17.8,18.8,19.6,18.1,17.4,17.8,18.1,17.4,18.1,17.4,18.5,18.1,18.5,17.4,18.1,14613600,16513368,34218,24,False
Club H MC 2,ClubH-MC-2,Example League,2025/26,Club H,MC,817,25,0.075,0.071,0.126,0.676,0.311,0.068,0.155,0.131,1.164,1.164,0.7,0.8,5.938,0.749,0.15,2.103,1.363,0.747,1.925,1.206,1.344,8.6,5.583,1.932,0.061,0,0,0,16.9,17.6,18.3,18.3,19.2,18,16.9,18.5,18,16.9,19.1,18.3,17.6,20,17.3,19.1,16.9,18.3,17.6,20,17.6,17.3,17.3,18.1,18,19.8,20,20,16.9,16.9,16.9,17.6,17.3,18.3,19.1,17.6,16.9,17.3,17.6,16.9,17.6,16.9,18,17.6,18,16.9,17.6,11300350,12769396,31192,30,False
Club H AML 1,ClubH-AML-1,Example League,2025/26,Club H,AML,2442,23,0.368,0.346,0.426,2.105,0.968,0.332,0.326,0.277,1.843,1.843,5.079,4.042,4.2,2.1,1.5,1.551,1.345,0.72,1.905,1.2,1.338,9.296,5.979,1.872,-0.03,0,0,0,18.6,20,20,19.2,17.9,17.9,16.6,17.2,17.9,16.6,20,18.2,15.5,20,17.2,18.6,18.6,19.2,17.5,18.2,17.5,19.7,17.2,20,17.9,17.5,20,18.2,20,20,18.6,17.5,17.2,20,18.6,17.5,18.6,17.2,17.5,18.6,17.5,18.6,17.9,17.5,17.9,18.6,17.5,13759787,15892554,33522,30,False
Club H AML 2,ClubH-AML-2,Example League,2025/26,Club H,AML,828,26,0.366,0.344,0.42,2.097,0.965,0.329,0.323,0.274,1.832,1.832,5.059,4.028,4.2,2.1,1.476,1.517,1.315,0.704,1.86,1.176,1.312,9.184,5.852,1.834,-0.03,0,0,0,18.1,19.6,20,18.8,17.4,17.4,16.1,16.7,17.4,16.1,20,17.8,15.1,20,16.7,18.1,18.1,18.8,17.1,17.8,17.1,19.2,16.7,20,17.4,17.1,19.9,17.8,20,20,18.1,17.1,16.7,20,18.1,17.1,18.1,16.7,17.1,18.1,17.1,18.1,17.4,17.1,17.4,18.1,17.1,10509787,12138804,30501,36,False
Club H AMC 1,ClubH-AMC-1,Example League,2025/26,Club H,AMC,2459,24,0.367,0.345,0.423,2.101,0.966,0.33,0.325,0.276,1.839,1.839,5.069,4.035,4.2,2.1,1.488,1.537,1.333,0.713,1.885,1.188,1.325,9.24,5.921,1.856,-0.03,0,0,0,18.4,19.8,20,19,17.7,17.7,16.4,17,17.7,16.4,20,18,15.3,20,17,18.4,18.4,19,17.3,18,17.3,19.5,17,20,17.7,17.3,20,18,20,20,18.4,17.3,17,20,18.4,17.3,18.4,17,17.3,18.4,17.3,18.4,17.7,17.3,17.7,18.4,17.3,12920350,15246013,32827,36,False
Club H AMC 2,ClubH-AMC-2,Example League,2025/26,Club H,AMC,839,27,0.364,0.342,0.416,2.091,0.962,0.327,0.319,0.271,1.821,1.821,5.045,4.018,4.2,2.1,1.458,1.502,1.303,0.696,1.835,1.158,1.292,9.1,5.777,1.816,-0.03,0,0,0,17.9,19.3,20,18.5,17.2,17.2,15.9,16.5,17.2,15.9,20,17.5,14.8,20,16.5,17.9,17.9,18.5,16.8,17.5,16.8,19,16.5,20,17.2,16.8,19.7,17.5,20,20,17.9,16.8,16.5,20,17.9,16.8,17.9,16.5,16.8,17.9,16.8,17.9,17.2,16.8,17.2,17.9,16.8,9733600,11485648,29811,12,False
Club H AMR 1,ClubH-AMR-1,Example League,2025/26,Club H,AMR,2476,25,0.372,0.35,0.434,2.116,0.973,0.335,0.326,0.277,1.843,1.843,5.103,4.06,4.2,2.1,1.5,1.58,1.369,0.735,1.95,1.23,1.37,9.436,6.115,1.906,-0.03,0,0,0,19,20,20,19.7,18.3,18.3,17,17.6,18.3,17,20,18.7,16,20,17.6,19,19,19.7,18,18.7,18,20,17.6,20,18.3,18,20,18.7,20,20,19,18,17.6,20,19,18,19,17.6,18,19,18,19,18.3,18,18.3,19,18,14521787,15683530,34835,12,False
Club H AMR 2,ClubH-AMR-2,Example League,2025/26,Club H,AMR,850,28,0.368,0.346,0.426,2.105,0.968,0.332,0.326,0.277,1.843,1.843,5.079,4.042,4.2,2.1,1.5,1.551,1.345,0.72,1.905,1.2,1.338,9.296,5.979,1.872,-0.03,0,0,0,18.6,20,20,19.2,17.9,17.9,16.6,17.2,17.9,16.6,20,18.2,15.5,20,17.2,18.6,18.6,19.2,17.5,18.2,17.5,19.7,17.2,20,17.9,17.5,20,18.2,20,20,18.6,17.5,17.2,20,18.6,17.5,18.6,17.2,17.5,18.6,17.5,18.6,17.9,17.5,17.9,18.6,17.5,11385287,12296110,31824,18,False
Club H ST 1,ClubH-ST-1,Example League,2025/26,Club H,ST,2493,26,0.54,0.508,0.604,3.128,1.439,0.486,0.14,0.119,0.919,0.919,7.32,4.5,0.6,1.305,0.1,1.482,1.294,0.686,1.895,1.254,1.396,9.268,6.117,1.794,0.089,0,0,0,18.5,17.4,18.1,20,20,17.8,19.5,18.8,17.8,15.5,18.5,18.1,14.4,18.1,18.8,20,18.5,20,17.4,18.1,17.4,18.8,18.8,20,14.8,17.4,17.8,18.1,20,18.5,18.5,18.4,18.8,20,18.5,18.4,18.5,18.8,17.4,18.5,17.4,18.5,17.8,17.4,17.8,18.5,17.4,16111248,17802929,34343,18,False
Club H ST 2,ClubH-ST-2,Example League,2025/26,Club H,ST,861,29,0.54,0.508,0.604,3.128,1.439,0.486,0.134,0.114,0.901,0.901,7.32,4.5,0.6,1.28,0.1,1.456,1.279,0.673,1.845,1.224,1.364,9.128,6.024,1.764,0.124,0,0,0,18,16.9,17.6,20,20,17.3,19,18.3,17.3,15,18,17.6,13.9,17.6,18.3,20,18,20,16.9,17.6,16.9,18.3,18.3,20,14.3,16.9,17.3,17.6,20,18,18,17.9,18.3,20,18,17.9,18,18.3,16.9,18,16.9,18,17.3,16.9,17.3,18,16.9,12768013,14108654,31314,24,False
Club I GK 1,ClubI-GK-1,Example League,2025/26,Club I,GK,2305,30,0,0,0.014,0,0,0,0.005,0.004,0.02,0.02,0,0,2.1,0,0,0,0,0,0,0,0,0,0,0,0,2.513,84,0.488,14.2,14.9,13.8,13.8,13.5,13.5,14.2,14.5,13.5,14.2,14.2,13.8,14.9,13.8,14.5,20,14.2,13.8,20,19.8,14.9,14.5,14.5,14.2,13.5,14.9,13.5,13.8,14.2,14.2,14.2,14.9,14.5,13.8,14.2,14.9,20,20,20,17.2,20,20,19.5,20,19.5,17.2,20,8964394,10353875,31122,30,False
Club I GK 2,ClubI-GK-2,Example League,2025/26,Club I,GK,734,21,0,0,0.01,0,0,0,0.005,0.004,0.02,0.02,0,0,2.076,0,0,0,0,0,0,0,0,0,0,0,0,2.568,84,0.475,13.7,14.4,13.3,13.3,13,13,13.7,14,13,13.7,13.7,13.3,14.4,13.3,14,19.7,13.7,13.3,20,19.3,14.4,14,14,13.7,13,14.4,13,13.3,13.7,13.7,13.7,14.4,14,13.3,13.7,14.4,19.7,20,20,16.7,20,19.7,19,20,19,16.7,20,8236562,9513229,28311,36,False
Club I DC 1,ClubI-DC-1,Example League,2025/26,Club I,DC,2322,31,0.035,0.033,0.07,0.3,0.129,0.032,0.048,0.041,0.15,0.15,0.25,0.2,3.612,0.05,0.03,2.25,2.05,1.52,3.4,2.45,2.5,8.012,5.288,2.1,0.176,0,0,0,18.2,17.2,14.9,14.9,17.5,17.5,20,18.6,17.5,20,19.2,17.9,20,17.9,18.6,20,20,17.9,20,18.9,17.2,15.6,18.6,18.2,20,17.2,17.5,17.9,18.2,18.2,18.2,20,18.6,18.9,18.2,20,18.2,18.6,17.2,18.2,17.2,18.2,17.5,17.2,17.5,18.2,17.2,12678750,14960925,33307,36,False
Club I DC 2,ClubI-DC-2,Example League,2025/26,Club I,DC,745,22,0.034,0.032,0.066,0.3,0.127,0.031,0.047,0.04,0.15,0.15,0.25,0.2,3.557,0.05,0.03,2.245,2.05,1.517,3.385,2.432,2.481,7.872,5.196,2.094,0.211,0,0,0,17.7,16.7,14.4,14.4,17,17,20,18.1,17,20,18.7,17.4,19.7,17.4,18.1,20,20,17.4,19.7,18.4,16.7,15.1,18.1,17.7,20,16.7,17,17.4,17.7,17.7,17.7,19.7,18.1,18.4,17.7,19.7,17.7,18.1,16.7,17.7,16.7,17.7,17,16.7,17,17.7,16.7,11361400,13406452,30447,12,False
Club I DL 1,ClubI-DL-1,Example League,2025/26,Club I,DL,2339,20,0.015,0.014,0.06,0.35,0.16,0.014,0.149,0.126,0.946,0.946,0.6,1.1,4.85,1.094,2.028,1.673,1.405,0.782,1.945,1.164,1.299,8.544,5.537,2.012,0.054,0,0,0,18,19.1,18.6,17.6,17.3,17.3,18,18.3,17.3,18,19,17.6,19.1,17.6,18.3,19,18,17.6,16.9,17.6,16.9,18.3,18.3,18,19.5,16.9,17.3,19.8,20,18,18,16.9,18.3,19.8,20,16.9,18,18.3,16.9,18,16.9,18,17.3,16.9,17.3,18,16.9,13762188,14863163,32772,12,False
Club I DL 2,ClubI-DL-2,Example League,2025/26,Club I,DL,756,23,0.015,0.014,0.056,0.35,0.158,0.014,0.143,0.121,0.928,0.928,0.6,1.1,4.775,1.074,1.988,1.638,1.375,0.764,1.895,1.134,1.266,8.404,5.395,1.972,0.089,0,0,0,17.5,18.6,18.1,17.1,16.8,16.8,17.5,17.8,16.8,17.5,18.5,17.1,18.6,17.1,17.8,18.5,17.5,17.1,16.4,17.1,16.4,17.8,17.8,17.5,19,16.4,16.8,19.3,19.7,17.5,17.5,16.4,17.8,19.3,19.7,16.4,17.5,17.8,16.4,17.5,16.4,17.5,16.8,16.4,16.8,17.5,16.4,10588088,11435135,29757,18,False
Club I DR 1,ClubI-DR-1,Example League,2025/26,Club I,DR,2356,21,0.015,0.014,0.058,0.35,0.159,0.014,0.146,0.124,0.939,0.939,0.6,1.1,4.82,1.086,2.012,1.657,1.39,0.774,1.925,1.152,1.285,8.488,5.48,1.994,0.068,0,0,0,17.8,18.9,18.4,17.4,17,17,17.8,18.1,17,17.8,18.8,17.4,18.9,17.4,18.1,18.8,17.8,17.4,16.7,17.4,16.7,18.1,18.1,17.8,19.2,16.7,17,19.6,20,17.8,17.8,16.7,18.1,19.6,20,16.7,17.8,18.1,16.7,17.8,16.7,17.8,17,16.7,17,17.8,16.7,12940000,14298700,32078,18,False
Club I DR 2,ClubI-DR-2,Example League,2025/26,Club I,DR,767,24,0.015,0.014,0.054,0.35,0.157,0.014,0.14,0.119,0.921,0.921,0.6,1.1,4.745,1.066,1.972,1.624,1.363,0.757,1.875,1.122,1.253,8.348,5.339,1.956,0.103,0,0,0,17.3,18.4,17.9,16.9,16.6,16.6,17.3,17.6,16.6,17.3,18.3,16.9,18.4,16.9,17.6,18.3,17.3,16.9,16.2,16.9,16.2,17.6,17.6,17.3,18.8,16.2,16.6,19.1,19.5,17.3,17.3,16.2,17.6,19.1,19.5,16.2,17.3,17.6,16.2,17.3,16.2,17.3,16.6,16.2,16.6,17.3,16.2,9829150,10861211,29069,24,False
Club I DM 1,ClubI-DM-1,Example League,2025/26,Club I,DM,2373,22,0.07,0.066,0.112,0.66,0.298,0.063,0.152,0.129,1.157,1.157,0.7,0.8,6.046,0.716,0.15,2.199,1.411,0.795,2.01,1.14,1.273,8.432,5.535,2.042,0.079,0,0,0,17.5,16.5,17.2,17.2,16.8,16.8,17.5,17.9,16.8,19.7,19.7,17.2,18.7,19.4,17.9,19.7,17.5,17.2,18.7,19.4,16.5,17.9,17.9,17.5,19,18.7,19,19.4,17.5,17.5,17.5,16.5,17.9,17.2,19.7,18.7,17.5,17.9,16.5,17.5,16.5,17.5,16.8,16.5,16.8,17.5,16.5,12132188,13709372,31386,24,False
Club I DM 2,ClubI-DM-2,Example League,2025/26,Club I,DM,778,25,0.067,0.063,0.105,0.651,0.291,0.06,0.146,0.124,1.139,1.139,0.7,0.8,5.956,0.701,0.15,2.164,1.381,0.777,1.96,1.11,1.24,8.292,5.393,2.002,0.113,0,0,0,17,16,16.7,16.7,16.3,16.3,17,17.4,16.3,19.2,19.2,16.7,18.2,18.9,17.4,19.2,17,16.7,18.2,18.9,16,17.4,17.4,17,18.5,18.2,18.5,18.9,17,17,17,16,17.4,16.7,19.2,18.2,17,17.4,16,17,16,17,16.3,16,16.3,17,16,9084588,10265584,28382,30,False
Club I MC 1,ClubI-MC-1,Example League,2025/26,Club I,MC,2390,23,0.077,0.072,0.13,0.681,0.313,0.069,0.156,0.133,1.169,1.169,0.7,0.8,5.992,0.758,0.15,2.122,1.378,0.756,1.955,1.224,1.364,8.6,5.614,1.954,0.04,0,0,0,17.2,17.9,18.6,18.6,19.4,18.2,17.2,18.7,18.2,17.2,19.4,18.6,17.9,20,17.5,19.4,17.2,18.6,17.9,20,17.9,17.5,17.5,18.4,18.2,20,20,20,17.2,17.2,17.2,17.9,17.5,18.6,19.4,17.9,17.2,17.5,17.9,17.2,17.9,17.2,18.2,17.9,18.2,17.2,17.9,13638750,15752756,33387,30,False
Club I MC 2,ClubI-MC-2,Example League,2025/26,Club I,MC,789,26,0.074,0.07,0.123,0.672,0.309,0.067,0.153,0.13,1.158,1.158,0.7,0.8,5.902,0.743,0.15,2.087,1.348,0.739,1.905,1.194,1.331,8.6,5.562,1.914,0.075,0,0,0,16.7,17.4,18.1,18.1,18.9,17.7,16.7,18.2,17.7,16.7,18.9,18.1,17.4,20,17,18.9,16.7,18.1,17.4,20,17.4,17,17,17.9,17.7,19.6,19.9,20,16.7,16.7,16.7,17.4,17,18.1,18.9,17.4,16.7,17,17.4,16.7,17.4,16.7,17.7,17.4,17.7,16.7,17.4,10401400,12013617,30367,36,False
Club I AML 1,ClubI-AML-1,Example League,2025/26,Club I,AML,2407,24,0.367,0.345,0.423,2.101,0.966,0.33,0.325,0.276,1.839,1.839,5.069,4.035,4.2,2.1,1.488,1.531,1.327,0.711,1.88,1.188,1.325,9.24,5.91,1.85,-0.03,0,0,0,18.3,19.8,20,19,17.6,17.6,16.3,16.9,17.6,16.3,20,18,15.3,20,16.9,18.3,18.3,19,17.3,18,17.3,19.4,16.9,20,17.6,17.3,20,18,20,20,18.3,17.3,16.9,20,18.3,17.3,18.3,16.9,17.3,18.3,17.3,18.3,17.6,17.3,17.6,18.3,17.3,12802188,15106582,32692,36,False
Club I AML 2,ClubI-AML-2,Example League,2025/26,Club I,AML,800,27,0.364,0.342,0.416,2.091,0.962,0.327,0.318,0.271,1.819,1.819,5.045,4.018,4.2,2.1,1.458,1.496,1.297,0.693,1.83,1.158,1.292,9.1,5.766,1.81,-0.03,0,0,0,17.8,19.3,20,18.5,17.1,17.1,15.8,16.4,17.1,15.8,20,17.5,14.8,20,16.4,17.8,17.8,18.5,16.8,17.5,16.8,18.9,16.4,20,17.1,16.8,19.6,17.5,20,20,17.8,16.8,16.4,20,17.8,16.8,17.8,16.4,16.8,17.8,16.8,17.8,17.1,16.8,17.1,17.8,16.8,9628088,11361144,29677,12,False
Club I AMC 1,ClubI-AMC-1,Example League,2025/26,Club I,AMC,2424,25,0.366,0.344,0.42,2.097,0.965,0.329,0.322,0.274,1.83,1.83,5.059,4.028,4.2,2.1,1.47,1.517,1.315,0.704,1.855,1.17,1.305,9.184,5.852,1.834,-0.03,0,0,0,18.1,19.5,20,18.8,17.4,17.4,16.1,16.7,17.4,16.1,20,17.8,15.1,20,16.7,18.1,18.1,18.8,17,17.8,17,19.2,16.7,20,17.4,17,19.9,17.8,20,20,18.1,17,16.7,20,18.1,17,18.1,16.7,17,18.1,17,18.1,17.4,17,17.4,18.1,17,11980000,12938400,31998,12,False
Club I AMC 2,ClubI-AMC-2,Example League,2025/26,Club I,AMC,811,28,0.361,0.339,0.411,2.082,0.958,0.325,0.314,0.267,1.805,1.805,5.025,4.004,4.2,2.086,1.446,1.482,1.285,0.686,1.81,1.146,1.279,9.044,5.709,1.794,-0.023,0,0,0,17.6,19.1,19.8,18.3,16.9,16.9,15.6,16.2,16.9,15.6,20,17.3,14.6,19.8,16.2,17.6,17.6,18.3,16.6,17.3,16.6,18.7,16.2,20,16.9,16.6,19.4,17.3,20,20,17.6,16.6,16.2,19.8,17.6,16.6,17.6,16.2,16.6,17.6,16.6,17.6,16.9,16.6,16.9,17.6,16.6,9109150,9837882,29009,18,False
Club I AMR 1,ClubI-AMR-1,Example League,2025/26,Club I,AMR,2441,26,0.364,0.342,0.416,2.091,0.962,0.327,0.319,0.271,1.821,1.821,5.045,4.018,4.2,2.1,1.458,1.502,1.303,0.696,1.835,1.158,1.292,9.1,5.777,1.816,-0.03,0,0,0,17.9,19.3,20,18.5,17.2,17.2,15.9,16.5,17.2,15.9,20,17.5,14.8,20,16.5,17.9,17.9,18.5,16.8,17.5,16.8,19,16.5,20,17.2,16.8,19.7,17.5,20,20,17.9,16.8,16.5,20,17.9,16.8,17.9,16.5,16.8,17.9,16.8,17.9,17.2,16.8,17.2,17.9,16.8,11172188,12345268,31306,18,False
Club I AMR 2,ClubI-AMR-2,Example League,2025/26,Club I,AMR,822,29,0.355,0.334,0.403,2.065,0.95,0.32,0.308,0.262,1.785,1.785,4.986,3.976,4.188,2.065,1.428,1.467,1.273,0.678,1.785,1.128,1.26,8.96,5.634,1.776,-0.009,0,0,0,17.4,18.8,19.5,18,16.7,16.7,15.4,16,16.7,15.4,19.9,17,14.3,19.5,16,17.4,17.4,18,16.3,17,16.3,18.5,16,19.9,16.7,16.3,19.2,17,19.9,19.9,17.4,16.3,16,19.5,17.4,16.3,17.4,16,16.3,17.4,16.3,17.4,16.7,16.3,16.7,17.4,16.3,8604588,9508070,28342,24,False
Club I ST 1,ClubI-ST-1,Example League,2025/26,Club I,ST,2458,27,0.54,0.508,0.604,3.128,1.439,0.486,0.136,0.116,0.909,0.909,7.32,4.5,0.6,1.295,0.1,1.468,1.285,0.679,1.87,1.242,1.383,9.212,6.08,1.778,0.106,0,0,0,18.2,17.2,17.9,20,20,17.5,19.2,18.6,17.5,15.2,18.2,17.9,14.2,17.9,18.6,20,18.2,20,17.2,17.9,17.2,18.6,18.6,20,14.5,17.2,17.5,17.9,20,18.2,18.2,18.2,18.6,20,18.2,18.2,18.2,18.6,17.2,18.2,17.2,18.2,17.5,17.2,17.5,18.2,17.2,14960925,16905845,33497,24,False
Club I ST 2,ClubI-ST-2,Example League,2025/26,Club I,ST,833,30,0.54,0.508,0.604,3.128,1.439,0.486,0.13,0.111,0.891,0.891,7.32,4.5,0.6,1.27,0.1,1.442,1.27,0.666,1.82,1.212,1.351,9.072,5.988,1.748,0.142,0,0,0,17.7,16.7,17.4,20,20,17,18.7,18.1,17,14.7,17.7,17.4,13.7,17.4,18.1,20,17.7,20,16.7,17.4,16.7,18.1,18.1,20,14,16.7,17,17.4,20,17.7,17.7,17.7,18.1,20,17.7,17.7,17.7,18.1,16.7,17.7,16.7,17.7,17,16.7,17,17.7,16.7,11990452,13549211,30499,30,False
Club J GK 1,ClubJ-GK-1,Example League,2025/26,Club J,GK,2270,31,0,0,0.013,0,0,0,0.005,0.004,0.02,0.02,0,0,2.092,0,0,0,0,0,0,0,0,0,0,0,0,2.528,84,0.48,13.9,14.6,13.6,13.6,13.2,13.2,13.9,14.3,13.2,13.9,13.9,13.6,14.6,13.6,14.3,19.9,13.9,13.6,20,19.6,14.6,14.3,14.3,13.9,13.2,14.6,13.2,13.6,13.9,13.9,13.9,14.6,14.3,13.6,13.9,14.6,19.9,20,20,16.9,20,19.9,19.2,20,19.2,16.9,20,8421226,9937047,30327,36,False
Club J GK 2,ClubJ-GK-2,Example League,2025/26,Club J,GK,706,22,0,0,0.009,0,0,0,0.005,0.004,0.02,0.02,0,0,2.052,0,0,0,0,0,0,0,0,0,0,0,0,2.583,84,0.468,13.4,14.1,13.1,13.1,12.7,12.7,13.4,13.8,12.7,13.4,13.4,13.1,14.1,13.1,13.8,19.4,13.4,13.1,20,19.1,14.1,13.8,13.8,13.4,12.7,14.1,12.7,13.1,13.4,13.4,13.4,14.1,13.8,13.1,13.4,14.1,19.4,19.8,20,16.4,20,19.4,18.7,20,18.7,16.4,20,7558832,8919422,27505,12,False
Club J DC 1,ClubJ-DC-1,Example League,2025/26,Club J,DC,2287,20,0.033,0.031,0.059,0.3,0.125,0.03,0.046,0.039,0.15,0.15,0.25,0.2,3.48,0.05,0.03,2.22,2.029,1.505,3.35,2.39,2.435,7.676,5.066,2.066,0.26,0,0,0,17,16,13.7,13.7,16.3,16.3,20,17.4,16.3,20,18,16.7,19,16.7,17.4,20,20,16.7,19,17.7,16,14.4,17.4,17,19.3,16,16.3,16.7,17,17,17,19,17.4,17.7,17,19,17,17.4,16,17,16,17,16.3,16,16.3,17,16,11413600,12326688,29951,12,False
Club J DC 2,ClubJ-DC-2,Example League,2025/26,Club J,DC,717,23,0.032,0.03,0.054,0.3,0.124,0.029,0.045,0.038,0.15,0.15,0.25,0.2,3.425,0.05,0.03,2.185,1.999,1.488,3.3,2.36,2.403,7.536,4.929,2.026,0.296,0,0,0,16.5,15.5,13.2,13.2,15.8,15.8,19.5,16.9,15.8,19.5,17.5,16.2,18.5,16.2,16.9,19.5,19.5,16.2,18.5,17.2,15.5,13.9,16.9,16.5,18.8,15.5,15.8,16.2,16.5,16.5,16.5,18.5,16.9,17.2,16.5,18.5,16.5,16.9,15.5,16.5,15.5,16.5,15.8,15.5,15.8,16.5,15.5,8505150,9185562,26959,18,False
Club J DL 1,ClubJ-DL-1,Example League,2025/26,Club J,DL,2304,21,0.015,0.014,0.058,0.35,0.159,0.014,0.146,0.124,0.937,0.937,0.6,1.1,4.805,1.086,2.012,1.654,1.387,0.772,1.92,1.152,1.285,8.488,5.47,1.99,0.072,0,0,0,17.7,18.9,18.4,17.4,17,17,17.7,18.1,17,17.7,18.7,17.4,18.9,17.4,18.1,18.7,17.7,17.4,16.7,17.4,16.7,18.1,18.1,17.7,19.2,16.7,17,19.6,19.9,17.7,17.7,16.7,18.1,19.6,19.9,16.7,17.7,18.1,16.7,17.7,16.7,17.7,17,16.7,17,17.7,16.7,12825287,14171942,31944,18,False
Club J DL 2,ClubJ-DL-2,Example League,2025/26,Club J,DL,728,24,0.015,0.014,0.054,0.35,0.157,0.014,0.14,0.119,0.919,0.919,0.6,1.1,4.73,1.066,1.972,1.619,1.357,0.754,1.87,1.122,1.253,8.348,5.329,1.95,0.106,0,0,0,17.2,18.4,17.9,16.9,16.5,16.5,17.2,17.6,16.5,17.2,18.2,16.9,18.4,16.9,17.6,18.2,17.2,16.9,16.2,16.9,16.2,17.6,17.6,17.2,18.7,16.2,16.5,19.1,19.4,17.2,17.2,16.2,17.6,19.1,19.4,16.2,17.2,17.6,16.2,17.2,16.2,17.2,16.5,16.2,16.5,17.2,16.2,9727087,10748431,28936,24,False
Club J DR 1,ClubJ-DR-1,Example League,2025/26,Club J,DR,2321,22,0.015,0.014,0.056,0.35,0.158,0.014,0.143,0.121,0.928,0.928,0.6,1.1,4.775,1.074,1.988,1.638,1.375,0.764,1.895,1.134,1.266,8.404,5.395,1.972,0.089,0,0,0,17.5,18.6,18.1,17.1,16.8,16.8,17.5,17.8,16.8,17.5,18.5,17.1,18.6,17.1,17.8,18.5,17.5,17.1,16.4,17.1,16.4,17.8,17.8,17.5,19,16.4,16.8,19.3,19.7,17.5,17.5,16.4,17.8,19.3,19.7,16.4,17.5,17.8,16.4,17.5,16.4,17.5,16.8,16.4,16.8,17.5,16.4,12020350,13582996,31252,24,False
Club J DR 2,ClubJ-DR-2,Example League,2025/26,Club J,DR,739,25,0.015,0.014,0.052,0.35,0.156,0.014,0.137,0.116,0.91,0.91,0.6,1.1,4.7,1.054,1.948,1.603,1.345,0.747,1.845,1.104,1.234,8.264,5.256,1.932,0.124,0,0,0,17,18.1,17.6,16.6,16.3,16.3,17,17.3,16.3,17,18,16.6,18.1,16.6,17.3,18,17,16.6,15.9,16.6,15.9,17.3,17.3,17,18.5,15.9,16.3,18.8,19.2,17,17,15.9,17.3,18.8,19.2,15.9,17,17.3,15.9,17,15.9,17,16.3,15.9,16.3,17,15.9,8985400,10153502,28249,30,False
Club J DM 1,ClubJ-DM-1,Example League,2025/26,Club J,DM,2338,23,0.069,0.064,0.108,0.656,0.294,0.062,0.15,0.127,1.149,1.149,0.7,0.8,6.01,0.707,0.15,2.184,1.399,0.787,1.985,1.122,1.253,8.348,5.46,2.024,0.096,0,0,0,17.3,16.2,16.9,16.9,16.6,16.6,17.3,17.6,16.6,19.5,19.5,16.9,18.4,19.1,17.6,19.5,17.3,16.9,18.4,19.1,16.2,17.6,17.6,17.3,18.8,18.4,18.8,19.1,17.3,17.3,17.3,16.2,17.6,16.9,19.5,18.4,17.3,17.6,16.2,17.3,16.2,17.3,16.6,16.2,16.6,17.3,16.2,11229787,12970404,30561,30,False
Club J DM 2,ClubJ-DM-2,Example League,2025/26,Club J,DM,750,26,0.066,0.062,0.101,0.647,0.287,0.059,0.144,0.122,1.131,1.131,0.7,0.8,5.92,0.692,0.15,2.149,1.369,0.769,1.935,1.092,1.221,8.208,5.319,1.984,0.131,0,0,0,16.8,15.7,16.4,16.4,16.1,16.1,16.8,17.1,16.1,19,19,16.4,17.9,18.6,17.1,19,16.8,16.4,17.9,18.6,15.7,17.1,17.1,16.8,18.3,17.9,18.3,18.6,16.8,16.8,16.8,15.7,17.1,16.4,19,17.9,16.8,17.1,15.7,16.8,15.7,16.8,16.1,15.7,16.1,16.8,15.7,8258088,9538092,27563,36,False
Club J MC 1,ClubJ-MC-1,Example League,2025/26,Club J,MC,2355,24,0.07,0.066,0.113,0.659,0.299,0.063,0.144,0.123,1.133,1.133,0.7,0.8,5.776,0.722,0.15,2.038,1.306,0.714,1.835,1.152,1.285,8.488,5.419,1.858,0.124,0,0,0,16,16.7,17.4,17.4,18.2,17,16,17.5,17,16,18.2,17.4,16.7,19.6,16.3,18.2,16,17.4,16.7,19.6,16.7,16.3,16.3,17.2,17,18.9,19.2,19.6,16,16,16,16.7,16.3,17.4,18.2,16.7,16,16.3,16.7,16,16.7,16,17,16.7,17,16,16.7,10453600,12335248,29871,36,False
Club J MC 2,ClubJ-MC-2,Example League,2025/26,Club J,MC,761,27,0.067,0.063,0.106,0.65,0.292,0.06,0.138,0.118,1.115,1.115,0.7,0.8,5.686,0.707,0.15,2.003,1.276,0.697,1.785,1.122,1.253,8.348,5.279,1.818,0.159,0,0,0,15.5,16.2,16.9,16.9,17.7,16.5,15.5,17,16.5,15.5,17.7,16.9,16.2,19.1,15.8,17.7,15.5,16.9,16.2,19.1,16.2,15.8,15.8,16.7,16.5,18.4,18.7,19.1,15.5,15.5,15.5,16.2,15.8,16.9,17.7,16.2,15.5,15.8,16.2,15.5,16.2,15.5,16.5,16.2,16.5,15.5,16.2,7545150,8903277,26879,12,False
Club J AML 1,ClubJ-AML-1,Example League,2025/26,Club J,AML,2372,25,0.365,0.343,0.419,2.095,0.964,0.328,0.322,0.274,1.83,1.83,5.054,4.025,4.2,2.1,1.47,1.515,1.315,0.703,1.855,1.17,1.305,9.156,5.834,1.832,-0.03,0,0,0,18.1,19.5,20,18.7,17.4,17.4,16.1,16.7,17.4,16.1,20,17.7,15,20,16.7,18.1,18.1,18.7,17,17.7,17,19.2,16.7,20,17.4,17,19.9,17.7,20,20,18.1,17,16.7,20,18.1,17,18.1,16.7,17,18.1,17,18.1,17.4,17,17.4,18.1,17,11865287,12814510,31864,12,False
Club J AML 2,ClubJ-AML-2,Example League,2025/26,Club J,AML,772,28,0.359,0.338,0.409,2.078,0.956,0.323,0.313,0.266,1.801,1.801,5.015,3.997,4.2,2.079,1.44,1.481,1.285,0.685,1.805,1.14,1.273,9.016,5.691,1.792,-0.02,0,0,0,17.6,19,19.7,18.2,16.9,16.9,15.6,16.2,16.9,15.6,20,17.2,14.5,19.7,16.2,17.6,17.6,18.2,16.5,17.2,16.5,18.7,16.2,20,16.9,16.5,19.4,17.2,20,20,17.6,16.5,16.2,19.7,17.6,16.5,17.6,16.2,16.5,17.6,16.5,17.6,16.9,16.5,16.9,17.6,16.5,9007087,9727654,28876,18,False
Club J AMC 1,ClubJ-AMC-1,Example League,2025/26,Club J,AMC,2389,26,0.364,0.342,0.416,2.091,0.962,0.327,0.318,0.271,1.819,1.819,5.045,4.018,4.2,2.1,1.458,1.496,1.297,0.693,1.83,1.158,1.292,9.1,5.766,1.81,-0.03,0,0,0,17.8,19.3,20,18.5,17.1,17.1,15.8,16.4,17.1,15.8,20,17.5,14.8,20,16.4,17.8,17.8,18.5,16.8,17.5,16.8,18.9,16.4,20,17.1,16.8,19.6,17.5,20,20,17.8,16.8,16.4,20,17.8,16.8,17.8,16.4,16.8,17.8,16.8,17.8,17.1,16.8,17.1,17.8,16.8,11060350,12221687,31172,18,False
Club J AMC 2,ClubJ-AMC-2,Example League,2025/26,Club J,AMC,783,29,0.354,0.332,0.402,2.061,0.948,0.318,0.306,0.26,1.78,1.78,4.976,3.968,4.176,2.065,1.428,1.461,1.267,0.676,1.78,1.128,1.26,8.96,5.623,1.77,-0.006,0,0,0,17.3,18.8,19.5,18,16.6,16.6,15.3,15.9,16.6,15.3,19.8,17,14.3,19.5,15.9,17.3,17.3,18,16.3,17,16.3,18.4,15.9,19.8,16.6,16.3,19.1,17,19.8,19.8,17.3,16.3,15.9,19.5,17.3,16.3,17.3,15.9,16.3,17.3,16.3,17.3,16.6,16.3,16.6,17.3,16.3,8505400,9398467,28209,24,False
Club J AMR 1,ClubJ-AMR-1,Example League,2025/26,Club J,AMR,2406,27,0.361,0.339,0.411,2.082,0.958,0.325,0.314,0.267,1.805,1.805,5.025,4.004,4.2,2.086,1.446,1.482,1.285,0.686,1.81,1.146,1.279,9.044,5.709,1.794,-0.023,0,0,0,17.6,19.1,19.8,18.3,16.9,16.9,15.6,16.2,16.9,15.6,20,17.3,14.6,19.8,16.2,17.6,17.6,18.3,16.6,17.3,16.6,18.7,16.2,20,16.9,16.6,19.4,17.3,20,20,17.6,16.6,16.2,19.8,17.6,16.6,17.6,16.2,16.6,17.6,16.6,17.6,16.9,16.6,16.9,17.6,16.6,10269787,11604859,30481,24,False
Club J AMR 2,ClubJ-AMR-2,Example League,2025/26,Club J,AMR,794,30,0.348,0.327,0.395,2.044,0.936,0.313,0.301,0.256,1.763,1.763,4.937,3.941,4.152,2.051,1.416,1.447,1.255,0.669,1.76,1.116,1.247,8.904,5.567,1.754,0.008,0,0,0,17.1,18.6,19.3,17.8,16.4,16.4,15.1,15.7,16.4,15.1,19.6,16.8,14.1,19.3,15.7,17.1,17.1,17.8,16.1,16.8,16.1,18.2,15.7,19.6,16.4,16.1,18.9,16.8,19.6,19.6,17.1,16.1,15.7,19.3,17.1,16.1,17.1,15.7,16.1,17.1,16.1,17.1,16.4,16.1,16.4,17.1,16.1,8018088,9060439,27543,30,False
Club J ST 1,ClubJ-ST-1,Example League,2025/26,Club J,ST,2423,28,0.536,0.504,0.598,3.116,1.434,0.483,0.122,0.104,0.865,0.865,7.291,4.482,0.6,1.235,0.1,1.405,1.249,0.648,1.75,1.17,1.305,8.876,5.858,1.706,0.19,0,0,0,17,16,16.7,19.7,19.3,16.3,18,17.4,16.3,14,17,16.7,13,16.7,17.4,20,17,19.7,16,16.7,16,17.4,17.4,20,13.3,16,16.3,16.7,20,17,17,17,17.4,19.7,17,17,17,17.4,16,17,16,17,16.3,16,16.3,17,16,11485648,13265923,29957,30,False
Club J ST 2,ClubJ-ST-2,Example League,2025/26,Club J,ST,805,31,0.518,0.487,0.576,3.059,1.407,0.467,0.116,0.098,0.847,0.847,7.147,4.392,0.6,1.21,0.1,1.37,1.219,0.63,1.7,1.14,1.273,8.736,5.713,1.666,0.225,0,0,0,16.5,15.5,16.2,19.2,18.8,15.8,17.5,16.9,15.8,13.5,16.5,16.2,12.5,16.2,16.9,19.5,16.5,19.2,15.5,16.2,15.5,16.9,16.9,19.5,12.8,15.5,15.8,16.2,19.5,16.5,16.5,16.5,16.9,19.2,16.5,16.5,16.5,16.9,15.5,16.5,15.5,16.5,15.8,15.5,15.8,16.5,15.5,8903277,10283285,26992,36,False
Club K GK 1,ClubK-GK-1,Example League,2025/26,Club K,GK,2235,20,0,0,0.01,0,0,0,0.005,0.004,0.02,0.02,0,0,2.068,0,0,0,0,0,0,0,0,0,0,0,0,2.543,84,0.473,13.6,14.3,13.3,13.3,12.9,12.9,13.6,14,12.9,13.6,13.6,13.3,14.3,13.3,14,19.6,13.6,13.3,20,19.3,14.3,14,14,13.6,12.9,14.3,12.9,13.3,13.6,13.6,13.6,14.3,14,13.3,13.6,14.3,19.6,20,20,16.6,20,19.6,18.9,20,18.9,16.6,20,9272632,10014443,29648,12,False
Club K GK 2,ClubK-GK-2,Example League,2025/26,Club K,GK,678,23,0,0,0.006,0,0,0,0.005,0.004,0.02,0.02,0,0,2.028,0,0,0,0,0,0,0,0,0,0,0,0,2.598,83.78,0.45,13.1,13.8,12.8,12.8,12.4,12.4,13.1,13.5,12.4,13.1,13.1,12.8,13.8,12.8,13.5,19.1,13.1,12.8,19.8,18.8,13.8,13.5,13.5,13.1,12.4,13.8,12.4,12.8,13.1,13.1,13.1,13.8,13.5,12.8,13.1,13.8,19.1,19.5,19.8,16.1,19.8,19.1,18.4,19.8,18.4,16.1,19.8,6898076,7449922,26700,18,False
Club K DC 1,ClubK-DC-1,Example League,2025/26,Club K,DC,2252,21,0.032,0.03,0.056,0.3,0.124,0.029,0.046,0.039,0.15,0.15,0.25,0.2,3.458,0.05,0.03,2.205,2.017,1.497,3.325,2.372,2.415,7.592,4.992,2.048,0.278,0,0,0,16.8,15.7,13.4,13.4,16.1,16.1,19.8,17.1,16.1,19.8,17.8,16.4,18.7,16.4,17.1,19.8,19.8,16.4,18.7,17.4,15.7,14.1,17.1,16.8,19.1,15.7,16.1,16.4,16.8,16.8,16.8,18.7,17.1,17.4,16.8,18.7,16.8,17.1,15.7,16.8,15.7,16.8,16.1,15.7,16.1,16.8,15.7,10549150,11656811,29129,18,False
Club K DC 2,ClubK-DC-2,Example League,2025/26,Club K,DC,689,24,0.031,0.03,0.051,0.3,0.123,0.028,0.045,0.038,0.15,0.15,0.25,0.2,3.403,0.05,0.03,2.17,1.987,1.48,3.275,2.342,2.383,7.452,4.856,2.008,0.313,0,0,0,16.3,15.2,12.9,12.9,15.6,15.6,19.3,16.6,15.6,19.3,17.3,15.9,18.2,15.9,16.6,19.3,19.3,15.9,18.2,16.9,15.2,13.6,16.6,16.3,18.6,15.2,15.6,15.9,16.3,16.3,16.3,18.2,16.6,16.9,16.3,18.2,16.3,16.6,15.2,16.3,15.2,16.3,15.6,15.2,15.6,16.3,15.2,7716600,8526843,26143,24,False
Club K DL 1,ClubK-DL-1,Example League,2025/26,Club K,DL,2269,22,0.015,0.014,0.049,0.35,0.155,0.014,0.131,0.112,0.894,0.894,0.6,1.1,4.625,1.038,1.916,1.57,1.315,0.73,1.8,1.08,1.208,8.152,5.136,1.894,0.155,0,0,0,16.5,17.7,17.2,16.2,15.8,15.8,16.5,16.9,15.8,16.5,17.5,16.2,17.7,16.2,16.9,17.5,16.5,16.2,15.5,16.2,15.5,16.9,16.9,16.5,18,15.5,15.8,18.4,18.7,16.5,16.5,15.5,16.9,18.4,18.7,15.5,16.5,16.9,15.5,16.5,15.5,16.5,15.8,15.5,15.8,16.5,15.5,9804588,11079184,28442,24,False
Club K DL 2,ClubK-DL-2,Example League,2025/26,Club K,DL,700,25,0.015,0.014,0.045,0.35,0.153,0.014,0.125,0.106,0.876,0.876,0.6,1.1,4.55,1.018,1.876,1.535,1.285,0.712,1.75,1.05,1.175,8.012,4.999,1.854,0.19,0,0,0,16,17.2,16.7,15.7,15.3,15.3,16,16.4,15.3,16,17,15.7,17.2,15.7,16.4,17,16,15.7,15,15.7,15,16.4,16.4,16,17.5,15,15.3,17.9,18.2,16,16,15,16.4,17.9,18.2,15,16,16.4,15,16,15,16,15.3,15,15.3,16,15,7035288,7949875,25461,30,False
Club K DR 1,ClubK-DR-1,Example League,2025/26,Club K,DR,2286,23,0.015,0.014,0.054,0.35,0.157,0.014,0.14,0.119,0.919,0.919,0.6,1.1,4.73,1.066,1.972,1.619,1.357,0.754,1.87,1.122,1.253,8.348,5.329,1.95,0.106,0,0,0,17.2,18.4,17.9,16.9,16.5,16.5,17.2,17.6,16.5,17.2,18.2,16.9,18.4,16.9,17.6,18.2,17.2,16.9,16.2,16.9,16.2,17.6,17.6,17.2,18.7,16.2,16.5,19.1,19.4,17.2,17.2,16.2,17.6,19.1,19.4,16.2,17.2,17.6,16.2,17.2,16.2,17.2,16.5,16.2,16.5,17.2,16.2,11121400,12845217,30427,30,False
Club K DR 2,ClubK-DR-2,Example League,2025/26,Club K,DR,711,26,0.015,0.014,0.05,0.35,0.155,0.014,0.134,0.114,0.901,0.901,0.6,1.1,4.655,1.046,1.932,1.584,1.327,0.737,1.82,1.092,1.221,8.208,5.191,1.91,0.142,0,0,0,16.7,17.9,17.4,16.4,16,16,16.7,17.1,16,16.7,17.7,16.4,17.9,16.4,17.1,17.7,16.7,16.4,15.7,16.4,15.7,17.1,17.1,16.7,18.2,15.7,16,18.6,18.9,16.7,16.7,15.7,17.1,18.6,18.9,15.7,16.7,17.1,15.7,16.7,15.7,16.7,16,15.7,16,16.7,15.7,8162350,9427514,27430,36,False
Club K DM 1,ClubK-DM-1,Example League,2025/26,Club K,DM,2303,24,0.067,0.063,0.104,0.65,0.29,0.06,0.146,0.124,1.139,1.139,0.7,0.8,5.956,0.698,0.15,2.163,1.381,0.776,1.955,1.104,1.234,8.264,5.375,2,0.117,0,0,0,17,15.9,16.6,16.6,16.3,16.3,17,17.3,16.3,19.2,19.2,16.6,18.1,18.8,17.3,19.2,17,16.6,18.1,18.8,15.9,17.3,17.3,17,18.5,18.1,18.5,18.8,17,17,17,15.9,17.3,16.6,19.2,18.1,17,17.3,15.9,17,15.9,17,16.3,15.9,16.3,17,15.9,10348088,12210744,29737,36,False
Club K DM 2,ClubK-DM-2,Example League,2025/26,Club K,DM,722,27,0.064,0.06,0.097,0.641,0.283,0.057,0.14,0.119,1.121,1.121,0.7,0.8,5.866,0.683,0.15,2.128,1.351,0.759,1.905,1.074,1.201,8.124,5.235,1.96,0.152,0,0,0,16.5,15.4,16.1,16.1,15.8,15.8,16.5,16.8,15.8,18.7,18.7,16.1,17.6,18.3,16.8,18.7,16.5,16.1,17.6,18.3,15.4,16.8,16.8,16.5,18,17.6,18,18.3,16.5,16.5,16.5,15.4,16.8,16.1,18.7,17.6,16.5,16.8,15.4,16.5,15.4,16.5,15.8,15.4,15.8,16.5,15.4,7452288,8793700,26746,12,False
Club K MC 1,ClubK-MC-1,Example League,2025/26,Club K,MC,2320,25,0.068,0.064,0.109,0.654,0.295,0.061,0.141,0.12,1.124,1.124,0.7,0.8,5.722,0.713,0.15,2.019,1.291,0.704,1.805,1.134,1.266,8.404,5.335,1.836,0.145,0,0,0,15.7,16.4,17.1,17.1,18,16.8,15.7,17.3,16.8,15.7,17.9,17.1,16.4,19.3,16.1,17.9,15.7,17.1,16.4,19.3,16.4,16.1,16.1,16.9,16.8,18.6,19,19.3,15.7,15.7,15.7,16.4,16.1,17.1,17.9,16.4,15.7,16.1,16.4,15.7,16.4,15.7,16.8,16.4,16.8,15.7,16.4,9589150,10356282,29049,12,False
Club K MC 2,ClubK-MC-2,Example League,2025/26,Club K,MC,733,28,0.065,0.061,0.102,0.645,0.288,0.059,0.135,0.115,1.106,1.106,0.7,0.8,5.632,0.698,0.15,1.984,1.261,0.687,1.755,1.104,1.234,8.264,5.196,1.796,0.18,0,0,0,15.2,15.9,16.6,16.6,17.5,16.3,15.2,16.8,16.3,15.2,17.4,16.6,15.9,18.8,15.6,17.4,15.2,16.6,15.9,18.8,15.9,15.6,15.6,16.4,16.3,18.1,18.5,18.8,15.2,15.2,15.2,15.9,15.6,16.6,17.4,15.9,15.2,15.6,15.9,15.2,15.9,15.2,16.3,15.9,16.3,15.2,15.9,6996600,7556328,26083,18,False
Club K AML 1,ClubK-AML-1,Example League,2025/26,Club K,AML,2337,26,0.341,0.321,0.385,2.023,0.921,0.307,0.294,0.25,1.74,1.74,4.888,3.906,4.128,2.03,1.398,1.432,1.243,0.661,1.735,1.098,1.227,8.82,5.493,1.736,0.026,0,0,0,16.9,18.3,19,17.5,16.2,16.2,14.9,15.5,16.2,14.9,19.4,16.5,13.8,19,15.5,16.9,16.9,17.5,15.8,16.5,15.8,18,15.5,19.4,16.2,15.8,18.7,16.5,19.4,19.4,16.9,15.8,15.5,19,16.9,15.8,16.9,15.5,15.8,16.9,15.8,16.9,16.2,15.8,16.2,16.9,15.8,8844588,9773270,28362,18,False
Club K AML 2,ClubK-AML-2,Example League,2025/26,Club K,AML,744,29,0.327,0.307,0.367,1.981,0.892,0.294,0.28,0.238,1.695,1.695,4.79,3.836,4.068,1.995,1.368,1.397,1.213,0.643,1.685,1.068,1.195,8.68,5.354,1.696,0.061,0,0,0,16.4,17.8,18.5,17,15.7,15.7,14.4,15,15.7,14.4,18.9,16,13.3,18.5,15,16.4,16.4,17,15.3,16,15.3,17.5,15,18.9,15.7,15.3,18.2,16,18.9,18.9,16.4,15.3,15,18.5,16.4,15.3,16.4,15,15.3,16.4,15.3,16.4,15.7,15.3,15.7,16.4,15.3,6555288,7243593,25421,24,False
Club K AMC 1,ClubK-AMC-1,Example League,2025/26,Club K,AMC,2354,27,0.359,0.338,0.409,2.078,0.956,0.323,0.313,0.266,1.801,1.801,5.015,3.997,4.2,2.079,1.44,1.481,1.285,0.685,1.805,1.14,1.273,9.016,5.691,1.792,-0.02,0,0,0,17.6,19,19.7,18.2,16.9,16.9,15.6,16.2,16.9,15.6,20,17.2,14.5,19.7,16.2,17.6,17.6,18.2,16.5,17.2,16.5,18.7,16.2,20,16.9,16.5,19.4,17.2,20,20,17.6,16.5,16.2,19.7,17.6,16.5,17.6,16.2,16.5,17.6,16.5,17.6,16.9,16.5,16.9,17.6,16.5,10161400,11482382,30347,24,False
Club K AMC 2,ClubK-AMC-2,Example League,2025/26,Club K,AMC,755,30,0.347,0.326,0.392,2.04,0.932,0.312,0.299,0.254,1.758,1.758,4.927,3.934,4.152,2.044,1.41,1.446,1.255,0.668,1.755,1.11,1.24,8.876,5.549,1.752,0.012,0,0,0,17.1,18.5,19.2,17.7,16.4,16.4,15.1,15.7,16.4,15.1,19.6,16.7,14,19.2,15.7,17.1,17.1,17.7,16,16.7,16,18.2,15.7,19.6,16.4,16,18.9,16.7,19.6,19.6,17.1,16,15.7,19.2,17.1,16,17.1,15.7,16,17.1,16,17.1,16.4,16,16.4,17.1,16,7922350,8952256,27410,30,False
Club K AMR 1,ClubK-AMR-1,Example League,2025/26,Club K,AMR,2371,28,0.354,0.332,0.402,2.061,0.948,0.318,0.306,0.26,1.78,1.78,4.976,3.968,4.176,2.065,1.428,1.461,1.267,0.676,1.78,1.128,1.26,8.96,5.623,1.77,-0.006,0,0,0,17.3,18.8,19.5,18,16.6,16.6,15.3,15.9,16.6,15.3,19.8,17,14.3,19.5,15.9,17.3,17.3,18,16.3,17,16.3,18.4,15.9,19.8,16.6,16.3,19.1,17,19.8,19.8,17.3,16.3,15.9,19.5,17.3,16.3,17.3,15.9,16.3,17.3,16.3,17.3,16.6,16.3,16.6,17.3,16.3,9628088,11120442,29677,30,False
Club K AMR 2,ClubK-AMR-2,Example League,2025/26,Club K,AMR,766,31,0.34,0.319,0.384,2.019,0.919,0.306,0.292,0.249,1.736,1.736,4.878,3.899,4.116,2.03,1.398,1.426,1.237,0.658,1.73,1.098,1.227,8.82,5.483,1.73,0.029,0,0,0,16.8,18.3,19,17.5,16.1,16.1,14.8,15.4,16.1,14.8,19.3,16.5,13.8,19,15.4,16.8,16.8,17.5,15.8,16.5,15.8,17.9,15.4,19.3,16.1,15.8,18.6,16.5,19.3,19.3,16.8,15.8,15.4,19,16.8,15.8,16.8,15.4,15.8,16.8,15.8,16.8,16.1,15.8,16.1,16.8,15.8,7452288,8607393,26746,36,False
Club K ST 1,ClubK-ST-1,Example League,2025/26,Club K,ST,2388,29,0.528,0.496,0.587,3.09,1.421,0.475,0.119,0.101,0.858,0.858,7.224,4.44,0.6,1.22,0.1,1.39,1.237,0.64,1.725,1.152,1.285,8.792,5.782,1.688,0.208,0,0,0,16.8,15.7,16.4,19.4,19.1,16.1,17.8,17.1,16.1,13.8,16.8,16.4,12.7,16.4,17.1,19.8,16.8,19.4,15.7,16.4,15.7,17.1,17.1,19.8,13.1,15.7,16.1,16.4,19.8,16.8,16.8,16.7,17.1,19.4,16.8,16.7,16.8,17.1,15.7,16.8,15.7,16.8,16.1,15.7,16.1,16.8,15.7,10748797,12683580,29146,36,False
Club K ST 2,ClubK-ST-2,Example League,2025/26,Club K,ST,777,20,0.51,0.479,0.565,3.032,1.395,0.459,0.113,0.096,0.84,0.84,7.08,4.35,0.6,1.195,0.1,1.355,1.207,0.622,1.675,1.122,1.253,8.652,5.638,1.648,0.243,0,0,0,16.3,15.2,15.9,18.9,18.6,15.6,17.3,16.6,15.6,13.3,16.3,15.9,12.2,15.9,16.6,19.3,16.3,18.9,15.2,15.9,15.2,16.6,16.6,19.3,12.6,15.2,15.6,15.9,19.3,16.3,16.3,16.2,16.6,18.9,16.3,16.2,16.3,16.6,15.2,16.3,15.2,16.3,15.6,15.2,15.6,16.3,15.2,10238388,12081298,26353,12,False
Club L GK 1,ClubL-GK-1,Example League,2025/26,Club L,GK,2200,21,0,0,0.008,0,0,0,0.005,0.004,0.02,0.02,0,0,2.052,0,0,0,0,0,0,0,0,0,0,0,0,2.558,84,0.468,13.4,14.1,13,13,12.7,12.7,13.4,13.7,12.7,13.4,13.4,13,14.1,13,13.7,19.4,13.4,13,20,19,14.1,13.7,13.7,13.4,12.7,14.1,12.7,13,13.4,13.4,13.4,14.1,13.7,13,13.4,14.1,19.4,19.7,20,16.4,20,19.4,18.7,20,18.7,16.4,20,8566612,9466106,28839,18,False
Club L GK 2,ClubL-GK-2,Example League,2025/26,Club L,GK,650,24,0,0,0.004,0,0,0,0.005,0.004,0.02,0.02,0,0,2.012,0,0,0,0,0,0,0,0,0,0,0,0,2.613,83.56,0.435,12.9,13.6,12.5,12.5,12.2,12.2,12.9,13.2,12.2,12.9,12.9,12.5,13.6,12.5,13.2,18.9,12.9,12.5,19.6,18.5,13.6,13.2,13.2,12.9,12.2,13.6,12.2,12.5,12.9,12.9,12.9,13.6,13.2,12.5,12.9,13.6,18.9,19.2,19.6,15.9,19.6,18.9,18.2,19.6,18.2,15.9,19.6,6254294,6910995,25896,24,False
Club L DC 1,ClubL-DC-1,Example League,2025/26,Club L,DC,2217,22,0.032,0.03,0.053,0.3,0.123,0.029,0.045,0.038,0.15,0.15,0.25,0.2,3.425,0.05,0.03,2.184,1.999,1.487,3.295,2.354,2.396,7.508,4.91,2.024,0.299,0,0,0,16.5,15.4,13.1,13.1,15.8,15.8,19.5,16.8,15.8,19.5,17.5,16.1,18.4,16.1,16.8,19.5,19.5,16.1,18.4,17.1,15.4,13.8,16.8,16.5,18.8,15.4,15.8,16.1,16.5,16.5,16.5,18.4,16.8,17.1,16.5,18.4,16.5,16.8,15.4,16.5,15.4,16.5,15.8,15.4,15.8,16.5,15.4,9705400,10967102,28309,24,False
Club L DC 2,ClubL-DC-2,Example League,2025/26,Club L,DC,661,25,0.031,0.029,0.049,0.3,0.122,0.028,0.044,0.037,0.15,0.15,0.25,0.2,3.37,0.05,0.03,2.15,1.969,1.47,3.25,2.33,2.37,7.396,4.793,1.986,0.33,0,0,0,16,15,12.7,12.7,15.3,15.3,19,16.4,15.3,19,17,15.7,18,15.7,16.4,19,19,15.7,18,16.7,15,13.4,16.4,16,18.3,15,15.3,15.7,16,16,16,18,16.4,16.7,16,18,16,16.4,15,16,15,16,15.3,15,15.3,16,15,6948750,7852088,25329,30,False
Club L DL 1,ClubL-DL-1,Example League,2025/26,Club L,DL,2234,23,0.015,0.014,0.046,0.35,0.154,0.014,0.128,0.109,0.885,0.885,0.6,1.1,4.595,1.026,1.892,1.554,1.303,0.722,1.775,1.062,1.188,8.068,5.063,1.876,0.173,0,0,0,16.3,17.4,16.9,15.9,15.6,15.6,16.3,16.6,15.6,16.3,17.3,15.9,17.4,15.9,16.6,17.3,16.3,15.9,15.2,15.9,15.2,16.6,16.6,16.3,17.8,15.2,15.6,18.1,18.5,16.3,16.3,15.2,16.6,18.1,18.5,15.2,16.3,16.6,15.2,16.3,15.2,16.3,15.6,15.2,15.6,16.3,15.2,8978088,10369692,27623,30,False
Club L DL 2,ClubL-DL-2,Example League,2025/26,Club L,DL,672,26,0.015,0.014,0.042,0.35,0.152,0.014,0.122,0.104,0.867,0.867,0.6,1.1,4.52,1.006,1.852,1.519,1.273,0.705,1.725,1.032,1.156,7.928,4.928,1.836,0.208,0,0,0,15.8,16.9,16.4,15.4,15.1,15.1,15.8,16.1,15.1,15.8,16.8,15.4,16.9,15.4,16.1,16.8,15.8,15.4,14.7,15.4,14.7,16.1,16.1,15.8,17.3,14.7,15.1,17.6,18,15.8,15.8,14.7,16.1,17.6,18,14.7,15.8,16.1,14.7,15.8,14.7,15.8,15.1,14.7,15.1,15.8,14.7,6284688,7258815,24649,36,False
Club L DR 1,ClubL-DR-1,Example League,2025/26,Club L,DR,2251,24,0.015,0.014,0.045,0.35,0.153,0.014,0.125,0.106,0.876,0.876,0.6,1.1,4.55,1.018,1.876,1.535,1.285,0.712,1.75,1.05,1.175,8.012,4.999,1.854,0.19,0,0,0,16,17.2,16.7,15.7,15.3,15.3,16,16.4,15.3,16,17,15.7,17.2,15.7,16.4,17,16,15.7,15,15.7,15,16.4,16.4,16,17.5,15,15.3,17.9,18.2,16,16,15,16.4,17.9,18.2,15,16,16.4,15,16,15,16,15.3,15,15.3,16,15,8265150,9752877,26939,36,False
Club L DR 2,ClubL-DR-2,Example League,2025/26,Club L,DR,683,27,0.015,0.014,0.041,0.35,0.151,0.014,0.12,0.102,0.859,0.859,0.6,1.1,4.49,0.998,1.836,1.505,1.261,0.698,1.705,1.02,1.143,7.872,4.874,1.82,0.222,0,0,0,15.6,16.7,16.2,15.2,14.9,14.9,15.6,15.9,14.9,15.6,16.6,15.2,16.7,15.2,15.9,16.6,15.6,15.2,14.5,15.2,14.5,15.9,15.9,15.6,17.1,14.5,14.9,17.4,17.8,15.6,15.6,14.5,15.9,17.4,17.8,14.5,15.6,15.9,14.5,15.6,14.5,15.6,14.9,14.5,14.9,15.6,14.5,5635000,6649300,23970,12,False
Club L DM 1,ClubL-DM-1,Example League,2025/26,Club L,DM,2268,25,0.065,0.061,0.1,0.646,0.287,0.059,0.143,0.121,1.128,1.128,0.7,0.8,5.902,0.692,0.15,2.143,1.363,0.767,1.93,1.092,1.221,8.208,5.309,1.978,0.135,0,0,0,16.7,15.7,16.4,16.4,16,16,16.7,17.1,16,18.9,18.9,16.4,17.9,18.6,17.1,18.9,16.7,16.4,17.9,18.6,15.7,17.1,17.1,16.7,18.2,17.9,18.2,18.6,16.7,16.7,16.7,15.7,17.1,16.4,18.9,17.9,16.7,17.1,15.7,16.7,15.7,16.7,16,15.7,16,16.7,15.7,9487087,10246054,28916,12,False
Club L DM 2,ClubL-DM-2,Example League,2025/26,Club L,DM,694,28,0.062,0.059,0.094,0.637,0.28,0.056,0.137,0.116,1.11,1.11,0.7,0.8,5.812,0.677,0.15,2.108,1.333,0.749,1.88,1.062,1.188,8.068,5.17,1.938,0.169,0,0,0,16.2,15.2,15.9,15.9,15.5,15.5,16.2,16.6,15.5,18.4,18.4,15.9,17.4,18.1,16.6,18.4,16.2,15.9,17.4,18.1,15.2,16.6,16.6,16.2,17.7,17.4,17.7,18.1,16.2,16.2,16.2,15.2,16.6,15.9,18.4,17.4,16.2,16.6,15.2,16.2,15.2,16.2,15.5,15.2,15.5,16.2,15.2,6907188,7459763,25951,18,False
Club L MC 1,ClubL-MC-1,Example League,2025/26,Club L,MC,2285,26,0.066,0.062,0.105,0.649,0.291,0.06,0.138,0.117,1.113,1.113,0.7,0.8,5.668,0.704,0.15,1.998,1.273,0.694,1.775,1.116,1.247,8.32,5.252,1.812,0.166,0,0,0,15.4,16.1,16.8,16.8,17.7,16.5,15.4,17,16.5,15.4,17.6,16.8,16.1,19,15.8,17.6,15.4,16.8,16.1,19,16.1,15.8,15.8,16.6,16.5,18.3,18.7,19,15.4,15.4,15.4,16.1,15.8,16.8,17.6,16.1,15.4,15.8,16.1,15.4,16.1,15.4,16.5,16.1,16.5,15.4,16.1,8745400,9663667,28229,18,False
Club L MC 2,ClubL-MC-2,Example League,2025/26,Club L,MC,705,29,0.064,0.06,0.099,0.641,0.285,0.057,0.132,0.113,1.097,1.097,0.7,0.8,5.596,0.692,0.15,1.968,1.246,0.679,1.735,1.092,1.221,8.208,5.141,1.778,0.194,0,0,0,15,15.7,16.4,16.4,17.2,16,15,16.5,16,15,17.2,16.4,15.7,18.6,15.3,17.2,15,16.4,15.7,18.6,15.7,15.3,15.3,16.2,16,17.9,18.2,18.6,15,15,15,15.7,15.3,16.4,17.2,15.7,15,15.3,15.7,15,15.7,15,16,15.7,16,15,15.7,6468750,7147969,25289,24,False
Club L AML 1,ClubL-AML-1,Example League,2025/26,Club L,AML,2302,27,0.334,0.314,0.377,2.002,0.907,0.301,0.287,0.244,1.718,1.718,4.839,3.871,4.092,2.016,1.386,1.412,1.225,0.651,1.71,1.086,1.214,8.764,5.427,1.714,0.043,0,0,0,16.6,18.1,18.8,17.3,15.9,15.9,14.6,15.2,15.9,14.6,19.1,16.3,13.6,18.8,15.2,16.6,16.6,17.3,15.6,16.3,15.6,17.7,15.2,19.1,15.9,15.6,18.4,16.3,19.1,19.1,16.6,15.6,15.2,18.8,16.6,15.6,16.6,15.2,15.6,16.6,15.6,16.6,15.9,15.6,15.9,16.6,15.6,8018088,9060439,27543,24,False
Club L AML 2,ClubL-AML-2,Example League,2025/26,Club L,AML,716,30,0.32,0.301,0.359,1.96,0.878,0.288,0.273,0.232,1.673,1.673,4.741,3.801,4.032,1.981,1.356,1.377,1.195,0.634,1.66,1.056,1.182,8.624,5.288,1.674,0.078,0,0,0,16.1,17.6,18.3,16.8,15.4,15.4,14.1,14.7,15.4,14.1,18.6,15.8,13.1,18.3,14.7,16.1,16.1,16.8,15.1,15.8,15.1,17.2,14.7,18.6,15.4,15.1,17.9,15.8,18.6,18.6,16.1,15.1,14.7,18.3,16.1,15.1,16.1,14.7,15.1,16.1,15.1,16.1,15.4,15.1,15.4,16.1,15.1,6044688,6830497,24629,30,False
Club L AMC 1,ClubL-AMC-1,Example League,2025/26,Club L,AMC,2319,28,0.327,0.307,0.367,1.981,0.892,0.294,0.28,0.238,1.695,1.695,4.79,3.836,4.068,1.995,1.368,1.397,1.213,0.643,1.685,1.068,1.195,8.68,5.354,1.696,0.061,0,0,0,16.4,17.8,18.5,17,15.7,15.7,14.4,15,15.7,14.4,18.9,16,13.3,18.5,15,16.4,16.4,17,15.3,16,15.3,17.5,15,18.9,15.7,15.3,18.2,16,18.9,18.9,16.4,15.3,15,18.5,16.4,15.3,16.4,15,15.3,16.4,15.3,16.4,15.7,15.3,15.7,16.4,15.3,7545150,8714648,26879,30,False
Club L AMC 2,ClubL-AMC-2,Example League,2025/26,Club L,AMC,727,31,0.315,0.296,0.351,1.944,0.867,0.283,0.267,0.227,1.655,1.655,4.702,3.773,4.008,1.967,1.344,1.363,1.183,0.627,1.64,1.044,1.169,8.568,5.233,1.658,0.092,0,0,0,15.9,17.4,18.1,16.6,15.2,15.2,13.9,14.5,15.2,13.9,18.4,15.6,12.9,18.1,14.5,15.9,15.9,16.6,14.9,15.6,14.9,17,14.5,18.4,15.2,14.9,17.7,15.6,18.4,18.4,15.9,14.9,14.5,18.1,15.9,14.9,15.9,14.5,14.9,15.9,14.9,15.9,15.2,14.9,15.2,15.9,14.9,5635000,6508425,23970,36,False
Club L AMR 1,ClubL-AMR-1,Example League,2025/26,Club L,AMR,2336,29,0.347,0.326,0.392,2.04,0.932,0.312,0.299,0.254,1.758,1.758,4.927,3.934,4.152,2.044,1.41,1.446,1.255,0.668,1.755,1.11,1.24,8.876,5.549,1.752,0.012,0,0,0,17.1,18.5,19.2,17.7,16.4,16.4,15.1,15.7,16.4,15.1,19.6,16.7,14,19.2,15.7,17.1,17.1,17.7,16,16.7,16,18.2,15.7,19.6,16.4,16,18.9,16.7,19.6,19.6,17.1,16,15.7,19.2,17.1,16,17.1,15.7,16,17.1,16,17.1,16.4,16,16.4,17.1,16,9007087,10628363,28876,36,False
Club L AMR 2,ClubL-AMR-2,Example League,2025/26,Club L,AMR,738,20,0.333,0.313,0.374,1.998,0.903,0.299,0.285,0.243,1.713,1.713,4.829,3.864,4.092,2.009,1.38,1.411,1.225,0.65,1.705,1.08,1.208,8.736,5.409,1.712,0.047,0,0,0,16.6,18,18.7,17.2,15.9,15.9,14.6,15.2,15.9,14.6,19.1,16.2,13.5,18.7,15.2,16.6,16.6,17.2,15.5,16.2,15.5,17.7,15.2,19.1,15.9,15.5,18.4,16.2,19.1,19.1,16.6,15.5,15.2,18.7,16.6,15.5,16.6,15.2,15.5,16.6,15.5,16.6,15.9,15.5,15.9,16.6,15.5,8587188,10132882,26091,12,False
Club L ST 1,ClubL-ST-1,Example League,2025/26,Club L,ST,2353,30,0.517,0.486,0.574,3.055,1.405,0.465,0.116,0.098,0.847,0.847,7.138,4.386,0.6,1.205,0.1,1.369,1.219,0.629,1.695,1.134,1.266,8.708,5.695,1.664,0.229,0,0,0,16.5,15.4,16.1,19.1,18.8,15.8,17.5,16.8,15.8,13.5,16.5,16.1,12.4,16.1,16.8,19.5,16.5,19.1,15.4,16.1,15.4,16.8,16.8,19.5,12.8,15.4,15.8,16.1,19.5,16.5,16.5,16.4,16.8,19.1,16.5,16.4,16.5,16.8,15.4,16.5,15.4,16.5,15.8,15.4,15.8,16.5,15.4,10036372,10839282,28336,12,False
Club L ST 2,ClubL-ST-2,Example League,2025/26,Club L,ST,749,21,0.5,0.47,0.554,3.001,1.381,0.45,0.11,0.093,0.829,0.829,7.003,4.302,0.6,1.185,0.1,1.335,1.189,0.613,1.65,1.11,1.24,8.596,5.57,1.626,0.26,0,0,0,16,15,15.7,18.7,18.3,15.3,17,16.4,15.3,13,16,15.7,12,15.7,16.4,19,16,18.7,15,15.7,15,16.4,16.4,19,12.3,15,15.3,15.7,19,16,16,16,16.4,18.7,16,16,16,16.4,15,16,15,16,15.3,15,15.3,16,15,9332325,10078911,25528,18,False
